Company name,Website,Company type,Emails,Phones,Location,About
CIF,https://camutest.com/,Oposiciones,master@camutest.com,+34 692 91 17 02,"Granada, Andalucía","Academia de Policía Local en Granada (CIF): preparación presencial en nuestro centro y online 24/7. Temario, +43.000 test, supuestos con IA y psicotécnicos. Prueba gratis 15 min sin tarjeta."
Academia Oposiciones Policía Local Granada,https://academia-granada.es/,Oposiciones,info@academiapuertareal.es,958 26 11 59; 615 83 43 65,"Granada, Andalucía",Presencial en Granada y Online desde cualquier parte de España.
ÉLECE Idiomas,https://www.eleceidiomas.com/,Idiomas,info@eleceidiomas.com,+34 628 38 40 39,"Granada, Andalucía",Tu mejor opción para aprender inglés y más idiomas en Granada: Clases online o presenciales
Academia de inglés en Granada,https://academiaarabial.com/,Idiomas,info@academiaarabial.com,+34685058950,"Granada, Andalucía",¿Como academia de inglés en Granada ofrecéis cursos online?
inlingua Granada,https://www.inlinguagranada.es/,Idiomas,granada@inlingua.es,,"Granada, Andalucía",Aprende inglés en cualquier momento y lugar con nuestras clases presenciales y online.
Academia de Inglés Simona Learning,https://www.simona-learning.com/,Idiomas,info@simona-learning.com; academia@simona-learning.com,+34 958 178 144; +34 722442324; +34 655454275; +34 613083677,"Granada, Andalucía","🎓 Mejora tu inglés con Simona Learning en Granada: clases presenciales y online, preparación para exámenes Cambridge, inmersión lingüística y programas internacionales. ✈️"
Academias Granada The Academy,https://www.academiasgranada.com/,Idiomas,info@academiasgranada.com,958 03 33 97,"Granada, Andalucía","Si el curso consta de 12 horas semanales , 6 horas son presenciales o semi presenciales (puede hacerlas o en la academia o desde casa conectado en directo a clase) y 6 horas son de trabajo online en la plataforma."
CES S. RAMON Y CAJAL,https://www.cesramonycajal.com/,FP,,958279762,"Granada, Andalucía","Nuestro Centro, desde el año 2006 ha puesto en marcha un Campus Virtual basado en la tecnología de Moodle dedicado a ofrecer soporte de la Formación Profesional Online y Presencial."
Atlántida,https://atlantidaformacionprofesional.es/,FP,,900 287 767,"Granada, Andalucía",
Formación Manuel Pozo,https://formacionmanuelpozo.com/,Colegios y centros,,615 14 96 76,"Granada, Andalucía","Academia universitaria en Granada especializada en refuerzo universitario, bachillerato y acceso a la universidad. Clases online y presenciales con grabaciones y materiales."
Clases Manuela,https://clasesmanuela.com/,Colegios y centros,info@clasesmanuela.com,629490696,"Granada, Andalucía",Modalidades presencial y online adaptadas a ti.
Academia CEAPRO,https://www.ceapro.es/,Oposiciones,secretaria@ceapro.es,954 70 70 00,"Córdoba, Andalucía",Curso Online Auxiliares Administrativos Ayuntamiento de Córdoba (C2)
OPOSICIONES AYUNTAMIENTO DE CÓRDOBA,https://temariosehs.com/,Oposiciones,academiajuntadeandalucia@temariosehs.com,+34 957-838-922; 624 02 62 59,"Córdoba, Andalucía",Nuestro método se basa en un curso online en directo permitiendo una resolución de dudas en el acto y en tiempo real.
Preparación Oposiciones,https://preparacionoposiciones.online/,Oposiciones,preparador@oposicionesayuntamientos.com,675 657 472,"Córdoba, Andalucía",
Academia Multidiomas Córdoba,https://multidiomas.com/,Idiomas,cordoba@multidiomas.com,957 786 704; 640 112 577,"Córdoba, Andalucía","Sea cual sea el curso que necesites, lo podrás realizar en modalidad online desde cualquier lugar con tu dispositivo y seguir las clases en directo."
CLC idiomas,https://clcidiomas.com/,Idiomas,clientes.centro@clcidiomas.com; clientes.norena@clcidiomas.com; clientes.colegios@clcidiomas.com,+34 957 487 125; +34 957 419 857,"Córdoba, Andalucía",puedes estudiar online en un campus virtual adaptado a ti
Academia de idiomas en Córdoba,https://globalacademycordoba.com/,Idiomas,globalenglishcordoba@yahoo.es,957 823155; 665 233991,"Córdoba, Andalucía",Puedes trabajar online y cómodamente desde casa con nuestra aula virtual en la que encontrarás los materiales y recursos del día a día de tu clase.
Academia de Idiomas Erizo,https://academiadeidiomaserizo.com/,Idiomas,,+34 660 12 19 72,"Córdoba, Andalucía",¿Buscas una academia de idiomas en Córdoba? ¿Has pensado alguna vez en dar clases online? ¡Da el salto y aprende idiomas!
Academia Cruz Conde,https://academia-cordoba.es/,Colegios y centros,info@academiacruzconde.es,957 49 22 59; 679 07 34 96,"Córdoba, Andalucía",Clases de Francés online o presencial en Córdoba para DELF y DALF ⭐ Profesores nativos. Todos los niveles. Intensivos - Plazas limitadas.
Instituto CEGAM,https://institutocegam.com/,FP,secretariaonline@cegam.com; formacion@cegam.com; secretariafn@cegam.com; secretariacabra@cegam.com,957 382 127; 618 630 689; 957 74 11 96; 672 76 42 00,"Córdoba, Andalucía",Los Centros imparten formación presencial y a distancia con su propio Campus Virtual.
Instituto Salvador de Córdoba,https://www.instituto-salvadordecordoba.es/,FP,contacto@instituto-salvadordecordoba.es; nicocontacto@instituto-salvadordecordoba.es,957 07 69 12,"Córdoba, Andalucía",Estudia a distancia con campus virtual y seguimiento cercano.
Eurekademy,https://www.eurekademy.es/,Colegios y centros,,+34 694 290 627,"Córdoba, Andalucía",Clases online para ESO y Bachillerato en Córdoba
Acapola Formación,https://acapola.com/,Colegios y centros,formacion@acapola.com,+34 622 37 39 10,"Córdoba, Andalucía","Clases de apoyo y particulares en Córdoba para Primaria, ESO y Bachillerato. Más de 25 años de experiencia, presencial u online y con las clases grabadas."
Bazán Oposiciones,https://bazanoposiciones.es/,Oposiciones,info@bazanoposiciones.es,622 318 426,"Cádiz, Andalucía",Clases presenciales en Jerez de la Frontera y Campus Virtual para toda España.
Clases de Ángel,https://clasesdeangel.es/,Oposiciones,info@clasesdeangel.es,662 933 228; 662993228,"Cádiz, Andalucía",
Cursos de Alemán,https://www.clasesdealemancadiz.com/,Idiomas,contacto@clasesdealemancadiz.com,659268783,"Cádiz, Andalucía","Los grupos son de máximo 10 alumnos en modalidad online, 7 en presencial y hasta 12 si se trata de grupos híbridos."
Centro Superior de Lenguas Modernas (CSLM),https://cslm.uca.es/,Idiomas,lenguas.modernas6i4@uca.es,+34 956 015795,"Cádiz, Andalucía","Los cursos trimestrales de alemán se componen de un total de 90 horas de formación global, distribuidas en una o dos clases a la semana de dos horas de duración, impartidas online en directo."
Academia Lingua Franca,https://academialinguafranca.com/,Idiomas,info@academialinguafranca.com,+34 637 62 39 10,"Cádiz, Andalucía","Utilizamos una plataforma de teleformación propia para facilitar el aprendizaje a distancia, combinando clases en vivo, ejercicios interactivos y seguimiento personalizado."
Academia PrePara ✓,https://www.academiaprepara.com/,Colegios y centros,info@academiaprepara.com,856 660 668; 606 220 137,,
Fundación Universidad de Cádiz (FundUca),https://home.fundacionuca.es/,Idiomas,,956 07 03 70,"Cádiz, Andalucía",Acceder al Campus Virtual - Fundación Universidad de Cádiz (FundUca)
Nafor,https://nafor.net/,Oposiciones,,+34 956 224 400; 607 995 522,"Jerez, Andalucía",El curso se imparte de manera presencial y online en streaming.
Academia Live English,https://academialiveenglish.com/,Idiomas,academia.live.english@gmail.com,+34 624 298 087,"Jerez, Andalucía","Aprende inglés con un método práctico y adaptado a cada edad, con clases en formato online y presencial en Jerez de la Frontera."
Tenidiomas,https://tenidiomas.com/,Idiomas,info@tenidiomas.com,+34 956-324-707,"Jerez, Andalucía",
Escuela Superior de Idiomas Jerez,https://idiomasjerez.com/,Idiomas,info@idiomasjerez.com,956 331 387; 683 284 292,"Jerez, Andalucía",Elegir la modalidad online de la Escuela Superior de Idiomas Jerez tiene numerosas ventajas que la hacen una opción atractiva y conveniente para estudiantes de todas las edades
Instituto Europeo,https://ieuropeo.es/,Idiomas,info@ieuropeo.es; puertadelsur@ieuropeo.es,669 54 26 91; 956 04 56 08; 670 10 48 87,"Jerez, Andalucía","Conoce tu nivel de inglés con esta prueba de nivel en línea, evaluaremos tu conocimiento en diferentes aspectos del idioma como gramática y vocabulario, entre otros."
Campus Digital FP Aragón,https://campusdigitalfp.com/,FP,info@campusdigitalfp.com,876 111 235,,Descubre los cursos presenciales y online de Campus FP Digital y accede a toda su oferta formativa para estudiantes y profesionales.
Forma3Almeria,https://forma3almeria.com/,Idiomas,info@forma3almeria.com,+34 950 15 03 52,"Almería, Andalucía",Online y presencial adaptados a Empresa Learn more
"Academia de idiomas online WikiUP Almeria. Inglés, francés y alemán",https://wikiup.es/,Idiomas,almeria@wikiup.es; info@wikiup.es,697 136 835; 660 474 394; +34 957 786 704; +34 917 649 281,"Almería, Andalucía",modalidad online desde cualquier lugar con tu dispositivo
Estudia Informática a Distancia en Andalucía,https://fpadinformatica.es/,FP,04700260.distancia@g.educaand.es,671 56 70 26,"Almería, Andalucía","Mantente al día con nuestro blog, donde encontrarás artículos sobre formación profesional informática, oferta educativa, acceso único, matrícula, plataforma virtual y mucho más."
Liceo de Ciencias,https://liceodeciencias.es/,Colegios y centros,,950 27 04 33; 690 396 092,,Clases online de una hora impartidas por dos profesores licenciados .
Bomberouno / Academia de bomberos online líder en Valencia,https://bomberouno.com/,Oposiciones,hola@bomberouno.com,+34619866550,"Valencia, Comunidad Valenciana",Somos una academia de formación online diseñada para prepararte para aprobar las oposiciones a los distintos Cuerpos de Bomberos en la Comunidad Valenciana.
"KEDARO, la academia de idiomas donde no te aburrirás",https://kedaro.com/,Idiomas,info@kedaro.com,,"Huelva, Andalucía","Te preparamos en 4 semanas con nuestras clases online para adultos, 100% en inglés, 100% desde donde tú quieras."
CPIFP Los Viveros,https://cpifplosviveros.es/,FP,comunicacion@cpifplosviveros.es; comerciodistancia@cpifplosviveros.es; ayfdistancia@cpifplosviveros.es; secretariadistancia@cpifplosviveros.es,+34 955 623 862; 669 129 046; 699 835 309,,Los ciclos de Grado Superior que se imparten 100% online (a excepción de los exámenes) son:
Academia Rada,https://academiahuelva.com/,Colegios y centros,info@academiarada.com; academiarada@academiarada.com,959 251 949,"Huelva, Andalucía",Prepara tus exámenes con nuestras clases particulares online o presenciales en grupos reducidos.
Academia San Sebastián,https://academiasansebastian.es/,Colegios y centros,info@academiasansebastian.es; academiasansebastian@gmail.com,959 10 81 59; 667 365 103,"Huelva, Andalucía",
Campus Virtual,https://www.uhu.es/,Colegios y centros,ayudame@cv.uhu.es,959 21 90 31,"Huelva, Andalucía",Campus virtual para docentes (resolución de dudas sobre el uso de aulas y espacios virtuales).
Academia Cets,https://academiacets.com/,Oposiciones,academiacets@outlook.com,953 29 16 19; 607 59 42 38; 687 42 23 32,"Jaén, Andalucía","Nos caracteriza la Formación Presencial, pero para quienes no puedan venir, podrán acceder de forma Gratuita y Online a las clases."
estudiandotributario.es,https://www.estudiandotributario.es/,Oposiciones,academiacets@outlook.com,953 29 16 19; 665 90 51 22,"Jaén, Andalucía",Las clases son planificadas semanalmente y se imparten tanto Presencial como de forma Online (Directo o Diferido) con clases grabadas y disponibles para todos los alumnos a través de nuestra Aula Virtual.
Academia Inglés y Francés Jaén,https://academiabulevarjaen.es/,Idiomas,info@academiabulevarjaen.es,953 36 98 30,"Jaén, Andalucía",La teleformación en Academia Bulevar te permite aprender desde casa a través de nuestro Aula Virtual.
The English Academy Jaén,https://teajaen.com/,Idiomas,administracion@teajaen.com,+34 953 236 628,"Jaén, Andalucía",
The Globe Formación,https://www.theglobeformacion.com/,Idiomas,,858 160 700,"Jaén, Andalucía",Todos nuestras clases en directo se quedarán grabadas para que las puedas ver una y otra vez.
SomosThinking - Academia de Gamificación,https://somosthinking.es/,Idiomas,hola@somosthinking.es,650 020 720,"Jaén, Andalucía",
jaénaprendeProfesores de Academia en Jaén,https://jaenaprende.es/,Colegios y centros,info@jaenaprende.es,686064487,"Jaén, Andalucía","Academia en Jaén especializada en PAU 2026, matemáticas y refuerzo escolar. Clases presenciales y online. Grupos reducidos. ¡Infórmate!"
Academia Cesmar,https://academiacesmar.com/,Oposiciones,info@academiacesmar.com,+34 689 21 72 56; +34 952 82 80 25,"Marbella, Andalucía",M y J: 9:30 a 12:30 | L-J: 15:30 a 19:30 | Aula Virtual
Language abroad,https://languageabroad.info/,Idiomas,info@languageabroad.info,952901576; 952865620,"Marbella, Andalucía",Idioma General – Preparación Exámenes - Conversación Fines Específicos - Cursos Hechos a Medida – Idioma Para EmpresasClases Presenciales y Online¡MATRÍCULA GRATIS!
Trainlang,https://www.trainlang.com/,Idiomas,hola@hanyuchineseschool.com,+34936940081,"Marbella, Andalucía","Además, con acceso 24/7 a nuestro campus online —más de 1.000 horas de contenido propio entre lecciones grabadas, ejercicios, píldoras de gramática y recursos interactivos— puedes seguir practicando el francés cuando quieras, al ritmo que necesites."
Aematur,https://aematur.es/,FP,,952 765 066,"Marbella, Andalucía","Contamos con cursos presenciales, semipresenciales y también con formación a distancia, y online para aquellos alumnos que no puedan asisitir a nuestras clases."
XTART Formación Profesional: FP Oficial para Trabajar,https://www.xtart.com/,FP,,91 910 15 79,,Único centro de FP en España en el que puedes estudiar este ciclo en modalidad online
Academia Avenida Andalucía,https://academia-malaga.es/,Colegios y centros,info@academiaavenidaandalucia.es,952 30 35 53; 692 92 69 52,"Málaga, Andalucía","Somos una Academia de Bachillerato en Málaga, que nos adaptamos a tus necesidades, impartiendo clases de apoyo a Bachillerato online y presencialmente, para que nada limite tu acceso a la Universidad."
La Academia de Hugo,https://www.laacademiadehugo.es/,Colegios y centros,secretaria@laacademiadehugo.es,662692858; 642040141; +34 911995289,,Curso Intensivo Preparación Presencial y Online PAU26
Infomatic,https://infomatic.es/,Oposiciones,info@infomatic.es; infomatic@infomatic.es,956 65 77 88,"Algeciras, Andalucía",
El Preparador,https://elpreparador.com/,Oposiciones,contacto@elpreparador.com,606 68 17 94,"Algeciras, Andalucía","Preparador individual para la oposición a Instituciones Penitenciarias, con Alfredo Suárez, Jefe de Servicios en Botafuegos (Algeciras). Clases online."
Academia de idiomas en Algeciras CI White,https://ciwhite.es/,Idiomas,info@ciwhite.es,+34 956 631 902,"Algeciras, Andalucía",Ya tenemos en marcha nuestros nuevos cursos intensivos presenciales y On-line en los que podrás estar entre 30 y 40 horas en directo con el profesor.
CEJusticia,https://cejusticia.es/,Oposiciones,info@cejusticia.es,+34 688 98 80 99,"Málaga, Andalucía","Oposiciones de Justicia: Auxilio, Tramitación, Gestión Procesal y LAJ. Preparador LAJ en activo. Presencial en Málaga y online. Clase de prueba GRATIS."
Ruth Galván,https://www.ruthgalvan.es/,Oposiciones,academia@ruthgalvan.es; info@ruthgalvan.es,676 18 11 93,,"Clases online, plataforma de test y campus virtual.Prueba gratis y únete a miles de alumnos que ya han probado una forma diferente"
Clases en Directo desde 30 €/mes,https://www.britishacademiadeingles.com/,Idiomas,info@britishacademiadeingles.com; info@britishacademiadeingles.comhorariolunes,932 20 39 97; 618 92 77 12,"Málaga, Andalucía","Academia de inglés online en Málaga desde 30 €/mes, sin permanencia. Clases en directo con profesores nativos, grupos reducidos y preparación de Cambridge."
Clases de Inglés Online en Málaga,https://vamospanish.com/,Idiomas,,+34 951 120 697,"Málaga, Andalucía","Vamos Academy Málaga, la academia real de Calle Reding 6 en La Malagueta, también da clases de inglés en directo por videollamada."
Academia de Inglés en Málaga - London Academy,https://www.londonacademyonline.com/,Idiomas,info@londonacademyonline.com,952 62 24 24; 683 28 59 20; 952 64 24 24,"Málaga, Andalucía","Un gran equipo de profesionales nativos y titulados, pero sobre todo humano en la Academia de Inglés en Málaga y Online."
Cursos en Crown English,https://crownenglish.com/,Idiomas,info@crownenglish.com,649 550 225,"Málaga, Andalucía","Atención 100% personalizada y adaptada a tu ritmo, horarios y necesidades específicas para avanzar rápidamente de forma presencial u online."
Cartuja Oposiciones,https://cartujaoposiciones.es/,Oposiciones,,954 467 464,"Sevilla, Andalucía",
OposicionesPG,https://oposicionespg.es/,Colegios y centros,,615 061 980,"Sevilla, Andalucía","Academia de oposiciones docentes | 89% de aprobados | Infantil, Primaria, Secundaria y FP → Clases en directo, temario propio y preparadores en activo"
Ecoem Formación,https://www.ecoem.es/,Oposiciones,sevilla@ecoemformacion.es,954 652 321; 954 652 106; 655 460 324,"Sevilla, Andalucía",
CELF Sevilla,https://celfsevilla.com/,Idiomas,info@celfsevilla.com,955 232 765; 656 868 331,"Sevilla, Andalucía",Las clases online también se adaptan muy bien a la preparación.
La Casa del Francés,https://lacasadelfrances.es/,Idiomas,info@lacasadelfrances.es; info.lacasadelfrances@gmail.com,+34 722 22 97 85,"Sevilla, Andalucía","Curso de francés online en directo con profesores nativos. Del A1 al C2, preparación DELF/DALF, opción de ver en diferido y matrícula gratuita."
Institut Français,https://www.institutfrancais.es/,Idiomas,info.barcelona@institutfrancais.es; info.bilbao@institutfrancais.es; cursos.madrid@institutfrancais.es; info.zaragoza@institutfrancais.es,917 004 800; + 34 935 677 777; +34 976 227 598,"Sevilla, Andalucía",Nuestra academia de francés online es la mejor manera de formarse en el idioma de manera semipresencial u online. Visita nuestra web e infórmate ahora.
VOILÀ LE FRANÇAIS,https://voilalefrancais.com/,Idiomas,academiadefrancesvoila@gmail.com,,,"inglés, alemán y español de manera presencial y online."
Bylingual,https://www.bylingual.es/,Idiomas,hello@bylingual.es; info@bylingual.es,654017130,"Sevilla, Andalucía",Hemos trasladado nuestras aulas al entorno virtual para ofrecerte clases de francés 100% online .
Beagle Languages,https://beaglelanguages.com/,Idiomas,hello@beaglelanguages.com; nervion@beaglelanguages.com,954 09 87 00; 955 512 559; 600 900 550; 635 703 289,"Sevilla, Andalucía",INGLÉS · FRANCÉS · CERTIFICACIONES · FORMACIÓN ONLINE
BLS IdiomasAprende francés online durante todo el año,https://www.blsidiomas.es/,Idiomas,info@blsidiomas.com,954 615 469,"Sevilla, Andalucía","Además, con las clases online de francés podrás disfrutar también de actividades dinámicas y divertidas desde tu propia casa."
Pinoacademia,https://www.pinoacademia.es/,Colegios y centros,,646 15 78 02,"Sevilla, Andalucía","Ya sea en nuestras instalaciones de Sevilla o en formato online, ponemos a tu disposición:"
Centro de estudios SCIO,https://www.cescio.com/,Oposiciones,scio@cescio.com,+34 656 95 52 73,"Huesca, Aragón",Preparación de Oposiciones Online: Campus Virtual Adaptado a Tu Ritmo
Oposiciones CFH,https://oposicionescfh.es/,Oposiciones,administracion@oposicionescfh.es,974 24 44 44,"Huesca, Aragón",Acceso a clases en línea en cualquier momento para mayor flexibilidad en tu preparación.
'Academia MOliere',https://academia-moliere.com/,Idiomas,info@academia-moliere.com,+34 623 75 54 15,,"Cursos de idiomas en Castelldefels y online para niños, jóvenes y adultos. Clases de inglés, francés, alemán y otros idiomas con profesores especializados."
Academia M25,https://www.academiam25.com/,Colegios y centros,,+34 644 99 39 15,"Huesca, Aragón","Prepara online la selectividad PAU en Aragón con Academia M25. Curso flexible por materias, Campus Virtual, materiales, seguimiento e IA."
Angloxa,https://angloxa.com/,Idiomas,hello@angloxa.com,,"Teruel, Aragón","Academia de inglés online con clases en vivo, rutas por nivel, recursos, gamificación y opción de clases particulares personalizadas."
Enseñalia,https://www.ensenalia.com/,Idiomas,info@ensenalia.com,+34 91 8000 199; +34 673 96 84 37,,"Clases online con profesores nativos de inglés, francés y español."
STREAMLINE,https://streamline.es/,Idiomas,info@streamline.es; hinfo@streamline.es,976 300 009; 629 993 126,"Zaragoza, Aragón",
Centro San Valero,https://www.sanvalero.es/,FP,,976 466 599,"Zaragoza, Aragón","Centro San Valero ofrece una amplia oferta en Formación Profesional. Desde Grado Básico, Medio, Superior, Máster de la FP y en modalidad Presencial y Online."
Centro Estudios Ágora,https://www.centroestudiosagora.es/,Colegios y centros,centroestudiosagora@gmail.com,626 026 503,"Zaragoza, Aragón",
Academia Nacional,https://academianacional.com/,Oposiciones,secretaria@academianacional.com; oviedoinfo@academianacional.com; madridinfo@academianacional.com; melillainfo@academianacional.com,985 37 03 17; +34 985 23 15 59; +34 674 978 400; +34 608 948 287,"Oviedo, Principado de Asturias",Curso online de preparación de oposiciones a Policía Local en Asturias (adaptado a las Bases Generales del Principado de Asturias para Agentes de Policía).
Agorastur Formación,https://agorastur.es/,Oposiciones,,984 183 818; 665 396 469; 984 29 19 29; 984 99 24 64,"Oviedo, Principado de Asturias","Tutorías: online , en directo y presenciales."
Academia Fourier :: Policía Local,https://www.academiafourier.com/,Oposiciones,info@academiafourieronline.com,+34 984 39 31 72; 649 136 877,"Oviedo, Principado de Asturias",
Estudio Alemán IFA,https://estudioaleman.com/,Idiomas,,985 21 81 96; 635 744 028,"Oviedo, Principado de Asturias",
Golden Gate Idiomas,https://www.goldengateidiomas.es/,Idiomas,goldengateschool@gmail.com,630 222 111; 985 203 475,"Oviedo, Principado de Asturias","Somos una ACADEMIA DE INGLÉS especializada en clases online y presenciales, con más de 20 años de experiencia en la enseñanza del inglés a todos los niveles."
Ayuntamiento de Oviedo,https://www.oviedo.es/,Colegios y centros,infocsoviedo@gmail.com; actividadesoviedo@arteaula.com,625 346 237; 663 26 46 41; 667 09 61 93; 984 083800,"Oviedo, Principado de Asturias","No, tienes que realizar tu solicitud a través del procedimiento electrónico señalado a través del Aula Virtual, alojado en www.actividadesoviedo.es"
Setién y Marín,https://setienymarin.com/,Colegios y centros,info@setienymarin.com,,"Oviedo, Principado de Asturias",
Friends Club Gijón. Tu academia de inglés en Viesques,https://friendsclub-gijon.com/,Idiomas,info@friendsclub-gijon.com,985 33 11 43,"Gijón, Principado de Asturias","Descubre nuestros cursos de formación en inglés para empresas, adaptados a las necesidades y horarios de cada organización, ofreciendo un servicio personalizado y diferentes modalidades: clases online o presenciales."
Ian's School,https://ianschool.com/,Idiomas,info@ianschool.com,684 614 404,"Gijón, Principado de Asturias","No, también puedes hacer clases online con nosotros si no te encuentras en Gijón o en Asturias."
Colours' School,https://www.colours-school.com/,Idiomas,info@colours-school.com,640 14 95 73; 984 49 09 48,"Gijón, Principado de Asturias","La academia de idiomas Colours' School es una oportunidad para aprender inglés en Gijón, Asturias, mediante clases presenciales y online."
Centro de estudios Praxis,https://www.centroestudiospraxis.es/,Colegios y centros,cepraxis@hotmail.com,684 62 11 11,"Gijón, Principado de Asturias",
USIPA,https://usipa.es/,Oposiciones,,985 966 331; 985 144 761; 985 548 499,"Avilés, Principado de Asturias",
ANPE Asturias: Noticia,https://anpeasturias.es/,Idiomas,asturias@anpe.es,+34 985 271 920; +34 618 590 028; +34 985 345 733; +34 684 688 418,"Avilés, Principado de Asturias",Presencial/Online con profesor en directo o combinar ambas.
Escuela Politecnica Balear,https://www.escuelapolitecnica.es/,Oposiciones,,971 755 530; 669 967 082,"Palma, Illes Balears",CURSO ONLINE MICROSOFT WORD / EXCEL OPOSICIONES
Oposita Primaria,https://www.opositaprimaria.com/,Oposiciones,,69653295-2; 600617-885,,Prepara tus oposiciones de primaria en las Islas Baleares con docentes funcionarios. Formación online adaptada a la normativa balear. Incluye todas las especialidades y partes.
TecnosZubia,https://www.tecnoszubia.es/,Oposiciones,cursos@tecnoszubia.es; hola@tecnoszubia.es,958 890 387; 958991105,,"Podrás elegir entre la modalidad presencial u online, según tus preferencias y disponibilidad."
C2Deutsch,https://www.c2deutsch.com/,Idiomas,hallo@c2deutsch.com,640 319 188,"Barcelona, Cataluña","La metodología es muy buena, tanto el uso del material lectivo tal y como libros y cuaderno de trabajo, así como el de los recursos online tipo drive y demás webs."
Aprender alemán y comunicarse desde el primer día,https://comunicaleman.com/,Idiomas,info@comunicaleman.com,,"Palma, Illes Balears","Aunque era un gran reto, ya que viajaba con mi hija pequeña y trabajaba a tiempo completo, pude compaginarlo con clases online, interactivas y muy comunicativas, que me dieron una base sólida y seguridad para enfrentarme al idioma."
Maxx Institutes,https://maxxinstitutes.com/,Idiomas,info@maxxinstitutes.com,+34 871 18 26 04; +34 971 30 38 15,"Palma, Illes Balears","Estudia español desde cualquier parte del mundo con clases online en directo impartidas por profesores nativos cualificados con base en Madrid, Ibiza o Mallorca ."
ADEMA Formación Profesional,https://ademafp.com/,FP,,+34 971 777 131,"Palma, Illes Balears",
GIEM,https://giem.es/,Colegios y centros,academia@giem.es; academiagiem@gmail.com; giemformacionygestion@gmail.com,687 879 172; 871 537 079,"Palma, Illes Balears",
Cum Laude Academia,https://cumlaudeacademia.es/,Colegios y centros,info@cumlaudeacademia.es,971 737 599; 685 029 996,"Palma, Illes Balears",Ponemos a tu disposición un espacio privado personal para ti en nuestro Aula Virtual.
Educa Academy,https://educaacademy.es/,Colegios y centros,,+34692688784,,
"Acadèmia Accés, pioneros en formación de calidad para todos",https://academia-acces.com/,Colegios y centros,info@academia-acces.com,93 266 02 48; 658 975 878,,Clases online para mates y física de bachillerato.
Web GOIB,https://www.caib.es/,Oposiciones,oposicions@caib.es,,"Ibiza, Illes Balears",
Polaris,https://www.polarisoposiciones.com/,Oposiciones,info@polarisoposiciones.com,,,En directo y grabadas para verlas dónde y cuándo quieras.
Instituto de Idiomas Ibiza,https://academiaidiomas.es/,Idiomas,,+34 971 30 38 15; 640 51 38 14; 635-045-343; 949-612-463,"Ibiza, Illes Balears",Instrucciones para conectarte a tu clase en tu aula virtual
Cursos presenciales de ingles en ibiza,https://clientes.crrmarketing.es/,Idiomas,info@crrmarketing.es,,"Ibiza, Illes Balears",Cursos presenciales en Ibiza y cursos por Zoom en directo
Formación Profesional Online Oficial,https://www.etb-baleares.es/,FP,,+34 971 721 133; 971 555 518; 971 362 266; 971 310 253,"Ibiza, Illes Balears","Nuestra oferta combina modalidades online y presenciales , en función de cada ciclo y convocatoria, para que puedas encontrar una opción compatible con tus necesidades, tu ritmo de vida y tus objetivos profesionales."
Deltaibiza Formación On Line,http://deltaibiza.com/,Colegios y centros,atencionalcliente@deltaibiza.com,971 394 857; 656951938,"Ibiza, Illes Balears",El Campus Virtual Deltaibiza © es una creación de Making Of Ibiza S.L.
Academia Bomberos Gran Canaria,https://rcsformacionbombero.com/,Oposiciones,rcformacionbomberos@gmail.com; info@rcformacionbomberos.com,+34 672 27 92 82,"Las Palmas, Canarias","Preparación académica online desde Gran Canaria, especializada en las oposiciones del Ayuntamiento de Las Palmas de Gran Canaria y del CEGC: temario, clases, tests, simulacros, psicotécnicos, normativa y App."
OpoBom,https://www.opobom.com/,Oposiciones,info@opobom.com,669 88 82 74,"Las Palmas, Canarias",
Centro de Estudios Ateneo,https://centroateneo.com/,Oposiciones,secretaria33@centroateneo.com; secretaria@centroateneo.com,928 20 76 03; 928 20 76 82; 618536276,"Las Palmas, Canarias",
EOI LAS PALMAS DE GRAN CANARIA,https://www3.gobiernodecanarias.org/,Idiomas,secretaria-35008381@gobiernodecanarias.org,928 899 739,"Las Palmas, Canarias",
CEAD Las Palmas,https://www.cead-laspalmas.net/,Colegios y centros,inforcead@cead-laspalmas.net,928-245-743; 928-245-420,"Las Palmas, Canarias",
Instituto Focan,https://focan.es/,FP,grancanaria@institutofocan.es; tenerife_sede1@institutofocan.es; tenerife_sede2@institutofocan.es; lanzarote@institutofocan.es,928 380 012; 922 286 114; 922 630 255; 828 609 005,"Las Palmas, Canarias",
Unibelia,https://www.unibelia.es/,Colegios y centros,,+34 657 669 100; +34 928 270 538,"Las Palmas, Canarias",
ACADEMIA de OPOSICIONES online en Tenerife,https://auladeoposiciones.es/,Oposiciones,info@auladeoposiciones.es,922897062; 629 282 392,"Santa Cruz de Tenerife, Canarias",Tu academia de oposiciones en SANTA CRUZ DE TENERIFE. Somos preparadores de oposiciones para profesores y maestros en Canarias. Formación online y presencial
ISE Tenerife,https://isetenerife.com/,Idiomas,,7 8 9 10 11 12; 922 194 744; 615 922 669; 922 193 510,"Santa Cruz de Tenerife, Canarias",ACCESO GRATIS A TODOS LOS RECURSOS DE NUESTRO CAMPUS VIRTUAL VALORADO EN 48€
Escuela de Alemán,https://escueladealeman.es/,Idiomas,info@escueladealeman.es,+34 671373381,,
Alemán sin Tapujos,https://alemansintapujos.com/,Idiomas,info@alemansintapujos.com,,,"Nuestros intensivos son clases en directo, en grupos reducidos, con Jonny."
CEP Santa Cruz,https://acaten.espacioaulavirtual.com/,Idiomas,cep.ocupados@gmail.com; carmen.diaz@cursostenerife.es,922 21 92 57,"Santa Cruz de Tenerife, Canarias",
PLCAN Opositores,https://plcanopositores.es/,Oposiciones,info@plcanopositores.es,+34 657 303 807; +34 685 029 419,,"Prepara tu oposición a Policía Local de Canarias con PLCAN Opositores: temario actualizado, test ilimitados, supuestos prácticos y aula virtual. Empieza hoy tu preparación."
AESPOL,https://aespol.es/,Oposiciones,,822 140 107; 922 616 543; 661 169 098,"La Laguna, Canarias",
La Laguna,https://learningidiomas.com/,Idiomas,info@learningidiomas.com,662569600; 641223016; 922 10 38 02; 687 75 11 59,"La Laguna, Canarias",
Academia de inglés en La Laguna,https://academiasuccess.es/,Idiomas,info@academiasuccess.es; successinformacion@gmail.com,+34605813664; 922 26 14 58,"La Laguna, Canarias","Con profesores altamente capacitados y una plataforma de aprendizaje intuitiva, nuestras clases en línea te brindan una experiencia de aprendizaje **efectiva y dinámica.**"
Inglessa,https://inglessa.com/,Idiomas,info@inglessa.com; inglessatenerife@gmail.com,611-077-380; 611-021-207; 822 777 441; +34621390219,"La Laguna, Canarias","Academia de Inglés en La Laguna, Santa Cruz de Tenerife y Online"
Academia Oposiciones Cantabria,https://oposicionescantabria.es/,Oposiciones,info@oposicionescantabria.es,942 305 255,"Torrelavega, Cantabria","Cursos 100% online en el que se pone a disposición de los alumnos temario actualizado y ajustado a la oposición correspondiente, junto con amplias baterías de test por tema, de repaso, simulacros…"
C.E. NATALIA IGLESIAS-FORMACIÓN PRESENCIAL Y FORMACIÓN ONLINE,https://www.oposicionesnatalia.com/,Oposiciones,oposicionesnatalia@gmail.com,633 204 441,"Torrelavega, Cantabria","Oposiciones Natalia. Oposiciones Estado Presencial y Online. Principado, Ayuntamiento, Universidad..."
Atreides Corporate,https://www.atreidesidiomas.es/,Idiomas,atreidesidiomas@gmail.com,670 216 337; 692 230 980,"Torrelavega, Cantabria","DISPONEMOS DE CLASES ONLINE, para más información contáctenos por whatsapp:"
Direct English,https://directenglish.es/,Idiomas,info@directenglish.es; info@edublink.com,0034 942 80 20 11,"Torrelavega, Cantabria","Direct English ofrece clases online, presenciales e in company, con una sólida trayectoria en empresas exigentes."
ALICIA'S SCHOOL OF ENGLISH | Academia de inglés en Torrelavega,https://aliciaschool.es/,Idiomas,info@aliciaschool.es,942 087 015; 651 008 898,"Torrelavega, Cantabria","Ofrecemos horarios flexibles, grupos reducidos e incluso clases individualizadas y online."
Clases Particulares MC,https://www.clasesmc.com/,Idiomas,info@clasesmc.com,942 790 779; 605 577 059; 942 187 743; 673 898 852,"Torrelavega, Cantabria","Preparación presencial y ONLINE para la prueba multinivel de inglés más innovadora, rápida y asequible."
Física y Química,http://academiapia.com/,Colegios y centros,info@academiapia.com,942 80 54 66,"Torrelavega, Cantabria","Ofrecemos clases particulares en Torrelavega y clases online de Física y Química para 2º, 3º y 4º de ESO, además de 1º de Bachillerato."
Academia Campuzano,https://academiacampuzano.com/,Colegios y centros,academiacampuzano@gmail.com,696 75 41 21,"Torrelavega, Cantabria",Centro de estudios con grupos reducidos y/o formación online
Academia Civis,https://academiacivis.es/,Oposiciones,,644 055 087,,"Academia de Oposiciones de Justicia Online con clases en directo, campus virtual y un generador de test y prácticos. ¡Pruébanos Gratis!"
Clases de alemán en Santander,https://www.stmartins-school.com/,Idiomas,info@stmartins-school.com,689 99 74 99,"Santander, Cantabria",
Suma-T,https://suma-t.es/,Colegios y centros,info@suma-t.es,611 473 370,"Madrid, Comunidad de Madrid","En Suma-T te acompañamos a lo largo de tu recorrido académico, tanto de forma presencial en nuestras academias de Madrid como en modalidad online, con apoyo 100 % personalizado para que nunca te quedes atrás."
Clases de Bachillerato y Selectividad,https://asdelaselectividad.es/,Colegios y centros,academiaasdelaselectividad@gmail.com,,,En Academia AS somos expertos en preparación de bachillerato y PAU. Presencial y online. Descubre lo que necesitas para sacar un 10.
Caledonian Centre,https://www.caledoniancentre.es/,Idiomas,info@caledoniancentre.es; atencionalcliente@caledoniancentre.es,925 216952; 649268706,"Toledo, Castilla-La Mancha",Para todas las edades y toda la familia. (Niños a partir de 8 años para clases online)
British Code English School,https://britishcode.es/,Idiomas,toledo@britishcode.es; toledo@britishcode..es,925 29 87 91,"Toledo, Castilla-La Mancha",En nuestro academia de inglés impartimos cursos online de inglés.
Profesores nativos y Cambridge oficial,https://www.academiadublin.es/,Idiomas,academiadublin@gmail.com,925 378 312; 925 10 93 41,"Toledo, Castilla-La Mancha","Por eso, nuestros cursos online están diseñados para adaptarse a ti, sin perder calidad en ningún momento."
Academia de inglés en Toledo: clases para todas las edades,https://iplaylearning.com/,Colegios y centros,toledo@iplaylearning.com; nambroca@iplaylearning.com,601 11 81 56,"Toledo, Castilla-La Mancha","Clases online en directo, para quienes necesitan más flexibilidad."
Academia Advanve,https://advanceacademia.com/,Colegios y centros,info@advanceacademia.com,+34 925 67 23 98,"Toledo, Castilla-La Mancha",
Como en clase Formación Online,https://comoenclaseformacion.es/,Oposiciones,info@comoenclaseformacion.es,+34 667 39 87 20,"Albacete, Castilla-La Mancha","Ya sea de forma online o presencial, somos su centro de referencia en formación para oposiciones."
Oposiciones Albacete,https://www.oposicionesalbacete.com/,Oposiciones,info@oposicionesalbacete.com,651 012 153,"Albacete, Castilla-La Mancha","Te ayudamos a preparar tus oposiciones de enfermería en Albacete con clases en directo, tutorías y acompañamiento individual."
Quijoteland,https://eiquijote.es/,Idiomas,,967 66 97 99,"Albacete, Castilla-La Mancha","Videoconferencia en directo con nuestros profesores, podrás interactuar con él como si estuvieras en una clase presencial."
Central Idiomas Parque - Centro de idiomas en Albacete,https://centralidiomas.es/,Idiomas,parque@centralidiomas.es; villarrobledo@centralidiomas.es; parque@centralidomas.es,967 23 00 74; 623 60 32 20; 722 82 40 34,"Albacete, Castilla-La Mancha","Y puesto que los resultados de las clases online han sido satisfactorios, seguiremos ofreciendo este formato."
Francés con Adrien!,https://www.francesconadrien.com/,Idiomas,info@francesconadrien.com,+34 643 04 61 75,,La parte escrita es omnipresente en cada de mis clases en linea también ya que es la herramienta indispensable para una comprensión sostenible del idioma francés y de sus mecanismos.
READY Academia STEAM,https://academiaready.es/,Colegios y centros,hola@academiaready.es,680887857; 696 060 363,"Albacete, Castilla-La Mancha","Ya sea en clases particulares, en grupos reducidos para una asignatura en concreto, online o presencial, os ofrecemos maleabilidad, flexibilidad y sobre todo, confianza."
Aula 14,https://www.aula14santiago.com/,Idiomas,aula14ce@hotmail.com,881 974 769,,En nuestras clases online en Santiago impartimos clases a estudiantes de la ESO y de bachillerato. Obtención de la ESO para mayores de edad.
Opomancha,https://opomancha.es/,Oposiciones,opomancha@opomancha.com,+34623221241; 926978386,"Ciudad Real, Castilla-La Mancha",Nuestro **campús online** esta diseñado como una herramienta más para nuestros alumnos.
Alpadia Language Schools,https://www.alpadia.com/,Idiomas,,+34 93 492 95 08,,"Cursos de alemán en Alemania, Suiza y también online. Aprende alemán y sumérgete de lleno en la cultura germana con las escuelas de idiomas Alpadia"
Ayuntamiento de Ciudad Real,https://www.ciudadreal.es/,Oposiciones,cmujercr@ayto-ciudadreal.es; cig@ayto-ciudadreal.es; cmujeradmin@ayto-ciudadreal.es,926 211 003; 926 211 044; 926 21 75 98,"Ciudad Real, Castilla-La Mancha",
Portal de Formación,https://formacion.dipucr.es/,Idiomas,formacion@dipucr.es,926255950,"Ciudad Real, Castilla-La Mancha",Accede a la plataforma de formación online del INAP
United Studies,https://united-studies.com/,Colegios y centros,,910.05.29.68,,Cursos Online de Preparación UNITED STUDIES UNITED STUDIES 📚 Curso de preparación para la selectividad ¿Estás pensando en hacer 2º de Bachillerato en USA?¡Viaja tranquilo y prepárate para la selectividad durante tu año escolar!
Academia Aprender,https://academia-aprender.es/,Colegios y centros,,626 96 10 50; +34691527866,"Guadalajara, Castilla-La Mancha","Además, complementamos todas nuestras clases presenciales con distintos recursos pedagógicos: como nuestro Aula Virtual con materiales digitales propios, la plataforma de exámenes de Cambridge, o nuestro servicio de préstamo de libros y películas en inglés."
Fani Idiomas,https://faniidiomas.com/,Idiomas,hello@faniidiomas.com,657 67 96 73,"Guadalajara, Castilla-La Mancha","Somos tu escuela de idiomas en Guadalajara, con clases particulares y en grupo, presenciales y online."
Inglés en Guadalajara con ALBION Centro de Inglés,https://www.academialbion.es/,Idiomas,lancejch@gmail.com,949 216 323; 699 002 077,"Guadalajara, Castilla-La Mancha","Ofrecemos cursos para niños, adolescentes, adultos y clases online, divididos de la siguiente forma:"
Foro Cuenca,https://www.forocuenca.com/,Idiomas,,969 233 662; 969 240 640; 635 809 964; 969 233 622,"Cuenca, Castilla-La Mancha",Nos unimos a Foro Academy para llevar nuestros cursos online tutorizados más allá de Cuenca.
Academia Versus,https://academiaversus.com/,Colegios y centros,,689 43 49 85,"Cuenca, Castilla-La Mancha",
"Trivium Cuenca, aprende español en Cuenca, curso agosto",https://www.trivium-cuenca.com/,Colegios y centros,info@trivium-cuenca.com,969 23 50 75; 620 27 98 98; 922043201,"Cuenca, Castilla-La Mancha",La conexión en línea se hace rápidamente y es muy fácil.
Empleate Talavera Formación,https://empleatetalavera.es/,Oposiciones,formacion.empleate@gmail.com,925 716 834,"Talavera de la Reina, Castilla-La Mancha",Formación 100% online con total flexibilidad.
INN Formación,https://inn-formacion.es/,Idiomas,formacion@grupoinn.es,925 978 728; 643 11 03 70,"Talavera de la Reina, Castilla-La Mancha",CURSO ONLINE AUXILIAR ADMINISTRATIVO+ REGALO PACK Ofimática
Well School of English,https://www.wellschoolofenglish.com/,Idiomas,info@wellschoolofenglish.es,925 823 487; 623 135 686; +34670400605,"Talavera de la Reina, Castilla-La Mancha","Aprende en nuestra aula online, en persona en nuestro escuela o elige ambas opciones para una flexibilidad total."
Kapital Inteligente,https://www.kapitalinteligente.es/,FP,,622 93 02 49; 925 72 11 96,"Talavera de la Reina, Castilla-La Mancha",
Ebora Formación,https://eboraformacion.es/,FP,,925 68 38 67,,"Una formación presencial y online de calidad, con grandes profesionales a tu servicio."
Nexo Formación,https://nexoformacion.es/,Oposiciones,info@nexoformacion.es,983239777; 672 148 398,"Valladolid, Castilla y León",
Academia Carta Blanca Valladolid,https://academiacartablancavalladolid.es/,Oposiciones,valladolid@academiacartablanca.es,983 13 98 43; 661 574 245; 644 96 10 83,"Valladolid, Castilla y León","Se imparten clases presenciales y online, ejercicios, simulacros y tutorías individuales para reforzar los puntos débiles y optimizar el tiempo de estudio."
Warwick House,https://whidiomas.com/,Idiomas,info@whidiomas.com; info@examsvalladolid.com,983 20 09 99; 983 01 39 91; 983 27 10 86; 983 62 86 36,"Valladolid, Castilla y León",
International House Valladolid,https://www.ihvalladolid.com/,Idiomas,info@ihvalladolid.com,983 344 905; 983 337 432,"Valladolid, Castilla y León",Modalidad Presencial en Valladolid u online en directo
Queen's Gate School,https://academiadeidiomasvalladolid.com/,Idiomas,admin@queensgateschool.com,983 39 80 66,"Valladolid, Castilla y León","Puedes estudiar desde casa con nuestras clases online desde el salón de tu casa, manteniendo la misma calidad que las clases presenciales, pero al alcance de todos."
CIFP Juan de Colonia,https://juandecolonia.es/,FP,09012096.contacto@educa.jcyl.es,947 24 50 04,,
mundoestudiante,https://mundoestudiante.com/,Colegios y centros,info@mundoestudiante.com; admon.alcaladehenares@mundoestudiante.com; admon.alcobendas@mundoestudiante.com; admon.esquerdo@mundoestudiante.com,911 79 60 15; 689 70 61 35; 915 96 54 01; 916 61 65 84,"Valladolid, Castilla y León",Además contamos con una plataforma online propia para quien prefiera estudiar desde casa.
OpoEstado,https://opoestado.es/,Oposiciones,info@opoestado.es; info@cepol.es,923.17.55.78; 690.78.96.69; 625.86.79.44; 923711755,"Salamanca, Castilla y León","OpoEstado, academia líder en preparación de oposiciones online. Cursos actualizados, tutores expertos y recursos para tu plaza."
Academia Compartetusclases,https://compartetusclases.com/,Colegios y centros,info@compartetusclases.com,923056530; 631086490,"Salamanca, Castilla y León","Academia en Salamanca. Primaria, Secundaria, Bachillerato, EBAU - Pruebas acceso Universidad. Ciclos Formativos. Oposiciones. Online y presencial"
Academia de Oposiciones en Salamanca,https://www.ensal.es/,Oposiciones,info@ensal.es,923 26 79 44,"Salamanca, Castilla y León","Academia de oposiciones en Salamanca con más de 30 años de experiencia. +11.000 aprobados, 31 números 1, online y presencial."
Academia Darwin,https://www.academiadarwin.com/,Oposiciones,informacion@academiadarwin.com,923 25 63 48,"Salamanca, Castilla y León",
Clases de alemán en Salamanca y online. Todos los niveles,https://academiatitania.com/,Idiomas,info@academiatitania.com,923064447; 625903432,"Salamanca, Castilla y León","Clases de alemán en Salamanca y online. Todos los niveles. Cursos de alemán intensivos, cursos para profesionales, certificaciones Goethe, facultades o lo que necesites."
CIFP Río Tormes,https://riotormes.com/,FP,37013341@educa.jcyl.es,+34 923 18 69 61; 923 18 62 62,"Salamanca, Castilla y León",Se trata de una formación online para aquellas personas que están trabajando o que no pueden asistir a la formación profesional pero que desean obtener el título de Técnico en Instalaciones Eléctricas y Automáticas .
IEASA,https://www.ieasa.org/,FP,iea@ieasa.org,923 226 407; 675 679 946,"Salamanca, Castilla y León","CICLOS DE GRADO MEDIO, GRADO SUPERIOR Y ONLINE"
ESYDE,https://esyde.es/,FP,,675 297 616; 654 451 800; 659 788 185,"Salamanca, Castilla y León",Por ello hemos creado un Campus Virtual en el que el alumno tendrá una mejor conexión con compañeros y profesorado y una enseñanza en comunidad efectiva y eficiente.
Academia Lidia,https://www.academialidia.com/,Colegios y centros,contacto@academialidia.com,639 65 73 03; 628 05 32 88,"Salamanca, Castilla y León",Aprende a distancia con nuestros cursos online
Academia especializada en clases particulares en Valladolid,https://academiacartablancavaldemoro.es/,Colegios y centros,valdemoro@academiacartablanca.es; chamartin@academiacartablanca.es,919 51 99 94; 614 78 14 15; 914 73 36 20; 650 532 515,,"Además, ofrecemos flexibilidad en horarios y modalidades, incluyendo clases presenciales y online, para adaptarnos a las necesidades de cada familia."
Academia de Bomberos León,https://www.academiadebomberosleon.es/,Oposiciones,,987 023 131; 635 805 342; 619 449 668,"León, Castilla y León","Clases presenciales actualizadas, retransmitidas en directo y grabadas."
Ms&Mr Language,https://www.msmrlanguage.com/,Idiomas,leon@msmrlanguage.com,656 32 30 72,"León, Castilla y León",
City Hall School of Languages,https://cityhallschooloflanguages.com/,Idiomas,info@cityhallschooloflanguages.com,987 23 75 89,"León, Castilla y León","Podrás elegir entre cursos presenciales, cursos online y cursos e-learning."
Actitud Bilingüe,https://actitudbilingue.com/,Idiomas,hola@actitudbilingue.com,987 07 66 07; 616 452 245,"León, Castilla y León","Ya sea que necesiten mejorar sus habilidades de conversación o dominar la escritura profesional, ofrecemos formación flexible adaptada a sus necesidades, ya sea de manera online o presencial."
Clases de Idiomas Online,https://www.ilidiomas.com/,Idiomas,info@idiomasleon.es,987 09 31 09; 608 72 82 38; 666 45 37 42,"León, Castilla y León","CLASES ONLINE: te permitirán aprender y evolucionar en un idioma, desde cualquier sitio:"
Centro de Idiomas Certificado,https://www.goalcentrodeidiomas.com/,Idiomas,,979 701 224; 690 278 524,"Palencia, Castilla y León",Clases de idiomas en nuestras instalaciones y por videoconferencia.
Academia Feeling Palencia,https://feelingpalencia.com/,Idiomas,sole@feelingpalencia.com,979 04 94 36,"Palencia, Castilla y León","Por ello, ofrecemos formación flexible con opciones de clases presenciales en nuestras instalaciones en Palencia, así como clases online , para que tus empleados puedan aprender francés sin importar su ubicación o horario."
TEO,https://clasesteo.es/,Colegios y centros,info@clasesteo.es,622 422 869,"Palencia, Castilla y León","Calle Alfonso X, 3 · Palencia · Clases presenciales y online"
Delta 20,https://academiadelta20.com/,Oposiciones,contacto@academiadelta20.com,682697593,"Zamora, Castilla y León",
Escuela de Arte y Superior de Diseño de Zamora,https://www.easdzamora.com/,Idiomas,,+34 980 514341,"Zamora, Castilla y León","Cursos online en inglés, francés, alemán, italiano y portugués."
Academia Bravosol,https://bravosol.net/,Colegios y centros,info@bravosol.net,689 798 987; +34910646842,,"Profesores expertos, cursos presenciales y online para Selectividad PAU, PCE, M25, FP y ESO. Tu academia #1 en Madrid 🚀"
Oposiciones Administración Ayuntamiento Segovia,https://www.superaoposiciones.es/,Oposiciones,hola@superaoposiciones.es,602 22 88 09; 684 46 52 47,"Segovia, Castilla y León","Clases en directo y grabadas: tendrás clases en directo con resolución de dudas, y también grabadas para que puedas verlas cuando quieras."
LOGOS Formación,https://www.logosformacion.com/,Idiomas,,921 44 30 16,"Segovia, Castilla y León",
Nessie,https://www.nessie.es/,Idiomas,nessie@nessie.es,,"Segovia, Castilla y León","Academia de inglés online en directo, con profesores nativos. Preparación de exámenes Aptis, Trinity, SLP. Método efectivo y práctico."
Alma Máter Ávila,https://www.almamateravila.es/,Idiomas,info@almamateravila.es,639 286 379; 920 211 317,"Ávila, Castilla y León",
Clases Particulares en Ávila y Online,https://clasesparticularesenavila.com/,Colegios y centros,info@clasesparticularesenavila.com,651 32 31 04,"Ávila, Castilla y León","Recordamos que los precios de las clases online son individuales, puedes preguntar por los grupos de 2 alumnos."
Academia Genius,https://academiageniuslasnavas.com/,Colegios y centros,academiageniuslasnavas@gmail.com,+34 667 989 072,"Ávila, Castilla y León","Academia Genius en Ávila. Apoyo escolar, idiomas y preparación de pruebas de acceso (EBAU/PAU). Clases presenciales y online personalizadas. ¡Infórmate!"
OPOSICIONES MEDIOAMBIENTALES,https://oposicionesmedioambientales.es/,Colegios y centros,info@oposicionesmedioambientales.es,620.443.881; 685.418.502,"Soria, Castilla y León","Acceso a la plataforma virtual con vídeos de las clases, legislación, problemas resueltos, test…"
Campus Duques de Soria,https://campusdesoria.uva.es/,Idiomas,vicerrectorado.soria@uva.es,975129100; 975129400,"Soria, Castilla y León",
"English Girona, tu académia de idiomas en el centro de Girona",https://www.englishgirona.net/,Idiomas,secretaria@englishgirona.net,671 940 129,"Girona, Cataluña",
EIS,https://www.eisgirona.com/,Idiomas,info@eisgirona.com,972 23 59 39; 682 55 48 88,"Girona, Cataluña","Ofrecemos modalidad online de clases de inglés, francés o alemán con acceso a una plataforma propia."
CNTEC,https://cntec.education/,FP,cntec@cedetecgroup.com; rrhh@cedetecgroup.com; x@cedetecgroup.com,972 65 57 47; 955 14 78 38; 686 06 89 52; 681 35 35 00,"Girona, Cataluña","Próximos cursos, matrícula abierta en modalidad online"
Aprobatus,https://www.aprobatus.es/,Colegios y centros,info@aprobatus.es; info@aprobatus.com,977 27 49 22,,"Cursos online para adultos para conseguir tu título. ESO, Bachillerato y acceso a FP o universidad, a tu ritmo y desde casa."
Academia de alemán Tarragona Reus,https://es.bktranslations.com/,Idiomas,bktraducciones@bktraducciones.com,+34 609 03 86 23,"Tarragona, Cataluña","Academia de alemán Tarragona Reus en empresa y online Zoom, alemán para médicos y enfermeras para trabajar en Alemania"
Brit English School,https://www.britenglishschool.com/,Idiomas,info@britenglishschool.com,+34 877 072 975,"Tarragona, Cataluña",
Escola Idiomes Tarragona,https://escolaidiomestarragona.cat/,Idiomas,,977 23 49 17; 686 99 84 13,"Tarragona, Cataluña","Formatos flexibles: En sus propias oficinas (in-company), online en directo o presencial en nuestra escuela."
LanguageClub.es,https://languageclub.es/,Idiomas,info@languageclub.es,695 577 959,"Reus, Cataluña",Te ofrecemos clases presenciales o clases online .
EsitFP Online,https://esitfponline.com/,FP,secretaria@esitfp.com; secretaria@estifp.com,977 542 807; 977 546 471,"Tarragona, Cataluña","Especializados en Marketing, Gestion de Ventas, Asistencia a la Dirección y Administración. ✅ Titulos Oficiales 100% Online y Homologados."
Aula Magna,https://www.aulamagna.es/,Oposiciones,aulamagna@aulamagna.es,977 22 22 77,"Tarragona, Cataluña",
Institut Pere Martell,https://institutperemartell.cat/,Colegios y centros,e3006630@xtec.cat,977 556 338,"Tarragona, Cataluña",Accés a l'AULA VIRTUAL AVISOS Vols estudiar un cicle de GRAU MITJÀ?
iOpos Academia,https://www.iopos.es/,Oposiciones,info@iopos.academy,+34 930 467 276; +34 644 507 478,"Madrid, Comunidad de Madrid","iOpos Academia - Formación presencial y online para oposiciones de Mossos, Guardia Urbana, Sanitarios, MIR y más » iOpos Academia: Oposiciones Policía, Guardia Urbana, Mossos, Guardia Civil, Policía Nacional, Policía de Madrid y Sanitarios."
Academia Cronos,https://academiacronos.es/,Oposiciones,info@academiacronos.es,646 88 05 36,"Madrid, Comunidad de Madrid","Academia Cronos ofrece preparación 100% online para las oposiciones a Policía Nacional, Policía Municipal de Madrid, Policía Local y Agente de Movilidad."
Tower English,https://towerenglish.net/,Idiomas,info@towerenglish.net,977 345 194,"Reus, Cataluña","Ofrecemos clases presenciales para niños, jóvenes y adultos, así como clases online , formación de Business English para empresas y preparación para los exámenes de inglés para aeronáutica ."
IN TGN,https://intgn.com/,Idiomas,intgn@intgn.com; info@the7psy.com,977 21 79 43; 977 590 958,"Reus, Cataluña",
Letse Academy,https://www.letseacademy.es/,Colegios y centros,,+34 625 024 584,"Reus, Cataluña","Clases particulares de repaso para alumnos de Reus. ESO, Bachillerato y Selectividad. Online y presencial (centro Tortosa). Primera clase gratuita."
Instituto Numancia Formación,https://www.institutnumancia.es/,Oposiciones,info@institutnumancia.es,932 508 494; 931 768 134; 973 949 982; 675 562 550,"Sabadell, Cataluña",Clases en vivo donde puedes interactuar con la clase en tiempo real.
English World Center Shop,https://englishworldcentershop.com/,Idiomas,,96 622 55 53,,Francés General ofrece Clases con docente en aula virtual en diferentes horarios. Clases de francés online que Incluyen la preparación a exámenes oficiales de la Alianza Francésa.
Idiomes Sabadell,https://idiomessabadell.com/,Idiomas,info@idiomessabadell.com,93 727 21 27; 633 563 403,"Sabadell, Cataluña",
FIAC Idiomes,https://www.fiac.cat/,Idiomas,,93 788 55 03,"Sabadell, Cataluña",Aprender idiomas en formato online a FIAC te garantiza resultados. Tu aprendizaje te será útil personal y profesionalmente y lo podrás hacer desde donde quieras
LinguaYa,https://www.linguaya.com/,Idiomas,linguaya@gmail.com,,,"Por eso puedes elegir cuánto acompañamiento, flexibilidad y contacto en directo necesitas."
Ramar FP | Formación Profesional presencial y FP a distancia,https://ramarfp.com/,FP,ramarfp@grupramar.com; fpmecanica@grupramar.com,93 725 21 58; 93 655 14 37,"Sabadell, Cataluña",Centro Oficial Ramar FP ➽ Presencial y online ✔️Facilidadesde pago ✔️ Examinamos en toda España ✔️ curso 2025 - 2026 ☎ ¡Asegura tu futuro!.
COMMA,https://commaestudios.com/,Colegios y centros,info@commaestudios.com,930 29 14 69; 666 313 666,"Sabadell, Cataluña","Refuerzo escolar (Primaria, ESO y Bachillerato) y Cursos ONLINE y PRESENCIALES de Preparación Acceso a la Universidad y Ciclos Formativos"
Salt Idiomes,https://saltidiomes.com/,Idiomas,salt@saltidiomes.com; lopd@saltidiomes.com,683 650 423; 93 785 4684; 93 789 38 95; 93 788 68 08,"Terrassa, Cataluña",Cursos de alemán en Terrassa. Cursos presenciales y Online de alemán des de nivel inicial. ¡Aprender alemán nunca fue tan fácil!
CAPER,https://caper.es/,Colegios y centros,info@caper.cat,648 29 82 23,"Terrassa, Cataluña",
Owl Project Academy,https://www.owlprojectacademy.com/,Colegios y centros,,622 49 99 05,"Terrassa, Cataluña",
Triangle Acadèmia,https://triangle-academia.com/,Colegios y centros,triangle@triangle-academia.com,93 790 33 45; 669 44 51 66,"Mataró, Cataluña",Les sessions formatives es realitzen mitjançant plataformes de vídeo (tipus Zoom o Google Meet).
Xaloc Oposicions,https://www.xalocoposicions.cat/,Oposiciones,info@xalocoposicions.cat,93 280 09 90; +34920800990,,"Matriculándote en Xaloc Oposicions en cualquier de nuestros cursos de preparación de las oposiciones, tienes acceso a nuestro campus virtual: una plataforma exclusiva para los estudiantes de Xaloc."
clasesinglesmataro.com,https://clasesinglesmataro.com/,Idiomas,info@clasesinglesmataro.com,936 94 15 68,"Mataró, Cataluña",Lo que todos tenían en común es que estaban cansados de perder tiempo en academias de inglés impersonales o en clases online aburridas .
Ayuntamiento de Mataró,https://www.mataro.cat/,Idiomas,,93 758 21 00,"Mataró, Cataluña",Modalidad: Semipresencial (Presencial y aula virtual)
Centro de Estudios Plató,https://centredestudisplato.com/,Colegios y centros,estudisplato@gmail.com,+34 601 082 290,"Mataró, Cataluña","Academia de refuerzo escolar en Mataró y Canet de Mar: Primaria, ESO, Bachillerato y Universidad, curso de Selectividad (PAU), cursos intensivos y clases online. Grupos reducidos de 2 a 4 alumnos."
Alternativa Francesa,https://www.alternativafrancesa.com/,Idiomas,alternativafrancesabcn@gmail.com,628 604 605,"Barcelona, Cataluña","Estas clases online son impartidas por nuestros profesores expertos y se estructuran para proporcionar la misma calidad de enseñanza que nuestros cursos presenciales, incluyendo interacción en tiempo real y recursos multimedia."
Estudiar francés,https://www.serviciodeidiomas.com/,Idiomas,info@serviciodeidiomas.com,+ 34 601 16 85 90; +34 96 385 95 03,"Barcelona, Cataluña","¿Quieres estudiar francés? Aprende francés desde cualquier lugar con clases online en directo, atención personalizada y profesores nativos. ¡Inscríbete hoy!"
Academia 750,https://www.academia750.es/,Oposiciones,hola@academia750.es,+34633261014,"Alicante, Comunidad Valenciana",Todos nuestros servicios se ofrecen de forma presencial y online para que puedas llevar el ritmo que mejor te convenga.
ActuaBomberos.es,https://actuabomberos.es/,Oposiciones,info@actuabomberos.es,658 14 31 76,"Alicante, Comunidad Valenciana",Tienes todo el temario grabado dentro del aula virtual.
Proyecto Idiomas,https://proyectoidiomas.com/,Idiomas,info@proyectoidiomas.com,+34 965 23 06 55; +34 607 89 91 86,"Alicante, Comunidad Valenciana","Academia de idiomas con cursos presenciales y online en directo ➤ Aprender Inglés, francés y Alemán es fácil con nosotros ➤ Para cualquier edad y nivel"
Sarah Centro de Idiomas,https://sarahcentrodeidiomas.com/,Idiomas,sarah@sarahcentrodeidiomas.com,606954744,"Alicante, Comunidad Valenciana",Aula Virtual y Recursos Digitales: Para combinar la enseñanza presencial con el apoyo online.
DEUTSCHE SCHULE ELCHE,https://dselche.com/,Idiomas,clases@dselche.com,+34 633 82 65 93,"Alicante, Comunidad Valenciana",
Academia Mega,https://academiamega.es/,Oposiciones,mega@academiamega.net,966 66 16 73,"Elche, Comunidad Valenciana",Puedes asistir a clase de forma presencial en nuestra academia de Elche o telepresencial (online en directo) donde podrás interactuar con tu preparador como si estuvieses en presencial.
englishworldcenter.com,https://englishworldcenter.com/,Idiomas,info@englishworldcenter.com; empresas@englishworldcenter.com,96 622 55 53; 649200367,"Elche, Comunidad Valenciana",Campus virtual con infinidad de recursos didácticos.
Academia de Ingles en Elche | Top System,https://www.academiatopsystem.com/,Idiomas,,682816334,"Elche, Comunidad Valenciana",Clases online en nuestra academia de inglés en Elche: flexibilidad y aprendizaje interactivo. Únete ahora y avanza en inglés.
Escuela de idiomas Top School,https://www.clasesdeidiomas.es/,Idiomas,info@clasesdeidiomas.es,965 42 49 66; 692 65 03 87,"Elche, Comunidad Valenciana","En nuestra escuela de idiomas en Elche ofrecemos tanto clases presenciales como clases online , para que elijas la fórmula que mejor se adapte a tus circunstancias."
La Devesa School Elche,https://www.ladevesaschoolelche.es/,Colegios y centros,ladevesaschoolelche@gruposorolla.es,965458349,"Elche, Comunidad Valenciana",
Centro de Estudios Illice,https://www.centrodeestudiosillice.com/,Colegios y centros,contacto@centrodeestudiosillice.com,606 014 252,"Elche, Comunidad Valenciana",
Centro de estudios My Study,https://centromystudy.com/,Colegios y centros,c.e.mystudy@gmail.com,679 358 029,"Elche, Comunidad Valenciana","Clases flexibles en nuestro grupo, nivel universitario, enseñanza online y presencial, flexible a horarios y necesidades."
Academia PREPOL,https://academiaprepol.es/,Oposiciones,,639 003 921,"Castellón, Comunidad Valenciana","Academia de oposiciones a Policía Nacional en Castellón. Preparación online y presencial, con profesorado del cuerpo en activo. Empieza con un test gratis."
Academia Alyma,https://www.academiaalyma.com/,Oposiciones,info@academiaalyma.com,964234098; 640356824,"Castellón, Comunidad Valenciana",Curso de Oposiciones de Policía Local Comunidad Valenciana 2026 | Online y en directo
Vicopol,https://vicopol.es/,Oposiciones,contacto@vicopol.es,650 72 07 22,"Castellón, Comunidad Valenciana","Somos una academia de formación online y presencial, especializada en preparar opositores para Policía Local en la Comunidad Valenciana."
Clases de francés en Castellón,https://www.ouimerci.es/,Idiomas,lea@ouimerci.es,+34654216763,"Castellón, Comunidad Valenciana","Impartimos clases particulares, clases online y clases grupales. Proponemos todos los niveles: A1, A2, B1, B2, C1 y C2"
Tec Idiomes,https://tecidiomes.es/,Idiomas,,964 534 034,"Castellón, Comunidad Valenciana",Disponemos de varios cursos de francés online y de diferentes niveles y para acceder a ellos solo necesitarás un dispositivo electrónico que te permita conectarte a nuestra aula virtual.
FP San Cristóbal,https://fpsancristobal.es/,FP,,964 228 758; 623 033 349,"Castellón, Comunidad Valenciana",Plataforma virtual de aprendizaje y acompañamiento docente
Academia Julia,https://academiajulia.com/,Colegios y centros,,+34 644 44 42 37,"Castellón, Comunidad Valenciana",Disponemos de un entorno digital para poder realizar clases online.
Academia de ciencias y más en Castellón,https://www.academiacienciaymas.com/,Colegios y centros,,680 129 539,"Castellón, Comunidad Valenciana",
Academia Sequiol | Refuerzo Escolar en Castellón,https://academiasequiol.es/,Colegios y centros,academia.sequiol@gmail.com,657 217 067; 677 171 867,"Castellón, Comunidad Valenciana",Academia de refuerzo en Castellón de la Plana — Clases presenciales y online
Audio Jeam,https://www.audiojeam.com/,Oposiciones,audiojeam@audiojeam.com,96 296 00 15,"Gandía, Comunidad Valenciana","Clases por video conferencia, Clases online, estudiar desde casa."
García Ibáñez,https://garcia-ibanez.com/,FP,info@garcia-ibanez.com,96 287 14 94; 670 809 709,"Gandía, Comunidad Valenciana",Es un centro de Formación Profesional para el Empleo con 30 años de trayectoria impartiendo cursos gratis online y presencial que otorgan titulación oficial.
Aprende alemán online con profesora nativa,https://www.sambori-gandia.net/,Idiomas,info@sambori-gandia.com,655 183 745,"Gandía, Comunidad Valenciana","Clases de alemán online y presenciales en Gandía. Contamos con profesores nativos, formación personalizada y recursos interactivos para todos los niveles."
CLASES DE INGLÉS EN GANDÍA- PARTICULAR Y EMPRESAS,https://clasesparticularesinglesgandia.com/,Idiomas,celiasegui@gmail.com,+34 658 01 01 77,"Gandía, Comunidad Valenciana",En la actualidad resido en Gandía ( Valencia) donde doy clases online y a domicilio.
Escolapias Gandia,https://escolapiasgandia.org/,FP,info@escolapiasgandia.org,962 965 096,"Gandía, Comunidad Valenciana","El ciclo formativo de grado medio propuesto, dado que es en modalidad en línea, el alumnado lo puede cursar a la vez que el bachillerato presencial en Escolapias."
Menglobe Online,https://menglobe.online/,Colegios y centros,m.englobe@gmail.com,633 050 083,"Gandía, Comunidad Valenciana",
Aula Virtual Escola Pia Gandia,http://aulavirtualescolapiagandia.com/,Colegios y centros,,7 8 9 10 11 12,"Gandía, Comunidad Valenciana",
Yasiki,https://yasiki.es/,Idiomas,,+34-619373962,"Torrevieja, Comunidad Valenciana",Déjame tus datos y te informo sobre las clases online de idiomas.
Academia Miralles,https://academiamiralles.es/,Colegios y centros,info@academiamiralles.es,+34 629 685 410,"Torrevieja, Comunidad Valenciana","Desde entonces, las clases online llegaron para quedarse…"
Academia ADOS,https://www.academiaados.com/,Oposiciones,info@academiaados.com; valencia@academiaados.com; informacionoposiciones@academiaados.com,96 369 03 41; 96 351 63 74; 96 591 00 71,"Valencia, Comunidad Valenciana",
Academia Origens,https://academiaorigens.com/,Oposiciones,academiaorigens@gmail.com,660124298; 626457192,"Valencia, Comunidad Valenciana","Prepara tus oposiciones de Educación Secundaria en Valencia con temario actualizado, tutores expertos y clases online o presenciales."
Oposdeport,https://oposdeport.es/,Colegios y centros,info@oposdeport.es,679 422 403,"Valencia, Comunidad Valenciana","Nuestras modalidades de enseñanza presencial, semipresencial y online , así como nuestros horarios flexibles, te permitirán ajustar tu preparación para las oposiciones a docente de EF en Valencia a tu agenda personal."
Cursos de Francés,https://etvoilacoursdefrancais.com/,Idiomas,contact@etvoilacoursdefrancais.com,+34 685 155 569,,"Los cursos en grupo son sesiones en línea con la profesora, con horarios y períodos determinados."
C'est ouf!,https://www.academiafrancesvalencia.com/,Colegios y centros,,797563654,"Valencia, Comunidad Valenciana","Es decir, dedicamos el cien por cien del tiempo presencial u online a hablar, debatir, negociar y resolver bloqueos de comunicación."
FP a Distancia 100% Oficial y Online,https://capitolempresa.com/,FP,info@capitolformacion.com,963 517 177,"Valencia, Comunidad Valenciana","Ciclos Formativos de Grado Medio, Grado Superior y Dobles Titulaciones para cursar 100% online, en cualquier momento y desde cualquier lugar."
"Academia Gallent. Repaso, Idiomas y Estancias en el extranjero",https://academiagallent.com/,Colegios y centros,info@academiagallent.com,616 514 739; 963 941 411,"Valencia, Comunidad Valenciana",** También ofertamos la variante de las clases online para quien lo desee.
Oposiciones Extremadura,https://oposicionesextremadura.es/,Oposiciones,info@mioposiciononline.es,660538889,"Badajoz, Extremadura",Mi Oposicion Online - Tu academia de preparación de oposiciones online
Academia Maestre,https://academiamaestre.com/,Oposiciones,informate@academiamaestre.es,924 530 822,"Badajoz, Extremadura",Me he preparado la oposición de secundaria en la especialidad de Biología y Geología en la modalidad online en el curso 2024/2025.
Britannia Centre,https://britannia-centre.com/,Idiomas,info@britannia-centre.es,634 470 433,"Badajoz, Extremadura","Clases presenciales, en Aula Virtual u online de inglés, francés y otros idiomas."
Centro STEAM,https://centrosteam.es/,Colegios y centros,reservas@centrosteam.es; centrosteam@gmail.com; reservas@steamcenter.es,+34 664 54 97 56,"Badajoz, Extremadura",Un aula virtual donde estamos en contacto continuo con los alumnos
Todos los cursos,https://aulavirtual.novis.es/,FP,soporte@novis.es,927 222 778,"Badajoz, Extremadura",El Brocense (Cáceres) / Modalidad online / 1º curso
Integral Emergencias,https://integralemergencias.es/,Oposiciones,,646 460 599,"Cáceres, Extremadura","Prepárate para ser bombero en nuestra academia online con clases en directo, temario actualizado, simulacros reales y acompañamiento experto."
Academia de Bomberos Opoescuela,https://www.opoescuela.com/,Oposiciones,info@opoescuela.com; onum_company@mail.com,800-456-478; 976 900 792; 697 122 741,"Cáceres, Extremadura",El Campus Online de Bomberos más grande de España
"Acadex, Centro de Estudios",https://acadex.es/,Oposiciones,info@acadex.es,689.42.95.39; 655.20.81.40; 927.50.06.66; 619 648 416,"Cáceres, Extremadura","Desde hace tiempo nos estamos consolidando en la oferta formativa presencial, semi-presencial y online, ofreciendo a nuestros alumnos diferentes ofertas ajustadas a sus necesidades.Los contenidos de ..."
Keltic English Centre,https://keltic.es/,Idiomas,info@keltic.es; casaresdesign@gmail.com,927 21 13 21,"Cáceres, Extremadura",
Toronto English & Music Academy,https://torontoacademy.es/,Idiomas,inglesymusica@torontoacademy.es,660 07 85 61,"Cáceres, Extremadura","Cursos online (por videoconferencia Zoom para empresas, niños, jóvenes y adultos): el prestigio de los cursos de inglés de Toronto English …"
Mortimer English Club,https://mortimeronline.es/,Idiomas,info@mortimer-english.es,,"Cáceres, Extremadura",Aprende mientras disfrutasClases OnlineTodas las edadesProfesores NativosConéctate a MortimerBienvenidos alAula virtual de Mortimer English ClubCelebramos nuestros 10 años en Cáceres
ACADEMIA DE INGLÉS EASY ENGLISH CÁCERES,https://academiaeasyenglish.es/,Idiomas,info@academiaeasyenglish.es,927 235 818; 927 215 860; 638 603 950,"Cáceres, Extremadura",💻 Cursos online para adultos: aprende desde casa con la misma atención que en clase
Atlas,https://atlasexam.com/,Colegios y centros,info@atlasexam.com,,"Cáceres, Extremadura",En directo y grabadas para verlas donde y cuando quieras.
IURIS Academia,https://www.iurisacademia.com/,Oposiciones,iurisacademiahacienda@gmail.com,,,Cuentas con clases grupales en DIRECTO todas las semanas.
Clases particulares Mérida en WALLAPOP,https://es.wallapop.com/,Idiomas,,645 062 534; 622 521 762; 678 95 24 82,"Mérida, Extremadura","Las clases son individualizadas o en pequeños grupos, presenciales y online."
MásCOP,https://www.mascop.es/,Oposiciones,info@mascop.es,666 45 32 47; 673 27 10 20; 982 806 938,"Vigo, Galicia","Bienvenido al aula virtual, donde podrás hacer test con más de 10.000 preguntas y un sistema sencillo."
Opolocal,https://opolocal.es/,Oposiciones,opolocalgal@gmail.com,886199186,,Opolocal es una Academia academia especializada en la preparación para la Policía Local de Galicia. Modalidad presencial y online.
Alemanología,https://alemanologia.com/,Idiomas,jorge@alemanologia.com,+34 675 061 772,,"Elige cómo aprender: clases en vivo, cursos online o formación personalizada Quiero Aprender Alemán Problema con el aleman […]"
e-lingua,https://www.e-lingua.es/,Idiomas,info@e-lingua.es,986 17 29 88,"Vigo, Galicia","Cursos para todas las edades, grupos reducidos, aulas interactivas, tutorías personalizadas, seguimiento del progreso de nuestros alumnos, clases online, todos los días innovamos para ofreceros los mejores servicios."
Campus Politécnico Aceimar,https://campuspolitecnicoaceimar.com/,FP,secretaria@campuspolitecnicoaceimar.com,986251511,"Vigo, Galicia",
Grupo Academia Postal,https://www.academiapostal.es/,Oposiciones,info@academiapostal.es,988 366 063,"Santiago de Compostela, Galicia",
ALPHABETS ENGLISH ACADEMY,https://alphabetsenglish.gal/,Idiomas,alphabetsenglish@gmail.com; examenestrinitysantiago@gmail.com,981 954047; 687383049,"Santiago de Compostela, Galicia",Clases presenciales y Online de inglés en Santiago de Compostela. Somos centro registrado para exámenes Trinity College y Cambridge.
A Casa das Linguas,https://acasadaslinguas.com/,Idiomas,info@acasadaslinguas.com,662 099 735,"Santiago de Compostela, Galicia",
English Homeland,https://englishhomeland.es/,Idiomas,contacto@englishhomeland.es,605 316 938,"Santiago de Compostela, Galicia",Descubre nuestro secreto para aprender inglés desde casa: clases en línea.
Piccadilly English In Motion,https://englishinmotion.es/,Idiomas,santiago@englishinmotion.es; coruna@englishinmotion.es; siguero@englishinmotion.es,981 55 47 24,"Santiago de Compostela, Galicia","Tu academia de inglés en Santiago de Compostela con 25 años de experiencia, clases presenciales y online para todas las edades."
Academia Harris,https://www.academiaharris.es/,Idiomas,academiaharris@gmail.com,981 557 434,"Santiago de Compostela, Galicia","Clases de inglés online, tanto para los estudiantes actuales de la academia como para los que aún no han empezado, mediante videoconferencias en directo."
C.I.F.P. Compostela,https://cifpcompostela.gal/,FP,cifp.compostela@edu.xunta.gal; e-mailcifp.compostela@edu.xunta.gal,+34 881 86 65 70,"Santiago de Compostela, Galicia",
XFP,https://www.xfp.es/,FP,,900 470 037,"Madrid, Comunidad de Madrid","FP en modalidad online 100% oficial. Ciclos formativos de grado superior con IA integrada, tutorías y plataforma 24/7. ¡Infórmate ya!"
ACADEMIA OURENSE EN A CORUÑA,https://oposicionesacademiaourense.com/,Oposiciones,,881 883 329; 659 149 347,"Ourense, Galicia",
Galeduca,https://galeduca.es/,Colegios y centros,hola@galeduca.es,603 030 447,"Ourense, Galicia","Además, vamos más allá y en nuestra aula virtual ."
Prueba de nivel gratis,https://justenglishacademy.es/,Idiomas,hello@justenglishacademy.es; justenglishacademy@gmail.com,603 030 447,"Ourense, Galicia","Just English, academia de inglés en Ourense. Clases presenciales y online, formación personalizada. Prueba de nivel gratuita. Infórmate: 603 030 447"
PREMIR,https://premir.es/,Oposiciones,premir.lugo@premir.es; info@premir.es,982 22 80 30; 981 59 01 98,"Lugo, Galicia",
Academia A Mariña,https://amarina.org/,Oposiciones,formacion@amarina.org,982 58 50 98,"Lugo, Galicia","Para adaptarnos a tus necesidades, puedes contar con clases presenciales, clases online y, por supuesto, simulacros de exámenes para que cuando vayas a realizar el examen oficial no sea la primera vez que te estés enfrentando a uno."
Aula 9 Oposiciones,https://www.aula9oposiciones.com/,Oposiciones,info@aula9oposiciones.com,722393232,"Lugo, Galicia",DESPREOCÚPATE Y SIGUE TUS CLASES EN DIRECTO DESDE CASA.
JMRivas Academia,https://jmrivas.es/,Colegios y centros,jmrivas@jmrivas.es,982 81 56 22,"Lugo, Galicia","Valoran especialmente la atención continua del profesorado y la aportación de material propio muy elaborado, disponible en nuestra Aula Virtual las 24 horas."
Servus,https://www.servus.es/,Idiomas,info@servus.es,686 668 485,"Lugo, Galicia",
EscolActiva,https://escolactiva.com/,Colegios y centros,info@escolactiva.com,982 80 76 70; 676 11 54 27,"Lugo, Galicia","Centro de enseñanza en Lugo. Formación presencial y online como refuerzo escolar, pruebas de acceso e idiomas."
Oposita formación,https://opositaformacion.com/,Oposiciones,,986 319 691; 648 484 195,"Pontevedra, Galicia","Prepárate para oposiciones en nuestro campus online,totalmente reformado y adaptado a las últimas tecnologías, permite que el alumno esté en permanente contacto con los tutores y compañeros, facilitando así su aprendizaje."
Speakers' Corner,https://speakerscornerenglish.es/,Idiomas,hello@speakerscornerenglish.es; info@speakerscornerenglish.es,+34 604 02 07 04; 986 10 68 67,"Pontevedra, Galicia",Las clases son presenciales pero ofrecemos clases online para niños y adultos que tengan que hacer cuarentena.
School of English clases de inglés en Pontevedra,https://www.schoolofenglish.es/,Idiomas,info@schoolofenglish.es,986 106 309; 651 814 411,"Pontevedra, Galicia","Sí, ofrecemos clases online para que aprendas inglés desde cualquier lugar con la misma calidad ."
La Escuela de Inglés,https://www.laescueladeingles.com/,Idiomas,info@laescueladeingles.com,986 447 549; 986 955 592; 616 371 663,"Vigo, Galicia","Clases de inglés en Vigo para personas de todas las edades. Recuperaciones, apoyo y refuerzo escolar. También tenemos clases online. Máxima dedicación."
ACADEMIA THEMA,http://academiathema.com/,Colegios y centros,thema.po@gmail.com,+34 653904470,"Pontevedra, Galicia","Debido a la situación actual, contamos con una plataforma Online rápida y segura que nos permite seguir formando a nuestros alumnos hasta la incorporación presencial."
Academia Newton,https://centroestudiosnewton.es/,Colegios y centros,centrodeestudiosnewton@hotmail.com,618 27 10 75,"Pontevedra, Galicia",
Academia Cops,https://cys-academiacops.com/,Oposiciones,info@academiacops.es,609919546,"Ferrol, Galicia","Academia online y presencial para preparar oposiciones de policía local, bombero y policía portuaria. Llámanos para mas información."
Formación en Seganosa,https://www.seganosa.com/,Oposiciones,comercial@seganosa.com,637 484 242,"Ferrol, Galicia",Prepárate para tu plaza de bombero/a con Seganosa. Más de 30 años formando a los mejores profesionales del fuego. Formación online práctica y flexible.
Idiomatique,https://idiomatique.es/,Idiomas,info@idiomatique.es,630 824 303,,Somos un equipo de formadores y traductores de francés. Ofrecemos cursos de francés para empresas en Santiago de Compostela de forma presencial y online.
Academia Lingua Viva,https://www.academialinguaviva.com/,Idiomas,info@academialinguaviva.com,675 33 34 10,"A Coruña, Galicia","Academia de idiomas y apoyo escolar en A Coruña. Clases individuales y en grupos reducidos, de forma online o presencial. Cursos intensivos para empresas. Traducciones juradas."
Academia Coruña,https://academiacoruna.gal/,FP,info@academiacoruna.gal,981 274 771; 698 17 57 78,"A Coruña, Galicia","Explora a nosa aula virtual exclusiva, onde os estudantes teñen acceso a recursos educativos, interacción en tempo real e materiais de aprendizaxe."
Cemap Centro de Estudios,https://cemap.es/,Oposiciones,cemap@cemap.es,638-300-782,"Logroño, La Rioja","Consigue tu objetivo con nuestro método presencial y online, donde trabajarás con:"
Índice de temario de oposiciones para Policía Local en La Rioja,https://www.academiagdgdesafio.com/,Oposiciones,academiagdgdesafio@gmail.com,924 84 74 89,,
Call Rioja,https://callrioja.org/,Idiomas,info@callrioja.org,941 100 083; 610 18 85 24,"Logroño, La Rioja","Las clases son presenciales pero para los alumnos que prefieren o lo necesitan, también existe la posibilidad de participar en las clases online."
FPD Rioja,https://fpdrioja.es/,FP,fallomatricula@fpdrioja.com; cipfpd@fpdrioja.com,941 294 530,"Logroño, La Rioja",Videoconferencias de presentación de cada ciclo formativo
Instituto Navarro de Oposiciones,https://institutodeoposiciones.com/,Oposiciones,info@institutodeoposiciones.com,+34948 21 00 90,"Pamplona, Comunidad Foral de Navarra",Administrativo – Gobierno de Navarra – Curso a tu Ritmo (Clases online en directo + Grabaciones)
Academia Irunlarrea Pamplona,https://academiairunlarrea.com/,Colegios y centros,info@academiairunlarrea.com,948 260 703; 679 135 542,"Pamplona, Comunidad Foral de Navarra",
Academia Educactiva,https://academiaeducactiva.es/,Colegios y centros,info@academiaeducactiva.es,948 104 414; 672 257 031,"Pamplona, Comunidad Foral de Navarra",Accede a nuestra oferta educativa presencial y online para este curso 2026-27
BirtLH,https://www.birt.eus/,FP,idazkaritza@birt.eus,945 567 953,"Vitoria-Gasteiz, País Vasco",
eDocentes,https://edocentes.com/,Oposiciones,,922 209 127,,"Formación 100% online, homologada y con créditos universitarios ECTS"
Academia de oposiciones y formación » Churruca Formación,https://churrucaformacion.com/,Oposiciones,info@churrucaformacion.com; info@bslmarketing.es,943 42 40 44; 618 80 52 68,"Donostia-San Sebastián, País Vasco",Churruca Formación es una academia de formación y oposiciones en Donostia. También contamos con clases online.
Academia Albia,https://www.albia.org/,Oposiciones,albia@albia.org; soporte@albia.org,615 756 387,"Bilbao, País Vasco",Tu centro de confianza para preparar Oposiciones Presencial Bilbao y Oposiciones Online para Osakidetza o Gobierno Vasco. ¡Asegura tu plaza!
Cursos de oposiciones,https://estudiosadministrativos.com/,Oposiciones,secretaria@estudiosadministrativos.com,633 70 25 47; 94 424 99 66,"Bilbao, País Vasco","Cursos de oposiciones online, con clases, el temario completo y test"
ACADEMIA IKASLEKU,https://www.ikasleku.com/,Colegios y centros,barakaldo@ikasleku.com; basauri@ikasleku.com; clasesonline@ikasleku.com,622 176 432; 620 693 975; 647 065 908; 946 069 000,"Barakaldo, País Vasco",Correo electrónico Clases Online: clasesonline@ikasleku.com Se abre en tu aplicación
Opobombero,https://opobombero.com/,Oposiciones,,623 267 569,"Bilbao, País Vasco","Nuestra aula virtual funciona completamente online por lo que podrás estudiar y practicar tests desde cuálquier dispositivo móvil, tablet u ordenador personal."
QTH Sutan,https://qthsutan.com/,Oposiciones,info@qthsutan.com,680453129,"Donostia-San Sebastián, País Vasco",¿La formación es solo presencial o también online?
Preparación de oposición de bombero/a en Bilbao,https://cys-sua112.com/,Oposiciones,sua112oposiciones@gmail.com,640350190,"Bilbao, País Vasco","Nos encargamos de darte un plan claro y muy práctico: clases presenciales y online, temario actualizado a Euskadi, simulacros que replican el examen, y un plan físico con periodización, técnica y prevención de lesiones."
Ikasberri,https://ikasberri.eus/,FP,ikasberri.akademia@gmail.com,677 35 86 85,"Bilbao, País Vasco","En Ikasberri , en colaboración con Sinergia FP te ofrecemos la oportunidad de dar un paso hacia tu futuro profesional con una formación 100% online y de calidad."
Academia de Oposiciones Agentes de la Hacienda Pública,https://agenteshaciendaw.es/,Oposiciones,agentesdehaciendagranadaw@gmail.com,,,"Prepara las oposiciones de Agente de la Hacienda Pública con inspectores en activo. Clases 100% online, temario propio y casos prácticos desde el primer día. ¡Plazas limitadas!"
CIFP Carlos III,https://cifpcarlos3.es/,FP,30019702@murciaeduca.es,968 321301,"Cartagena, Región de Murcia",
EPOL,https://epol.es/,Oposiciones,,607 69 21 48,"Lorca, Región de Murcia","Todo ello con las ventajas que aporta su plataforma online trabajar de forma semipresencial, como fue en mi caso."
Eliopol Formacion,https://eliopolformacion.es/,Oposiciones,info@eliopolformacion.es,603 20 68 19,"Lorca, Región de Murcia","Las clases online pueden causar cierta pasividad en el alumno a la hora de programar su estudio, motivado todo ello por la carencia del trato cercano y personal con el equipo docente."
formaopositores,https://formaopositores.com/,Oposiciones,info@formaopositores.com,654 173 444,"Murcia, Región de Murcia",Academia de Oposiciones Murcia I Modalidad online y presencial
Albatros Formación,https://academiaalbatros.es/,Colegios y centros,formacion.albatros@gmail.com,622 361 270; 659 006 353,"Murcia, Región de Murcia","Academia Albatros: preparación de oposiciones CARM y SMS en Murcia. Clases presenciales y online con acceso 24h. Funcionarios en activo, temario exclusivo y alta tasa de éxito."
AMD Formación,https://amdformacion.com/,Colegios y centros,,968 07 13 24; 685 47 77 37,"Murcia, Región de Murcia",
Academia Carta Blanca,https://academiacartablanca.es/,Oposiciones,info@academiacartablanca.es,912 85 93 93; 644 96 10 83,"Alcalá de Henares, Comunidad de Madrid",
Academia de Estudios De10,https://estudiosde10.es/,Colegios y centros,,616847098,,
ACADEMIA GAUSS GETAFE,https://academiagaussgetafe.com/,Colegios y centros,,686 30 50 14,"Getafe, Comunidad de Madrid",
Centro Educativo CM- Academia Getafe,https://centroeducativocm.com/,Colegios y centros,info@centroeducativocm.com,647 530 506,"Getafe, Comunidad de Madrid","Clases particulares, presenciales y online en primaria, secundaria, bachillerato, inglés todos los niveles. Especialistas en ACNEE y Logopedia."
Academia Carta Blanca Getafe,https://academiacartablancagetafe.es/,Colegios y centros,getafe@academiacartablanca.es; info@academiacartablanca.es,919 35 18 87; 624 42 28 57,"Getafe, Comunidad de Madrid",
Academia Central,https://academiacentral.es/,Oposiciones,gestionacademia@academiacentralstation.com,667 754 320,"Leganés, Comunidad de Madrid","Prepara las oposiciones a TCAE y Celador SERMAS, TES SUMMA 112 y TATS SAMUR-Protección Civil: temario, simulacros, protocolos y baremo de méritos. Online o presencial en Leganés."
Ucademy,https://www.ucademy.com/,Oposiciones,info@ucademy.com,,,"Plataforma viva, clases en directo, simulacros corregidos uno a uno y tutor en activo respondiendo el mismo día."
IES Luis Vives,https://www.iesluisvives.es/,FP,ies.luisvives.leganes@educa.madrid.org; secretaria@iesluisvives.org,916807712; 916801316,"Leganés, Comunidad de Madrid",
Telecentro Leganés,https://telecentroleganes.org/,Colegios y centros,plataformaonlinetelecentro@gmail.com,,"Leganés, Comunidad de Madrid",¡El Campus Virtual Telecentro te ofrece cursos actualizados y renovados!
Colegio Pío Baroja,https://colegiopiobarojaleganes.es/,Colegios y centros,cp.piobaroja.leganes@educa.madrid.org,91 687 86 87,"Leganés, Comunidad de Madrid",Aquí puedes encontrar el Aula Virtual de cada curso:
Oposur,https://oposurglobal.es/,Oposiciones,,607 16 98 62,"Madrid, Comunidad de Madrid","Consigue tu plaza en el CNP, con nuestro todo incluido, Temario actualizado, físicas, aula virtual, en nuestras propias instalaciones."
Preparación Selectividad (EvAU) en Móstoles: Academia ATNA,https://academiaatna.es/,Colegios y centros,empleo@academiaatna.es; academiaatna@gmail.com,91 646 98 11; 659 103 161,"Móstoles, Comunidad de Madrid",Clases Online personalizadas: ideal para estudiar desde casa.
Academia en Mostoles,https://www.aulaxxi.com/,Colegios y centros,info@aulaxxi.com,916135405; 687381039,"Móstoles, Comunidad de Madrid",
Aprueba tus Oposiciones de Hacienda con CFM,https://oposicionesdehacienda.com/,Oposiciones,info@oposicionesdehacienda.com,682 851 713,,¡Consigue tu plaza con nuestros grupos ONLINE desde cualquier parte!
IFECE,https://www.ifece.es/,Oposiciones,info@ifece.es,626 78 41 38; 649 55 23 60; 91 229 70 34; 682 717 141,,
Centro Formación Profesional JUAN XXIII en Alcorcón (Madrid),https://www.juanxxiii.net/,FP,secretaria@juanxxiii.net,91 643 83 26; 640 748 029,"Alcorcón, Comunidad de Madrid","Ciclos Formativos de Grado Básico, Grado Medio, Grado Superior, Formación Online y Certificados Profesionales."
Colegio Andel en Alcorcón,https://andel.es/,FP,info@andel.es,91 665 52 39,"Alcorcón, Comunidad de Madrid",Formación online y presencial con becas públicas.
"Tips Academy, Academias Alcorcón, academia de clases de apoyo",https://tipsacademy.es/,Colegios y centros,info@tipsacademy.es,641 77 09 21,"Alcorcón, Comunidad de Madrid",
"Clases de Recuperación y Apoyo en Alcorcón: Primaria, ESO, Bachillerato",https://www.academiasega.com/,Colegios y centros,info@academiasega.com; info@ega-alcorcon.com; info@ega-madrid.com; info@egatravel.com,91 644 38 75; 620 74 68 34; 635 19 81 51,"Alcorcón, Comunidad de Madrid","Modalidad: Presencial, híbrido, videoconferencia, online, etc."
Academia Oposiciones Policía Local Comunidad de Madrid,https://academiafuturecops.es/,Oposiciones,,640 74 83 43; 640 34 26 88; 640 52 11 52,"Madrid, Comunidad de Madrid","Prepara tus oposiciones a Policía Local en la Comunidad de Madrid con FutureCops. Clases online y presenciales, temario, test, psicotécnicos, simulacros y pruebas físicas para municipios y ayuntamientos madrileños."
Unipol,https://www.oposicionesunipol.es/,Oposiciones,unipol.gestion@gmail.com,624 84 96 53; 624 88 55 76,"Madrid, Comunidad de Madrid","Prepara tu oposición con UNIPOL: clases online y presenciales, test y vídeos explicativos. Clase de prueba gratis."
Comunidad de Madrid,https://www.comunidad.madrid/,FP,atencionalciudadano@012.madrid.org,,"Madrid, Comunidad de Madrid",
López y Muñoz Oposiciones Granada,https://www.lopezymunozoposiciones.es/,Oposiciones,info@lopezymunozoposiciones.es,680 11 90 54,"Granada, Andalucía","Ofrecemos diferentes modalidades para preparar tus oposiciones en Granada , adaptadas a tus necesidades y horarios: clases presenciales intensivas, modalidad online y clases quincenales."
Academia FYL,https://academiafyl.es/,Colegios y centros,fylapoyo@gmail.com,858 999 353,"Granada, Andalucía",Academia F&L ofrece también clases online para toda España y otros países.
JD Oposiciones de Justicia,https://jdoposicionesdejusticia.es/,Oposiciones,capacitad@s..pero,957 035 048,"Córdoba, Andalucía",Mejor academia online de Justicia - Mejor Campus Online 2026
Academia Bécquer,https://academiabecquer.es/,Colegios y centros,info@academiabecquer.es,671 341 906; 666 193 270,"Córdoba, Andalucía",
Victoria FP,https://victoriafp.com/,FP,direccion@victoriafp.com,+34 601 56 89 76,"Cádiz, Andalucía",
Bomberoandalucia / Academia de bomberos online en Andalucía,https://www.bomberoandalucia.com/,Oposiciones,hola@bomberoandalucia.com,+34 633 64 94 57,,"Somos una academia de formación online diseñada para prepararte para aprobar las oposiciones a los distintos cuerpos de bomberos en Andalucia que se han unificado por el Decreto 36/2025, de 11 de Febrero."
La Salle FP Online,https://lasallefponline.com/,FP,fponline@lasalle.es,932 922 119,,La metodología educativa combina la enseñanza de la modalidad de formación profesional tradicional con las ventajas y flexibilidad de la modalidad online .
Aula Virtual,https://aulavirtual.pidalalmeria.es/,Colegios y centros,npcd@dipalme.org,950211189; 950211381; 950211076,"Almería, Andalucía",Bienvenido al aula virtual del portal Almería Juega Limpio Innova
Formas Formación,https://formasformacion.com/,Colegios y centros,contacto@formasformacion.com,950 271 876; 8-61721463; 7330-9675-2; 9578-22483,"Almería, Andalucía",
Academia Apolo,https://www.academiaapolo.com/,Oposiciones,info@academiaapolo.es,953 25 74 13; 679 49 19 20,"Jaén, Andalucía","CLASES PRESENCIALES, EN DIRECTO Y GRABADAS DOCENTES PROFESIONALES DE LAS FUERZAS Y CUERPOS DE SEGURIDAD ¡¡¡NOVEDAD!!!"
PreparadoresPoliciaLocal,https://preparadorespolicialocal.com/,Oposiciones,info@preparadorespolicialocal.com,690 78 31 89,,"Academia especializada en las oposiciones de Policía Local en Andalucía. Cursos presenciales, clases online, temario actualizado y plataforma de test. ¡Consigue tu plaza!"
Aprendesk,https://aprendesk.app/,Colegios y centros,,686 06 44 87,"Jaén, Andalucía","Clases de refuerzo en Jaén para Primaria, ESO y Bachillerato. Matemáticas, Física, Lengua y más. Presencial y online. Profesores especializados. Llámanos o déjanos tus datos."
FormiaFP,https://formiafp.com/,FP,info@formiafp.com,951 204 956; 651 072 310,"Marbella, Andalucía",
Isa Mata Oposiciones,https://isamataoposiciones.com/,Oposiciones,opojustisa@gmail.com,+34 630 184 364,,"Clases, en directo , totalmente didácticas y explicativas para que el/la opositor/a pueda asimilar conceptos de manera fácil y amena."
DigitechFP,https://digitechfp.com/,FP,admisionesonline@digitechfp.com; admisionesmadrid@digitechfp.com; admisionesmalaga@digitechfp.com; admisionesbcn@digitechfp.com,662 423 339; 699 543 275; 636 413 470; 689 659 868,,"DIGITECH Centro Oficial FP informática. Grado Medio, Grado Superior y Másteres. Online y Presencial, prácticas en empresas y bolsa de trabajo."
Everest Centro de Estudios,https://everestcentrodeestudios.com/,Colegios y centros,info@everestcentrodeestudios.com; infor@everestcentrodeestudios.com,956 065 745,"Algeciras, Andalucía",
Información BACH,https://www.ipepmalaga.es/,Colegios y centros,,951 29 36 40; 951 29 38 45,"Málaga, Andalucía",– Conocimientos de navegación básica por internet y correo electrónico para el acceso al aula virtual.
Academia Oposiciones Sanidad Sevilla,https://www.oposicionsanitaria.es/,Oposiciones,info@oposicionsanitaria.es,600 556 168,"Sevilla, Andalucía",
Centro de estudios PDC,https://www.centrodeestudiospdc.com/,Colegios y centros,alcansol@gmail.com,647 391 224; 954 40 10 25,"Sevilla, Andalucía",¿Buscas un centro de estudios en Sevilla Este? Clases personalizadas para todos los niveles educativos. Presenciales y online. ¡Visítanos!
Oposiciones Policía Local Zaragoza,https://avanzaragoza.com/,Oposiciones,,+34976394251,"Zaragoza, Aragón",Somos el único centro que ofrece un curso online para preparar las oposiciones de acceso a la Policía Local de Zaragoza.
ISFES,https://www.isfes.es/,Oposiciones,info@isfes.es; academia@isfes.es; academia@sfes.es,644555510; +34605325281; 695390863,"Zaragoza, Aragón","Academia de Oposiciones a Policía Local de Zaragoza y Aragón: Temario actualizado, Tests y Clases Online."
Academia CSL Oposiciones Policía Local y Bomberos Zaragoza,https://cslaragonacademia.es/,Oposiciones,,620 403 085; 679 69 98 53; 976 72 11 79,"Zaragoza, Aragón",Academia CSL Oposiciones Policía Local Zaragoza y Bomberos. Preparación completa. Alto nivel. Online y Presencial. Físicas. Temario.
CDE Luño,https://xn--luocde-xwa.es/,Colegios y centros,luno.cde.info@gmail.com,671 47 45 55,"Zaragoza, Aragón",
Forpe Centro Educativo,https://www.forpecentroeducativo.com/,Colegios y centros,info@forpecentroeducativo.com,984 84 22 40; 684 63 83 97,"Oviedo, Principado de Asturias",
Escuela Europea,https://escuela-europea.com/,FP,infofp@fpaspasia.com,663 86 48 53; 985275857,"Oviedo, Principado de Asturias",FP Ciclos formativos oficiales presenciales y online. Descubre todas las ventajas de nuestra escuela.
Clases de Refuerzo académico 2025/2026 para Eso y Bachiller,https://uriapsicologos.es/,Colegios y centros,info@uriapsicologos.es,985 37 40 81; 605 020 501; 615 853 736,"Gijón, Principado de Asturias",
Academia Lugás,https://academialugasgijon.es/,Colegios y centros,academialugas27@gmail.com,616 527 016,"Gijón, Principado de Asturias","Formación flexible para estudiar desde casa con seguimiento, materiales y clases en directo."
Centro de Estudios KARBA,https://cekarba.com/,Oposiciones,info@cekarba.com,+34 985 52 22 24,"Avilés, Principado de Asturias","A través de nuestro Campus Virtual, para que nada te impida conseguir una preparación óptima."
Agoraleón,https://agoraleon.es/,FP,,987 399 729; 665 396 469,"Avilés, Principado de Asturias",
AULA VIRTUAL,http://auladidactica.freehostia.com/,FP,,7 8 9 10 11 12,"Avilés, Principado de Asturias",
IEDIB,https://iedib.net/,Colegios y centros,info@iedib.net,971170650,"Palma, Illes Balears","Per aquest curs 26-27, s’organitzaran presentacions per videoconferència dels diferents ensenyaments que ofereix l’IEDIB."
Academia Integral,http://www.integralacademia.com/,Colegios y centros,javieracademiaintegral@gmail.com,+34 606 26 62 20,"Palma, Illes Balears","Hemos conseguido ofertar un online con la mejor tecnología disponible en el mercado: clases en directo a través de nuestra web con la mejor calidad, entramos en tu escritorio del ordenador y puedes interactuar con el profesor sin problema."
Academia MATES,https://academiamates.com/,Colegios y centros,academiamates@gmail.com,627 23 87 23,"Palma, Illes Balears",
Bomberos : Academia SERPOL,https://academiaserpol.com/,Oposiciones,bomberos@academiaserpol.com; info@academiaserpol.com,971 415 419; 633 619 360,,"El horario será de 11:30 a 13:30h los Lunes, Miércoles y Viernes, de carácter online, con posibilidad de verlas en directo mediante el enlace que encontrarás en el aula virtual."
Preparación Agentes de Hacienda Pública en Canarias,https://www.yosoyahp.es/,Oposiciones,yosoyahp@gmail.com,605183063,,"Preparación Agentes de Hacienda Pública en Canarias (AHP). Clases online, temario actualizado, plataforma de test. Funcionaria AEAT."
Clases particulares y Profesores particulares en Las Palmas,https://enformate.net/,Colegios y centros,,692 83 49 02; 928 580 723; 693 302 139; 922 082 555,"Las Palmas, Canarias",
Formación CIP,https://formacioncip.com/,FP,infolpa@formacioncip.com; infotfe@formacioncip.com,+34 928 369 211; +34 922 254 228; +34 922 872 015,"Santa Cruz de Tenerife, Canarias",
Diario Palmero,https://www.diariopalmero.es/,FP,direccion@diariopalmero.info,,"La Laguna, Canarias",
Escuelas Universitarias Gimbernat,https://www.eug.es/,Colegios y centros,,93 589 37 27; 942 801 648; 942 801 650; 942 803 416,"Torrelavega, Cantabria","Campus Virtual de las Escuelas Universitarias Gimbernat para sus estudios de Enfermería, Fisioterapia, Informática y Logopedia."
Centro de estudios Ágora en Santander,https://ceagora.com/,Colegios y centros,cursos@ceagora.com,942 141 129,"Santander, Cantabria",Nuestra plataforma online permite realizar nuestros cursos a distancia.
Academia AdOC,https://academiaadoc.es/,Oposiciones,info@academiaadoc.es,942 37 10 85; 608 24 06 57,"Santander, Cantabria",Clases de preparación para oposiciones. Ofertas de empleo público. Formación presencial y online. El mayor índice de aprobados en Cantabria.
Idea,https://www.academiaideas.es/,Colegios y centros,academideas@gmail.com,+34 699 612 806,"Santander, Cantabria","Contamos con clases presenciales y online , para que cada alumno pueda elegir la modalidad que mejor se adapte a sus necesidades."
Academia Julita,https://www.academiajulita.com/,Colegios y centros,info@academiajulita.com,618 48 47 35,"Toledo, Castilla-La Mancha","Academia de refuerzo en Toledo especializada en ciencias: matemáticas, física, química y biología. Clases para ESO, Bachillerato, FP y Universidad. Grupos máximo 5 alumnos, individuales y online. Próxima apertura."
"Academia Tecnas, Centro de Formación Presencial y Online‎.",https://www.academiatecnas.com/,Oposiciones,tecnas@academiatecnas.com,926 23 24 27,"Ciudad Real, Castilla-La Mancha","En Academia Tecnas la oposición se prepara según preferencia del alumnado: presencial o mediante aula virtual , contando con preparadores que pertenecen al cuerpo de Hacienda y tienen una gran experiencia tanto profesional como de docente."
Beta Formación Torrent,https://betaformacion.com/,Oposiciones,info@betaformacion.com,961 571 010,"Cuenca, Castilla-La Mancha","Oposiciones de Administrativo de Estado, Generalitat, Diputación y Ayuntamiento de Valencia, en modalidad Presencial en Torrent y Online."
Academia Sefer Oposiciones,https://www.seferoposiciones.es/,Oposiciones,info@seferoposiciones.es,934 548 424; 628 557 109,,Prepárate para conseguir tu plaza en Tramitación Procesal con Sefer Oposiciones. Academia especializada en Justicia desde 1975. Curso presencial y online.
Colegio Marista Liceo Castilla en Burgos,https://maristasburgos.org/,Colegios y centros,,947238161,"Burgos, Castilla y León",Aula Virtual - Colegio Marista Liceo Castilla en Burgos
Marlu Educativa,https://marlueducativa.es/,Colegios y centros,info@marlueducativa.es,+34 671 19 95 93,"Salamanca, Castilla y León","Clases particulares en Salamanca y online para toda España. Matemáticas, Química, Física, Inglés | Alumnos de primaria, ESO, bachillerato, universitarios y adultos."
ith,https://www.ithoposiciones.com/,Oposiciones,,690 982 983; 660 570 477,"León, Castilla y León",En ITH Oposiciones somos pioneros en la formación online sin perder de vista a las personas.
Academia de oposiciones policía local en Palencia: Academia CYL,https://www.academiapolicialcyl.es/,Oposiciones,academiapolicialcyl@gmail.com,633 336 173,"Palencia, Castilla y León",
Facultad de Educación Palencia | FEd Palencia,https://educacionpalencia.es/,Colegios y centros,negociado.edu.pa@uva.es,+34 979 108 207; 979108213; 979108215,"Palencia, Castilla y León",Curso online de Recursos Bibliográficos para Estudiantes de Grado.
univpalencia,https://www.univpalencia.org/,Colegios y centros,univpalencia@gmail.com,979 702 604,"Palencia, Castilla y León","Sus contenidos están siempre disponibles a través de la radio convencional en frecuencia modulada, en directo y en la fonoteca de la web y de la app Radio Colores para Android"
Formate en Palencia,https://formateenpalencia.es/,FP,infopalencia@formatecastillayleon.com,621 244 464; 979 490 800,"Palencia, Castilla y León","Debido a las medidas excepcionales para hacer frente al impacto del Covid-19 en materia de formación profesional para el empleo, y por motivos de seguridad, la modalidad presencial se ha sustituido por la modalidad de aula virtual, en casi todos los casos."
I&G Iván González,https://oposicioneszamora.es/,Oposiciones,formacion@ivangonzalezgonzalez.es,605 01 41 54,"Zamora, Castilla y León","Curso de preparación para las oposiciones Auxiliar Administrativo JCyL , presenciales con apoyo de plataforma online o totalmente online, en Oposiciones Zamora tú eliges el método."
IES La Vaguada,https://www.ieslavaguada.com/,FP,,980 53 41 04; 980 534761,"Zamora, Castilla y León",
INAV,https://www.inav.es/,FP,,697 592 528,,"Actualmente, INAV FP imparte el Ciclo Formativo Medio de Gestión Administrativa, el Ciclo Formativo Medio de Cuidados Auxiliares en Enfermería, y el Ciclo Formativo Medio de Sistemas Microinformáticos y Redes en modalidad online."
EsitFP,https://esitfp.com/,FP,info@esitfp.com,977 542 807,"Tarragona, Cataluña",
Aulacem,https://www.aulacem.es/,FP,,965 448 489,"Elche, Comunidad Valenciana","Campus Virtual: Estudia desde cualquier lugar con nuestro campus virtual avanzado, accesible y flexible, compatible incluso si resides fuera de la provincia o necesitas conciliar los estudios con tu vida laboral, facilitando un aprendizaje adaptativo."
Cámara FP,https://www.campuscamarafp.com/,FP,info@campuscamarafp.com,961 366 209,"Valencia, Comunidad Valenciana",
CDS Centro Oficial,https://cdsformacion.com/,FP,hola@cdsformacion.com,+34 924 26 34 96,"Badajoz, Extremadura",
IES San Clemente,https://www.iessanclemente.net/,FP,,881 867 501; 881 867 538,"Santiago de Compostela, Galicia",
Portovello,https://cifpportovello.gal/,FP,cifp.portovello@edu.xunta.es,988 788 903; 988 788 901,"Ourense, Galicia",Enlaces das videoconferencias das presentacións de distancia
Sanitio Formación| Centro de Formación Sanitaria y Grados FP,https://sanitioformacion.com/,FP,informacion@sanitioformacion.com,+34 655 34 16 76,"Ourense, Galicia",TODOS NUESTROS CURSOS TAMBIÉN ESTÁN DISPONIBLES EN MODALIDAD ONLINE
CIFP Rodolfo Ucha Piñeiro,https://www.cifprodolfoucha.es/,FP,cifp.rodolfo.ucha@edu.xunta.es,+34 881 930 145; +34 881 930 146; +34 881 930 165,"Ferrol, Galicia",
Impulsa . Centro de Formación,https://www.impulsacentrodeformacion.es/,FP,info@impulsacentrodeformacion.es,677 808 629; 669 820 206,"Pamplona, Comunidad Foral de Navarra",
Salesianas Barakaldo,https://barakaldo.salesianas.org/,FP,barakaldo@salesianas.org,944 99 39 04; 944 99 34 23; 636 394 250,"Barakaldo, País Vasco","Carisma educativo salesiano: a pesar de ser una formación online, las Salesianas se asegurarán de que el carisma educativo que las caracteriza esté presente en cada aspecto del programa."
IES Mateo Alemán,https://iesmateoaleman.com/,FP,ies.mateoaleman.alcala@educa.madrid.org; alcala@educa.madrid.org; secretaria.ies.mateoaleman.alcala@educa.madrid.org,91 8797129; 91 8882431; 91 8882264; 91 8897964,"Alcalá de Henares, Comunidad de Madrid",
Ehtalcala.com,https://www.ehtalcala.com/,FP,ies.hosteleria.alcala@educa.madrid.org,91 880 23 13,"Alcalá de Henares, Comunidad de Madrid",
Móstoles Joven,https://www.mostolesjoven.es/,FP,cjuventud.familia.igual.coop@ayto-mostoles.es; cidoj@ayto-mostoles.es; tiempolibre@ayto-mostoles.es; sensibilizamostoles@ayto-mostoles.es,,"Móstoles, Comunidad de Madrid",Programas de formación reglada a distancia y cursos online para ampliar tu Currículum
CDM FP,https://cdmfp.es/,FP,secretaria@cdmfp.es; info@cdmfp.es,910 005 006; 622 56 21 91; 635598814,"Alcorcón, Comunidad de Madrid",
FP a distancia de la Cámara de Comercio de Madrid,https://cursos-formacion.camaramadrid.es/,FP,camara@camaramadrid.es,91 538 35 00,"Madrid, Comunidad de Madrid",Inicio » Escuela Formación Profesional » Escuela de Negocios » Cursos Online » FP a distancia
Cruz Roja FP,https://cruzrojafp.es/,FP,,+34 913 609 676,"Madrid, Comunidad de Madrid","Por eso, en Cruz Roja FP te ofrecemos una modalidad online pensada para adaptarse a ti, para que puedas avanzar en tu formación sin renunciar a otras responsabilidades."
JOBIE FP FP DAW Granada,https://jobiefp.es/,FP,,+34 634 06 16 06,"Granada, Andalucía",Modalidad presencial u online/a distancia · Técnico Superior en Desarrollo de Aplicaciones Web · Formación en empresa
UTAMED,https://utamed.es/,FP,,951 562 138,,"La formación se realiza 100% online , con prácticas garantizadas en empresas del sector , para que puedas aplicar tus conocimientos en situaciones reales."
Formas Granada,https://www.formasgranada.com/,FP,info@formasgranada.com; j.ramirez@formasgranada.com,958 695 440,"Granada, Andalucía",
Sanitas Campus,https://sanitascampus.sanitas.es/,FP,,91 585 90 00,,Estudia tu FP presencial o en modalidad online
CES Juan Pablo Segundo,https://cesjuanpablosegundo.es/,FP,,91 014 98 67; 699 86 65 54; 925 24 54 70; 665 927 171,"Cádiz, Andalucía",
Academia del Transportista,https://www.academiadeltransportista.com/,FP,info@academiadeltransportista.com,+34 672 035 652,"Jerez, Andalucía","En España las plataformas de formación online han mejorado notablemente , ofreciendo contenidos interactivos, clases en directo, tutorías personalizadas y acceso a recursos digitales avanzados."
Almerimatik Formación,https://almerimatikformacion.es/,FP,info@almerimatikformacion.es,950 22 80 12,"Almería, Andalucía",
La Salle Virgen del Mar,https://centros.lasallefp.com/,FP,info.vm@lasalleandalucia.net; infofp@lasalle.es; fponline@lasalle.es,950 22 00 93; +34 93 292 21 18,"Almería, Andalucía",
Fit Generation | La formación del futuro,https://fitgeneration.es/,FP,soporte@fitgeneration.es,,"Marbella, Andalucía",💻 ¿Dónde puedes estudiar TSD online desde Marbella?
EFA El Campico,https://www.elcampico.org/,FP,elcampico@elcampico.org,96 535 04 85; 695 96 59 44,,"Con la modalidad online/semipresencial serás técnico superior de administración y Finanzas con una titulación oficial y reglada, pudiendo organizar tu tiempo"
ESDAC,https://esdac.es/,FP,info@esdac.es,985 20 65 86,"Oviedo, Principado de Asturias",
CIFP CERDEÑO,https://www.cifpcerdeno.com/,FP,,+34 985282297,"Oviedo, Principado de Asturias",
Metrodora FP,https://metrodorafp.com/,FP,,900 83 82 46; 910 88 02 61; 915 26 61 16; 942 06 39 23,,Orientamos tu vocación sanitaria en modalidad PRESENCIAL y ONLINE FP Sanitaria Oficial de Grado Medio y Superior.
IES Virgen de la Paloma. Formación Profesional de calidad,https://www.palomafp.org/,FP,,+34 91 398 03 00,,
MetaFP,https://www.metafp.es/,FP,info@metafp.es,936 095 610,,"A su vez, cada asignatura, cuenta con su respectiva aula virtual independiente, y está a cargo de un profesor, con el cual puedes comunicarte y consultar todas las dudas que te surjan a lo largo de tu proceso de estudio."
ACU CANARIAS. Centro de Formación Profesional (Tenerife,https://acucanarias.com/,FP,administracion@acucanarias.com,922 25 71 54; 922 12 12 69; 902 12 12 69; 922 26 61 12,"Santa Cruz de Tenerife, Canarias",
IES San Fernando,http://www.iessanfernando.com/,FP,secretaria.ies.sanfernando.madrid@educa.madrid.org,91 734 27 00; 91 734 0764,,
Ceinmark,https://ceinmark.net/,FP,ceinmark@ceinmark.net,942 23 13 44,"Santander, Cantabria","telepresencial: clases en streaming, aula virtual 24/7 y apoyo constante de los docentes."
Salesianos Ciudad Real,https://www.salesianosciudadreal.com/,FP,secretaria@salesianosciudadreal.com; director@salesianosciudadreal.com; antonio.esgueva@salesianosciudadreal.com; administracion@salesianosciudadreal.com,926 222 100; 926 230 167,"Ciudad Real, Castilla-La Mancha",
VIGILES,https://www.fpvigiles.com/,FP,administracion@fpvigiles.com; administracion@ifpvigiles.com,+34 610 752 049,,
IES Núñez de Arce,https://www.nunezdearce.es/,FP,instituto@nunezdearce.es,983361690,"Valladolid, Castilla y León",
FP SMR Online: Sistemas Microinformáticos y Redes,https://www.prometeo-fp.com/,FP,fp@thepower.education,919 01 28 43,"Soria, Castilla y León",Máster Especialización (2 clases en directo al mes)
Instituto ÍNTER,https://institutointer.com/,FP,info@institutointer.com,+34 96 380 87 64,,
Infoclases,https://infoclases.com/,Colegios y centros,,915917590; 657 34 15 98,"Reus, Cataluña","Clases particulares de inglés, inglés de negocios, preparación de exámenes, conversación, apoyo escolar, clases presenciales a domicilio y online, experiencia en todos los niveles, jóvenes y adultos"
Academia Pythagoras,https://academiapythagoras.es/,Colegios y centros,academia@aparicio.biz,662 187 097,"Alicante, Comunidad Valenciana","Academia Pythagoras Alicante. Clases particulares, presenciales y online para alumnos de primaria, secundaria, grados, UA y UNED."
Academia Valencia,https://www.academia-valencia.com/,Colegios y centros,info@academia-valencia.com,960 069 137; 642 067 077,"Valencia, Comunidad Valenciana","Academia en Valencia: selectividad (PAU/EBAU), idiomas, clases de apoyo y acceso a la universidad. Clases presenciales y online con más de 15 años de experiencia."
Academia Atenas,https://www.academiaatenas.com/,Colegios y centros,matematicasatenas@gmail.com,637 59 62 50,"Vigo, Galicia","Además, también ofrecemos clases al aire libre y online ."
Centro Académico de Alto Rendimiento,https://academiasantiago.es/,Colegios y centros,info@academiasantiago.es,636 39 41 30,"Santiago de Compostela, Galicia","En el mundo conectado de hoy, las clases online ofrecen una solución conveniente y efectiva para quien está estudiando lejos de Santiago."
Centro Académico Eduteca,https://centroacademicoeduteca.es/,Colegios y centros,info@centroacademicoeduteca.es,604 070 797,"Ourense, Galicia","Academia Educativa comprometida con la formación integral, gabinete infantil especializado, clases online/presenciales , refuerzo educativo.."
Academia de Manuel,https://academiademanuel.com/,Colegios y centros,academiademanuel@gmail.com,982 985 380; 686 353 379,"Lugo, Galicia",
Be Magic,https://www.bemagictorrevieja.com/,Idiomas,info@bemagictorrevieja.com,647 788 740,"Torrevieja, Comunidad Valenciana",
Awen Academia,https://awenacademia.com/,Idiomas,awen.educa@gmail.com,638 930 497,"Vigo, Galicia","¡La mejor decisión!En mi casa somos todos alumnos, y a mí me facilitaron un montón las cosas dándome la opción de hacer las clases online."
Clen College,https://clencollege.es/,Idiomas,recepcion@clencollege.com,+34 948 172 391; +34 948 045 019,"Pamplona, Comunidad Foral de Navarra",– Clases individuales (presenciales y online).
Academia Alcalá de Henares,https://academiaalcaladehenares.com/,Idiomas,,911 620 116; 673 007 398; 606 667 586,"Alcalá de Henares, Comunidad de Madrid",
Elinqua,https://elinqua.es/,Idiomas,,+34613006723,"Pamplona, Comunidad Foral de Navarra","Cursos de inglés para jóvenes en Pamplona y online. Clases de refuerzo de inglés de ESO y Bachillerato, preparación EVAU y examen Cambridge B2"
CIFP Politécnico de Murcia,https://cifppolitecnicodemurcia.es/,FP,distancia@cifppolitecnicodemurcia.es; nre@alu.murciaeduca.es,968 27 51 61,"Murcia, Región de Murcia",
Jaume Viladoms,https://www.jviladomsfp.cat/,FP,formacio.continua@jviladoms.cat; cicles.formatius@jviladoms.cat,93 725 90 99,"Sabadell, Cataluña",
El Divino Pastor,https://aulavirtualciclos.eldivinopastor.com/,FP,infociclos@eldivinopastor.com,952 32 40 00,,Bienvenid@s al Aula Virtual de Ciclos Formativos El Divino Pastor
CETEC Formación,https://www.cetecformacion.es/,Oposiciones,info@cetecformacion.es,981 371 670,"Ferrol, Galicia","Además, nuestros cursos se pueden estudiar presencialmente, o, si lo prefieres, a través de nuestra aula virtual."
Ceasfor,https://www.ceasfor.com/,Oposiciones,info@ceasfor.com,977 24 83 19,"Tarragona, Cataluña","Accede al campus online Ceasfor y estudia a tu ritmo. Aula virtual con contenidos actualizados, tutorías y formación flexible."
Academia En Teoría,https://academiaenteoria.es/,Colegios y centros,info@academiaenteoria.es; academiaenteoria@gmail.com,608 00 78 64,"Logroño, La Rioja",Clases individuales o en pequeños grupos que pueden ser presenciales y online.
Centro de Estudios Toan,https://www.academiatoan.com/,Colegios y centros,contacto@academiatoan.com,676 970 160; 913 675 426,"Madrid, Comunidad de Madrid","Centro de Estudios privado en Madrid. Clases magistrales, presenciales y Online. ¿Por qué te garantizamos el éxito? Por nuestros grupos reducidos, nuestros profesores especializados y nuestra VOCACIÓN de enseñanza."
Aprender a Aprender,https://aprenderaaprender.es/,Colegios y centros,aca.aprender@gmail.com,690 116 210; 968 121 382,"Cartagena, Región de Murcia",Academia de clases particulares y apoyo en Cartagena desde 1994. Online y presencial. Explicaciones personalizadas. Grupos reducidos.
Darío Estudio,https://darioestudio.es/,Colegios y centros,,91 547 40 84; +34 915411515,"Madrid, Comunidad de Madrid",Se trata de un Aula Virtual que cuenta con apartados destinados tanto a nuestros alumn@s de bachillerato como a aquell@s que estén preparando Pruebas de Acceso a la Universidad.
