Company name,Website,Company type,Emails,Phones,Location,About
Baños Árabes Más que un Spa en Jerez,https://hammamandalusi.com/2018/07/18/banos-arabes-mas-que-un-spa-en-jerez/,SPA,info@hammamandalusi.com,956 349 066,"Jerez, Andalucía","Si alguna vez has querido ir a un spa en Jerez tienes varias alternativas, pero los baños árabes se desmarcan como la opción ideal si lo que quieres es desconectar de la rutina y cambiar..."
Hotelgranadacentro,https://hotelgranadacentro.com/vive-granada/bienestar-en-granada-descubre-los-spas-y-banos-arabes-a-un-paso-del-centro-de-la-ciudad/,SPA,info@hotelgranadacentro.com,958 278 824; 679 550 000,"Granada, Andalucía",Granada es una ciudad que invita a relajarse.
Castellon5Sentidos,https://www.castellon5sentidos.com/experiencias-de-bienestar-en-spas-de-la-costa-brava-y-el-pirineo-de-girona/,SPA,info@castellon5sentidos.com,789 069 926; 789 069 932; 980 152 934,"Girona, Cataluña",Experiencias de bienestar en spas de la Costa Brava y el Pirineo de Girona
Bio-Spa Isabel,https://biospawellness.com/bio-spa-isabel/,SPA,recepcionvictoria@biospawellness.com; costaadeje@biospawellness.com; isabel@biospawellness.com; fanabe@biospawellness.com,922 987 176; 922 717 060; 922 747 007,"Tenerife, Canarias",Bio-Spa Isabel: Experiencias íntimas de bienestar en Tenerife.
Botanical Spa by Sisley,https://www.granhotelmiramarmalaga.com/es/spa/,SPA,hotel.miramar@hsantos.es; spa.miramar@hsantos.es,952 603 000; 952 603 011,"Málaga, Andalucía",Botanical Spa by Sisley en Gran Hotel Miramar 5* de Málaga es un exclusivo espacio creado para la relajación y renovación de cuerpo y mente.
Brisa Centro Bienestar,https://brisacentromasaje.com/,SPA,brisa.spavigo@gmail.com,695 451 280,"Vigo, Galicia",Relájate en Brisa Centro Bienestar en Vigo.
Centro Sensaciones,https://centrosensaciones.com/,SPA,info@centrosensaciones.com,948 066 565; 670 882 059,"Pamplona, Navarra","Centro Sensaciones es un espacio de estética y bienestar en Pamplona donde cuidamos cuerpo y mente con tratamientos faciales, masajes y rituales personalizados."
Centro Wellbeing Spa Hotel Sant Francesc,https://hotelsantfrancesc.com/es/masajes-tratamientos/,SPA,info@hotelsantfrancesc.com; restaurant@hotelsantfrancesc.com; hr@hotelsantfrancesc.com,971 495 000; 971 495 131; 971 787 230,"Palma, Illes Balears","Aproveche el Wellbeing Spa de Sant Francesc en el centro de Palma; masajes, tratamientos, rituales y productos de belleza"
Centro de Bienestar,https://kokorosalud.es/,SPA,info@kokorosalud.es,658 517 097; 733 333 333; 933 333 333,"Alicante, Comunidad Valenciana","Disfruta de un espacio de sanación en Alicante con tratamientos personalizados que fomentan el bienestar físico, mental y emocional."
Centro de Masajes en Bilbao,https://www.arcadea.es/,SPA,ayuda@arcadea.es,623 002 383; 944 348 065; 600 334 089,"Bilbao, País Vasco","Centro de masajes en Bilbao. Masaje terapéutico, tejido profundo, prenatal, kobido facial y drenaje linfático."
Centro de Masajes y Estética en Zaragoza,https://sabah.es/,SPA,info@sabah.es,976 236 956; 629 404 257,"Zaragoza, Aragón","Sabáh, tu Centro de Bienestar y Salud en Zaragoza: Masajes, Estética, Fisioterapia y Actividades (Pilates, Boxeo, Yoga...)."
Centro de Salud y Belleza Teresa Raya,https://www.efisioterapia.net/clinicas/196047-centro-salud-y-belleza-teresa-raya,SPA,contacto@efisioterapia.net,649 912 011,"Reus, Cataluña",Centro de Salud y Belleza Teresa Raya ubicada en Reus.
Centro de Salud y Bienestar,https://www.parquealameda.net/centro-de-salud-y-bienestar/,SPA,info@parquealameda.net,974 229 966,"Huesca, Aragón","Somos un centro deportivo comprometido con el DEPORTE y la SALUD en la ciudad de Huesca con unas amplias instalaciones, especializados en Les Mills, Pilates, K- ..."
Centro de Spa en Burgos,https://esteticaazahara.es/centro-de-spa-en-burgos/,SPA,info@esteticaazahara.es,947 297 362; 672 266 741,"Burgos, Castilla y León","El centro deportivo cuenta con el Spa urbano más grande de Burgos, el cual podrás compaginar con una amplia gama de nuestros tratamientos."
Centro de estética en Elche,https://hermeswellness.es/,SPA,info@hermeswellness.es,798 008 683,"Elche, Comunidad Valenciana",Hermes Wellness es uno de los centros de estética en Elche mejor valorados.
Centro de estética y masajes Nuria González,https://www.centroesteticonuria.es/?srsltid=AU7gw4XVUt6YKbnshm_dVp2Az1JsEI_n3zQDXTpXCX4kFFizr4zUY9Of,SPA,info@centroesteticonuria.es,983 390 389,"Valladolid, Castilla y León","Estética y masajes Nuria González, tu centro de estética en Valladolid."
Centro de wellness Salobre Hotel Resort Serenity. Maspalomas,https://www.salobrehotel.com/be-aloe/,SPA,booking@salobrehotel.com,928 943 000,"Las Palmas, Canarias",Las propuestas de spa del Salobre Hotel Resort & Serenity son un acierto para lograr el relax.
Circuito Bienestar,https://centronature.es/producto/circuito-bienestar/,SPA,recepcion@centronature.es,663 965 540; 953 087 424,"Jaén, Andalucía",Disfrutarás de: Circuito Termal Nature de 80 minutos.
Concha Juan Beauty Spa,https://conchajuan.com/,SPA,info@conchajuan.com,733 226 970; 772 848 209; 846 620 907,"Castellón, Comunidad Valenciana","Descubre nuestros productos y tratamientos de belleza facial y belleza corporal en Castellón: Cyclone, Higiene facial, Maderoterapia, LPG,"
Cumbria Spa Hotel en Ciudad Real,https://www.cumbriahotel.es/,SPA,info@encumbria.es,926 250 404,"Ciudad Real, Castilla-La Mancha",Cumbria Spa & Hotel en Ciudad Real. Web Oficial.
Wellnessmadrid,https://wellnessmadrid.com/?srsltid=AU7gw4W4qoFcQyI1InSk0_Yd_VeytKJuMDFKB3RErj4-QAaUTDjbeDGd,SPA,info@wellnessmadrid.com,917 373 595; 633 563 715; 958 221 020,"Madrid, Comunidad de Madrid","Centro Wellness en el corazón de Madrid especializado en Masajes profesionales, tratamientos faciales Premium, Tratamientos Corporales con Resultados y Rituales"
Esencia Valladolid,https://www.esenciavalladolid.es/?srsltid=AU7gw4WHFQLFXwIiX_2j7a9riB121VC2KSWSMpjQ4jb43WvqpMF4bVc7,SPA,info@esenciavalladolid.es,625 035 868,"Valladolid, Castilla y León","Esencia Valladolid |Centro de Belleza Natural, Bienestar y Salud."
Esencia Wellness,https://esenciawellness.com/,SPA,sd.terapiasnaturales@gmail.com,667 535 869,"Gijón, Principado de Asturias",Vive la experiencia. Desde una extensa carta de masajes y rituales exclusivos.
Gran Hotel Lakua Vitoria-Gasteiz,https://www.granhotelakua.com/spa/,SPA,recepcion@granhotelakua.com,945 181 000,"Vitoria, País Vasco","Disfrute de nuestro circuito de Spa en el Gran Hotel Lakua: piscina de hidromasaje, sauna, jets, tumbonas térmicas y más."
Guía de Retiros de Bienestar en Marbella,https://www.dmproperties.com/es/44724-guia-retiros-bienestar-marbella,SPA,info@dmproperties.com,952 820 900; 952 822 211; 952 768 880,"Marbella, Andalucía","La provincia de Málaga, conocida por sus impresionantes paisajes costeros y su vibrante cultura, ofrece un sinfín de oportunidades de bienestar para"
Hammam Bienestar Ancestral,https://hammamancestral.es/,SPA,contacto@hammamancestral.es,965 039 525,"Alicante, Comunidad Valenciana","El hammam, una terapia inspirada en los baños romanos y otomanos, totalmente pensada alrededor de un elemento clave fuente de higiene y purificación: el agua."
Hotel Bienestar Moaña en la Ría de Vigo,https://www.bienestarmoana.com/,SPA,hotel@bienestarmoana.com; spa@bienestarmoana.com,986 393 176; 986 118 894,"Vigo, Galicia","Hotel y Spa Bienestar Moaña, un mar de posibilidades en la Ría de Vigo, Galicia."
Hotel Spa QH Centro León Un baño de bienestar,https://www.diariodeleon.es/ocio/destinos/250523/2048906/hotel-spa-qh-centro-leon-bano-bienestar.html,SPA,info@qhhoteles.com,987 875 580,"León, Castilla y León","Masajes, tratamientos de belleza y piscina."
Hotel Spa QH Centro León Web Oficial,https://www.hotelqhcentroleon.com/en-GB/index.aspx,SPA,info@hotelqhcentroleon.com,987 875 580,"León, Castilla y León",Reserva al mejor precio en la Web Oficial del Hotel Spa QH Centro León.
Hotel Spa cerca de Barcelona. Finca Prats en Lleida,https://fincaprats.com/es/experiencias,SPA,reserves@fincaprats.com; events@fincaprats.com; weddings@fincaprats.com; business@fincaprats.com,973 254 814,"Lleida, Cataluña","Regala nuestros Packs, Experiencias Finca Prats."
Hotel con Spa Privado en Huesca,https://hotelsanramonsomontano.com/hotel-con-spa-privado-relax.html,SPA,info@hotelsanramonsomontano.com,974 312 825; 974 314 304,"Huesca, Aragón",El circuito de spa privado del Hotel San Ramón es de uso exclusivo para cada cliente.
IMI HOTEL SPA,https://imihotel.com/,SPA,reservas@imihotel.es,988 108 000,"Ourense, Galicia","El IMI Hotel & SPA, está situado a 400m de As Burgas, uno de los espacios más emblemáticos y queridos en la ciudad de Ourense, directamente ligado a sus ..."
La Perla Talasoterapia Spa Belleza Deporte y Salud,https://la-perla.net/,SPA,info@la-perla.net; restaurante@la-perla.net,943 458 856; 943 462 484,"San Sebastián, País Vasco","La Perla, Centro de Talasoterapia, circuito Spa, tratamientos de belleza, fisioterapia, rehabilitación y gimnasio en San Sebastián, Gipuzkoa"
MP Clinic Spa Elche,https://www.mpclinicspa.com/,SPA,info@mpclinicspa.com,687 002 911,"Elche, Comunidad Valenciana",Relájate con Nuestros Masajes Exclusivos en MP Clinic Spa Dedica un momento solo para ti y disfruta de la serenidad que nuestros masajes relajantes te ofrecen.
Masajista San Sebastian,https://harmony.com.es/,SPA,natalia@harmony.com.es,680 433 244,"San Sebastián, País Vasco",Masajista San Sebastian. Masajes y tratamientos exclusivos en San Sebastián.
Vouxers,https://www.vouxers.com/es/natura-sabia/,SPA,info@vouxers.com,757 170 782; 791 067 188; 988 693 109,"Jerez, Andalucía",Bonos regalo en Natura Sabia del Hotel Jerez & Spa.
Oasis Spa Masajes en Sevilla,https://oasisspasevilla.com/,SPA,reservas@oasisspasevilla.com,668 518 883,"Sevilla, Andalucía","Oasis Spa Sevilla es un refugio de bienestar físico y mental en el que disfrutar de circuitos de aguas termales, masajes y tratamientos de belleza."
Oriental Spa,https://www.orientalspa.es/,SPA,santander@orientalspa.es; oviedo@orientalspa.es; coruna@orientalspa.es; madrid@orientalspa.es,942 070 812; 985 436 988; 695 375 759,"Santander, Cantabria","Oriental Spa, tu centro donde encontrarás los masajes orientales más reconocidos."
Petit Spa Bienestar,https://www.gargallo-hotels.com/huesca/hotel-sancho-abarca-petit-spa/petit-spa-bienestar,SPA,reserve@gargallohotels.es,932 689 070,"Huesca, Aragón","Sauna, jacuzzi y masajes te esperan en un spa acogedor que invita a detenerse y disfrutar de un momento de bienestar en pleno centro urbano."
SPA Oasis de Sevilla,https://www.spasevilla.org/spa-oasis-sevilla.html,SPA,info@spasevilla.org,699 341 142,"Sevilla, Andalucía","Baños SPA Oasis de Sevilla, en pleno centro de Sevilla."
SPA en Santiago de Compostela,https://espagat.com/spa-en-santiago-de-compostela/,SPA,hola@espagat.com,981 591 883,"Santiago de Compostela, Galicia",Disfruta del circuito SPA en el centro de Santiago de Compostela.
Naturasabia,https://naturasabia.es/,SPA,naturasabia2010@gmail.com,610 223 438,"Jerez, Andalucía",Descubre opciones de salud natural y terapias naturales en Jerez de la Frontera para mejorar tu bienestar de forma holística y equilibrada.
Spa Bodyna,https://www.hospes.com/palacio-bailio/spa-bodyna-cordoba/,SPA,palaciodelbailio@hospes.com; reservations@hospes.com,957 498 993; 914 363 478; 617 278 627,"Córdoba, Andalucía",Sumérgete en las cálidas aguas de las termas romanas y siente cómo todas tus preocupaciones desaparecen una a una.
Spa Facial Y Corporal En Tarragona,https://quiroesthetic.com/spa-tarragona/,SPA,info@quiroesthetic.com,636 839 084,"Tarragona, Cataluña","Masajes relajantes, rituales y tratamientos de spa en Tarragona."
Spa Granada,https://www.artevidasuites.com/spa-granada/,SPA,direccion@artevidasuites.com,958 215 665,"Granada, Andalucía",Spa Granada. Ofrecemos ✅ circuitos ✅ sauna ✅ jacuzzi y ✅ tratamientos.
Spa Jardines de Albia,https://spajardinesdealbia.com/?srsltid=AU7gw4Wm9dTQTlfw4i4dP0CcNc-l9SswAiNTYCIPi-ZbW-AzeDQSK2PQ,SPA,recepcion@spajardinesdealbia.com,944 355 026; 687 089 302,"Bilbao, País Vasco","En el corazón del Bilbao más trepidante existe un oasis alejado de los ruidos y del estrés llamado Spa Jardines de Albia, un templo para la desconexión del cuerpo y la mente, un lugar donde el tiempo se detiene."
Spa Masaje Relax,https://shopconfort.salleshotels.com/es/aeroport-girona/74-spa-masaje.html,SPA,hotelag@salleshotels.com; tiendaonline@salleshotels.com,972 477 940; 933 095 194,"Girona, Cataluña","BIENVENIDO BIENESTAR Un espacio de tranquilidad muy cerca de Girona, olvídate de las prisas, deja la mente en blanco y siente como tu cuerpo se relaja y entra en un estado de tranquilidad total."
Spa Sport Itaroa Huarte,https://www.spasportitaroahuarte.com/,SPA,spasportitaroahuarte@gmail.com,948 357 742,"Pamplona, Navarra",# Spa & sport itaroa huarte ### Actividades dirigidas ##### **🚀 ¡Empieza Hoy Tu Transformación!** ``` Tu destino de fitness y bienestar en Navarra.
Spa en A Coruña,https://www.hotelplaza.es/centro-spa-wellness/,SPA,plaza@hotelplaza.es,981 290 111; 981 290 211,"A Coruña, Galicia",Descubre el spa del Hotel Plaza en A Coruña.
Spa en Almería,https://aquazenspa.com/,SPA,info@aquazenspa.com,950 489 939,"Almería, Andalucía","Ven y descubre por qué en Aqua Zen Spa somos el mejor spa en Almería, y tu destino perfecto para una experiencia única de relación y bienestar"
Spa en Castellón de la Plana,https://www.hotelrhsilene.com/spa,SPA,silene@hotelesrh.com,964 280 180,"Castellón, Comunidad Valenciana","En la zona wellness del hotel, podrá relajarse en la sauna o ponerse en forma en nuestro gimnasio."
Spa en Posada Terra Santa,https://hiddenhotels.com/posada-terra-santa/bienestar/,SPA,info@posadaterrasanta.com,971 214 742,"Palma, Illes Balears",Un spa íntimo en pleno centro histórico de Palma.
Spa en Salamanca,https://www.spasalamanca.com/,SPA,info@aquatherapia.com,923 211 178,"Salamanca, Castilla y León","Descubre Aquatherapia en Salamanca. Circuitos termales, masajes relajantes, fisioterapia, medicina estética y tratamientos avanzados."
Spa en Sevilla,https://termasdehispalis.com/?srsltid=AU7gw4VY8qtvQ18ddl8U6RLL0CGMZZF9BA53aNSFZJDDqvsvWHpA6xa6,SPA,info@termasdehispalis.com,954 423 398; 618 023 594,"Sevilla, Andalucía","En Termas de Híspalis te brindamos la oportunidad de salir completamente renovado en un entorno mítico y diferente, donde vivirás experiencias únicas en un"
Spa en Tenerife,https://www.abamahotels.com/es/spa-servicios/,SPA,sandara.spa@abamahotels.com; reservations@abamahotels.com,922 338 383; 822 720 319,"Tenerife, Canarias","Descubre un spa en Tenerife con tratamientos de lujo, masajes y bienestar en Sandára, el exclusivo wellness de Abama Hotels."
Spa en Toledo,https://beatrizspa.com/,SPA,spa.toledo@beatrizhoteles.com,925 269 120,"Toledo, Castilla-La Mancha",Reserva online en la web oficial de Beatriz Toledo de Toledo y disfruta de la mejor experiencia de relax y bienestar.
Spa en el Centro de León,https://mypalaceleon.com/hotel-spa-leon/,SPA,reservas@mypalaceleon.com,987 377 697,"León, Castilla y León","En My Palace León, ofrecemos una experiencia de spa y wellness incomparable, diseñada para proporcionar un oasis de calma y rejuvenecimiento."
Spa in Marbella,https://marbellazenspa.com/,SPA,info@marbellazenspa.com,809 417 715; 972 268 051; 972 840 090,"Marbella, Andalucía","Marbella Zen es un spa boutique de lujo en Marbella especializado en bienestar, masajes manuales de alta calidad y corporales y faciales."
Spa s y termas,https://turismo.toledo.es/recursos/spas-y-termas.html,SPA,infoturismo@toledo.es,925 254 030,"Toledo, Castilla-La Mancha",Web Oficial de Turismo del Excelentisimo Ayuntamiento de Toledo
Talasoponiente bienestar en Gijón,https://asturias.com/talasoponiente-talasoterapia-y-bienestar-en-gijon/,SPA,info@asturias.com,984 091 096; 985 861 417; 728 163 184,"Gijón, Principado de Asturias","El edificio del Talasoponiente es de vidrio y pizarra, de interiores amplios y luminosos, es un buen ejemplo de arquitectura de vanguardia."
Wellness,https://www.amaislantillaresort.com/centro-wellness/,SPA,info@ama-resort.com,959 873 200,"Huelva, Andalucía",Siente la calma y el puro relax. ¡Te lo mereces!
Camiral,https://www.camiral.com/es/wellness-centre,SPA,wellness@camiral.com,972 181 022; 972 472 249; 972 181 020,"Girona, Cataluña",Disfrute de unas vacaciones de bienestar y desconexión en nuestro Wellness Centre en la Costa Brava.
Wellness Hotel Marbella,https://www.marbellaclub.com/es/wellness,SPA,wellness@marbellaclub.com,952 822 211,"Marbella, Andalucía",Bienvenido al sitio oficial de Marbella Club Thalasso Wellness.
ANCHA ESTETICA,https://anchaestetica.com/,CLINICA ESTETICA,info@anchaestetica.com,683 300 418; 856 612 020,"Cádiz, Andalucía",Brindamos tratamientos estéticos y de belleza con tecnología de vanguardia a un nivel excepcionalmente alto para garantizar que recibas la mejor experiencia ...
Ana Checa,https://anachecamedicinaestetica.com/,CLINICA ESTETICA,info@anachecamedicinaestetica.com,660 511 098,"Cartagena, Región de Murcia","Medicina estética corporal. Nuestro enfoque se centra en esculpir y tonificar tu cuerpo de manera natural, respetando siempre tu bienestar y armonía corporal ..."
Clinicasanadeleon,https://clinicasanadeleon.es/arrugas-en-frente-entrecejo-y-patas-de-gallo-con-toxina-botulinica-murcia/,CLINICA ESTETICA,info@clinicasanadeleon.es,611 587 732,"Murcia, Región de Murcia","Elimina arrugas en frente, entrecejo y patas de gallo con toxina botulínica."
BP-CLINIC,https://www.bpclinic.es/,CLINICA ESTETICA,info@bpclinic.es,983 243 941,"Valladolid, Castilla y León",Centro de medicina estética en valladolid.
Belia Clinic Medicina Estética,https://www.beliaclinic.com/,CLINICA ESTETICA,beliaclinic@beliaclinic.es,947 255 657; 658 682 599,"Burgos, Castilla y León",La Clínica · Tratamientos · Medicina Estética Facial · Corporal · Unidad Láser Fotona · Micropigmentación · Nutrición · Dermoestética · Para ellos · Contacto.
Blog sobre botox Sevilla,https://clinicagolden.com/tag/botox-sevilla/,CLINICA ESTETICA,atencionalcliente@clinicagolden.com; dental@clinicagolden.com,954 416 100; 955 459 061,"Sevilla, Andalucía",Descubre en el blog lo último sobre botox Sevilla - Clínica Golden Sevilla
Botox en Alicante,https://www.dragalaleon.com/en/botox-alicante/,CLINICA ESTETICA,clinicadragalaleon@gmail.com,689 621 641,"Alicante, Comunidad Valenciana","Con el tratamiento de Botox, al bloquear la contracción del músculo, disminuimos las arrugas de expresión y podemos atenuar los músculos responsables de"
Botox en Bilbao,https://drasaracarrasco.com/tecnicas-aplicadas/botox/,CLINICA ESTETICA,info@drasaracarrasco.com,944 104 854; 609 014 057; 944 256 165,"Bilbao, País Vasco",Actualmente el b-tox para uso estético se conoce como Vistabel® de Allergan y lo utilizamos de forma personalizada en multitud de pacientes con diferentes necesidades.
Botox en Oviedo Clínica Espías-Alonso,https://clinicaespiasalonso.es/especialidades/medicina-estetica-facial/botox/,CLINICA ESTETICA,info@clinicaespiasalonso.es,985 242 066; 658 522 627; 640 703 944,"Oviedo, Principado de Asturias","La toxina botulínica es una proteína que actúa relajando la musculatura facial temporalmente, atenuando arrugas de expresión no estáticas."
Botox en Pamplona,https://drlozano.es/infiltracion-botox-pamplona/,CLINICA ESTETICA,info@drlozano.es,948 365 913,"Pamplona, Navarra",Infiltración de botox en Pamplona para eliminar las arrugas y marcas de expresión de forma natural.
Clinicalbertos,https://clinicalbertos.com/botox-en-valladolid/,CLINICA ESTETICA,albertosclinica@gmail.com,983 354 613; 619 052 012,"Valladolid, Castilla y León","Descubre qué es el botox en Valladolid, en qué casos se utiliza y qué conviene valorar antes de elegir una clínica de medicina estética."
Botox en Zaragoza,https://innderma.es/botox-zaragoza/,CLINICA ESTETICA,info@innderma.es,624 855 462,"Zaragoza, Aragón",¿Buscas un tratamiento con Botox en Zaragoza? En Innderma somos Dermatólogos especialistas en tratamientos con toxina botulínica.
Botox para Arrugas de Expresión,http://dolorsmejina.com/es/botox-vistabel-arrugas-expresion/,CLINICA ESTETICA,dra@dolorsmejina.com,977 311 150; 977 250 000; 977 703 703,"Reus, Cataluña","La toxina botúlinica conocida como “Botox”, resulta muy eficaz para el tratamiento de arrugas de zonas como “patas de gallo”, entrecejo o frente, típicas de ..."
Bótox en Las Palmas,https://drsebastianrios.com/medicina-estetica/botox/,CLINICA ESTETICA,info@drsebastianrios.com,689 898 143,"Las Palmas, Canarias","Si quieres realizarte algún tratamiento estético, llama al Dr."
CLÍNICA ESTÉTICA AS,https://www.asmedicinaestetica.com/,CLINICA ESTETICA,info@asmedicinaestetica.com,922 696 789; 621 037 081,"Tenerife, Canarias","Clínica especializada en medicina estética y láser, Santa Cruz de Tenerife, Canarias"
COC Medicina Estética,https://cocmedicinaestetica.es/,CLINICA ESTETICA,contacto@coc.es,968 210 141; 618 277 900; 636 902 052,"Murcia, Región de Murcia",Clínica Medicina Estética Murcia Somos tu clínica de medicina estética en Murcia Somos tu Clínica de Medicina Estética en Murcia.Que te veas bien es muy importante para nuestra aut
Centro Estético,https://www.centroestetico2020.com/,CLINICA ESTETICA,gonzalezesteticafc@gmail.com,644 091 213,"Huelva, Andalucía","Centro medicina estetica en huelva. Tratamientos faciales (acido hialuronico, botox, blefaroplastia, tratamiento capilar, hilos tensores, rejuvenecimiento, mesoterapia facial,aumen"
Centro Médico Estético Ruiseñores,https://centroesteticazaragoza.com/,CLINICA ESTETICA,estetica@centromedicoruisenores.com,976 378 103,"Zaragoza, Aragón","Tratamientos de medicina estética, faciales, corporales y capilares en Zaragoza, junto a especialidades médicas y atención sanitaria en Centro Ruiseñores."
Centro Médico Estético en Marbella y Medicina Estética Avanzada.,https://cliniti.com/,CLINICA ESTETICA,info@cliniti.com,622 102 022; 952 901 751,"Marbella, Andalucía","Cliniti, centro médico estético en Marbella."
Centro de Medicina Estética en Palma de Mallorca,https://www.mesomedic.es/,CLINICA ESTETICA,info@www.mesomedic.es; infomanacor@www.mesomedic.es,794 560 090; 970 094 391; 601 032 823,"Palma, Illes Balears",➨ Centro Médico de Medicina Estética en Palma de Mallorca ✅ Somos especialistas con experiencia en todo tipo de en tratamientos estéticos
Centro de medicina estética en Alcalá de Henares,https://clinicadrapezua.com/,CLINICA ESTETICA,info@clinicadrapezua.com,624 650 280,"Alcalá de Henares, Comunidad de Madrid",Centro de medicina estética en Alcalá de Henares: Dermoestética facial y corporal con profesionales.
Cirugía Avanzada en Pamplona Navarra,https://clinicacross.es/,CLINICA ESTETICA,info@clinicacross.es; cconcejo@clinicacross.es; rruizep@clinicacross.es; mtellez@clinicacross.es,948 853 668; 790 573 020; 790 574 964,"Pamplona, Navarra","En la Clínica Cross, le ofrecemos los últimos avances tecnológicos y profesionales en cirugía avanzada en Pamplona, Navarra."
Cirugía Estética en Almería,https://clinicamartinezamo.es/cirugia-estetica/,CLINICA ESTETICA,info@clinicamartinezamo.es,950 234 495; 657 692 288,"Almería, Andalucía","En Clínica Martínez Amo (Almería) realizamos cirugía estética de párpados, otoplastia, microLifting, rinoseptoplastia con resultados naturales"
Cirugía Estética y Medicina Estética,https://hgclinicsalamanca.es/,CLINICA ESTETICA,hgclinicsalamanca@gmail.com,923 088 178; 608 790 116; 718 619 129,"Salamanca, Castilla y León",Centro de cirugía estética y medicina estética en Salamanca ➡️ Te ayudamos a mejorar y aumentar tu belleza natural ➡️ Tratamientos innovadores
Cirugía Plástica,https://clinicagirona.cat/es/especialidades/cirugia-plastica/,CLINICA ESTETICA,clinicagirona@clinicagirona.cat,972 010 300; 972 483 838,"Girona, Cataluña","La especialidad de Cirugía Plástica, Estética y Reparadora de Clínica Girona, contamos con un equipo de cirujanos plásticos altamente especializados y con una visión integral de la belleza y la funcionalidad."
Cirugía Plástica y Estética en Asturias,https://www.clinicafernandez.com/,CLINICA ESTETICA,info@clinicafernandez.com,985 220 244,"Oviedo, Principado de Asturias","Clínica Fernández, + de 35 años de experiencia en cirugía plástica y estética en Asturias - Oviedo."
Cirujano Plástico y Estético en Cádiz,https://www.drcarlosleon.es/,CLINICA ESTETICA,info@drcarlosleon.es,856 068 010; 622 561 821,"Cádiz, Andalucía",Clínica Carlos León | Cirugía & Medicina estética.
Clinica MIE,https://clinicamie.com/,CLINICA ESTETICA,clinicamie@clinicamie.com,967 115 064; 663 999 907,"Albacete, Castilla-La Mancha",Bienvenido a Clinica MIETu centro de medicina integral y estética en AlbaceteBienvenido a Clinica MIETu centro de medicina integral y estética en Albacete PIDE CITA O LLÁMANOS AL 9
Clinica Terán Zavalloni,https://www.clinicateranzavalloni.com/,CLINICA ESTETICA,consulta@clinicateranzavalloni.com,947 273 792; 650 552 988,"Burgos, Castilla y León",Somos una consulta de cirujanos plásticos en Burgos con amplia experiencia en cirugía plástica reparadora y estética.
Clinimec,https://clinimec.es/,CLINICA ESTETICA,info@clinimec.es,,"Jaén, Andalucía","Clinimec ofrece tratamientos avanzados de medicina y cirugía estética en Jaén, garantizando resultados excepcionales con 30 años de experiencia."
Clinimédic,https://clinimedic.com/,CLINICA ESTETICA,clinimedic@clinimedic.com,977 242 002; 689 586 851,"Tarragona, Cataluña","Centro médico integral en Tarragona, más de 30 años de excelencia, conoce todas nuestras especialidades: Cirugía Estetica, Angiología y Cirugia Vascular, Dermatologia, Salud Integral."
Clínica Benzaquén,https://clinicabenzaquen.com/,CLINICA ESTETICA,info@clinicabenzaquen.com; protecciondatos@clinicabenzaquen.com,952 223 107,"Málaga, Andalucía",Clínica de medicina estética en Málaga y Madrid.
Clínica Cíplex,https://clinicaciplex.com/,CLINICA ESTETICA,info@clinicaciplex.com,702 311 385; 790 610 281; 787 559 243,"Badajoz, Extremadura",Clínica de cirugía plástica y estética en Badajoz.
Clínica De Medicina Estética En Cordoba,https://artclinica.com/,CLINICA ESTETICA,clinica@artclinica.com,957 496 669; 662 211 451; 899 295 749,"Córdoba, Andalucía","Clínica de Medicina estética en Córdoba especialistas en varices, relleno de labios e hilos tensores."
Clínica Ennova,https://clinicaennova.com/,CLINICA ESTETICA,info@clinicaennova.com,640 131 120; 745 409 667; 886 150 739,"Castellón, Comunidad Valenciana","👉🏼Tratamientos estéticos avanzados en Clínica Ennova: despigmentación, maderoterapia y más para realzar tu belleza💆🏻."
Clínica Estética Almería Centro Médico,https://dralidiaojeda.com/,CLINICA ESTETICA,info@dralidiaojeda.com,950 672 526; 624 630 087,"Almería, Andalucía",Tratamientos estéticos innovadores con un enfoque médico integral para que te veas y te sientas mejor.
Clínica Estética Ibiza,https://www.clinicaesteticaibiza.es/,CLINICA ESTETICA,info@clinicaesteticaibiza.es,602 703 845; 971 140 049,"Ibiza, Illes Balears",Clínica estética en Ibiza del Dr. Johannes Rama.
Clínica Estética Nadal en Palma de Mallorca,https://www.clinicaesteticanadal.com/es/,CLINICA ESTETICA,recepcion@clinicanadalpalma.com,971 727 458; 671 121 770,"Palma, Illes Balears","Soluciones eficaces como botox, ácido hialurónico, hilos tensores, presoterapia, mesoterapia, depilación laser, peelings, todo con tratamientos clínicamente probados."
Clínica Estética Valencia,https://clinicaorigenvalencia.es/,CLINICA ESTETICA,clinicaorigenvalencia@gmail.com,,"Valencia, Comunidad Valenciana",Nuestra clínica estética en Valencia centro es un referente.
Clínica Estética Valladolid,https://www.mimaesteticaavanzada.es/,CLINICA ESTETICA,info@mimaesteticaavanzada.es,722 553 573; 611 047 617; 630 395 905,"Valladolid, Castilla y León",En Mima Estética contamos con más de 15 años de experiencia en depilación láser y estética avanzada en Valladolid.
Clínica Estética Vigo,https://clinicavilabarreiro.com/,CLINICA ESTETICA,info@clinicavilabarreiro.com,698 125 728,"Vigo, Galicia",Descubre los tratamientos avanzados de nuestra clínica estética en Vigo.
Clínica Estética en Castellón,https://asunciongarcia.es/?srsltid=AU7gw4VxaD2a_qdzO1ZGNMUzcQHhUG7xZn1V5hOYR32yttaBJKYZITgW,CLINICA ESTETICA,asunciongarciacentro@gmail.com,613 699 251; 682 948 818; 635 061 248,"Castellón, Comunidad Valenciana",Expertos en tratamientos estéticos y personalizados en Castellón.
Clínica Estética en Las Palmas y Telde,https://doctoryvanpacheco.com/,CLINICA ESTETICA,dryvanpacheco@gmail.com,611 199 795; 833 333 333; 666 666 666,"Las Palmas, Canarias",🌸 Clínica estética en Las Palmas y Telde con el Dr.
Clínica Estética en Oviedo,https://elenasomoano.com/,CLINICA ESTETICA,info@elenasomoano.com,984 245 332; 693 514 679,"Oviedo, Principado de Asturias",Estas buscando una clínica estética en Oviedo? Entonces estas en el lugar adecuado.
Clínica Estética en Reus,https://www.clinicaherareus.com/,CLINICA ESTETICA,centromedicohera@gmail.com,645 553 116,"Reus, Cataluña","Descubre Clínica Hera en Reus, tu centro médico-estético de confianza."
Clínica Estética en Sevilla,https://clinicamallen.com/,CLINICA ESTETICA,info@clinicamallen.com,954 642 729; 674 227 704; 676 214 640,"Sevilla, Andalucía",En nuestra clínica estética en Sevilla te ayudamos a sentirte bien con tratamientos que respetan tu belleza natural.
Clínica Eva Aguadulce ️ Med. Estética Dental y Ginecología,https://clinicaeva.com/,CLINICA ESTETICA,info@clinicaeva.com,950 880 542,"Almería, Andalucía","Clínica de referencia en Almería en medicina estética, estética, odontología, ginecología y dermatología ✓ Pida cita ahora."
Clinicaferransola,https://www.clinicaferransola.com/,CLINICA ESTETICA,info@clinicaferransola.com,973 233 631; 673 190 693,"Lleida, Cataluña",En Clínica Ferran Solà. Medicina y Cirugía Estètica.
Clínica Maica Soria,https://www.clinicamaicasoria.com/,CLINICA ESTETICA,info@clinicamaicasoria.com,941 289 262,"Logroño, La Rioja","Te ofrecemos diferentes tratamientos para tratar los problemas de celulitis, estrías, varices, adiposidad localizada, flacidez, firmeza, elasticidad, trastornos ..."
Clínica Mayol,https://www.clinicamayol.com/,CLINICA ESTETICA,clinica@clinicamayol.com,977 222 242; 647 243 260,"Tarragona, Cataluña","Bienvenida/o a Clínica Mayol, un espacio integral donde convergen varias disciplinas enfocadas en la medicina y cirugía estética, el bienestar y la salud."
Clínica Medicina Estética Córdoba Dra. Paloma Ojel WhatsApp,https://clinicapalomaojel.com/,CLINICA ESTETICA,info@clinicapalomaojel.com,784 140 401; 957 047 124; 635 344 336,"Córdoba, Andalucía","Clínica Medicina Estética Córdoba Dra. Paloma Ojel, ⭐ Las últimas tecnologías para ofrecer los tratamientos más efectivos."
Clínica Medicina Estética en Reus Andrea Romano,https://andrearomano.es/,CLINICA ESTETICA,agendareusdra.romano@gmail.com,977 912 235; 675 651 723,"Reus, Cataluña",Descubre la Clínica Medicina Estética Andrea Romano en Reus.
Clínica Medicina Estética en Vigo,https://miamedicoestetica.com/,CLINICA ESTETICA,info@miamedicoestetica.com,886 164 598; 653 280 150; 626 197 334,"Vigo, Galicia",Clínica de medicina estética en el centro de Vigo.
Clínica Medicina estética en Córdoba y Málaga,https://www.domingofama.es/en/clinica-medicina-estetica-en-cordoba-y-malaga-english/,CLINICA ESTETICA,info@domingofama.es,957 847 870; 637 874 393; 658 753 482,"Córdoba, Andalucía","En Domingo Fama, Clínica Medicina estética en Córdoba y Málaga, te ofrecemos conocimiento, experiencia y profesionalidad."
Clínica Medicina y Cirugía Estética Granada,https://salusmc.com/,CLINICA ESTETICA,medicos@salusmc.com,958 223 310; 619 926 523,"Granada, Andalucía",Clínica Medicina y Cirugía Estética Granada | Salus Medical Clinic.
Clínica Médico Estética Beatriz Selles EMAIL,https://clinicabeatrizselles.com/,CLINICA ESTETICA,info@clinicabeatrizselles.com,611 605 955,"León, Castilla y León","La clínica Beatriz Selles es un centro ubicado en Gros, Donostia, en el que se practica la medicina estética, el cuidado integral de la piel y técnicas de antienvejecimiento."
Clínica Método Estética,https://www.metodoestetica.es/,CLINICA ESTETICA,info@metodoestetica.es,601 484 878; 790 186 903; 888 811 754,"Logroño, La Rioja",Tratamientos de estética facial y corporal en Logroño.
Clínica Novoa,https://www.clinicanovoa.es/,CLINICA ESTETICA,vigo@clinicanovoa.es; santiago@clinicanovoa.es; coruna@clinicanovoa.es,986 226 866; 981 596 541; 981 260 655,"Santiago de Compostela, Galicia",En Clínica Novoa contamos con la tecnología más avanzada y con el mejor equipo para lograr el resultado que deseas en medicina estética y cirugía estética.
Clínica Padrillo,https://clinicapradillo.com/,CLINICA ESTETICA,info@clinicapradillo.com,617 383 554; 916 643 107,"Móstoles, Comunidad de Madrid","Clínica Pradillo es una de las más prestigiosas clínicas de la zona Sur de Madrid en Medicina Estética, Nutricióny Cirugia Plástica y Vascular"
Clínica Plástica y Estética San Sebastián Donostia,https://ivance.net/,CLINICA ESTETICA,ivance@ivance.net,943 297 588; 688 825 148,"San Sebastián, País Vasco",Clínica Plástica y Estética San Sebastián Donostia | Atención personalizada y resultados naturales.
Clínica Sánchez Peral,https://clinicasanchezperal.com/,CLINICA ESTETICA,info@clinicasanchezperal.com,604 967 543,"Castellón, Comunidad Valenciana",Clínica Sánchez Peral: medicina estética y antienvejecimiento en Castellón.
Clínica Villoria L Essence,https://clinicaesteticavilloria.es/,CLINICA ESTETICA,info@clinicaesteticavilloria.es,790 864 683; 790 864 410; 790 867 069,"Vigo, Galicia",Cirugía y medicina estética en Vigo y Pontevedra.
Clínica de Cirugía Plástica y Estética en Cádiz,https://clinicagarciagraf.com/,CLINICA ESTETICA,recepcion@clinicagarciagraf.com,610 608 400; 956 078 807,"Cádiz, Andalucía","Tu clínica de Cirugía Plástica, Reparadora y Estética en Cádiz · Prótesis Mamaria | Mamoplastia · Body-Jet, nueva técnica de liposucción · Cirugía Combinada."
Clínica de Cirugía y Medicina Estética Castellón,https://www.jordanbarres.com/,CLINICA ESTETICA,info@jordanbarres.com,964 235 560,"Castellón, Comunidad Valenciana",En la Clínica Jordán Barres encontrarás todos los tratamientos de cirugía y medicina estética para él o para ella.
Clínica de Estética,https://www.riberasalud.com/virgen-de-la-caridad/centro/clinica-ribera-estetica-cartagena/,CLINICA ESTETICA,estetica.cartagena@riberacare.com,968 081 771; 689 469 517,"Cartagena, Región de Murcia",Servicio de cirugía y medicina estética en Cartagena.
Sapphiraprivecoruna,https://sapphiraprivecoruna.es/,CLINICA ESTETICA,info@sapphiraprivecoruna.es,722 249 292,"A Coruña, Galicia",Somos tu clínica de estética en La Coruña.
Clínica de Medicina Estética Córdoba,https://clinicamedicinaesteticacordoba.com/,CLINICA ESTETICA,cmecordoba@gmail.com,957 471 989; 685 118 529,"Córdoba, Andalucía",Descubre la Clínica líder en Medicina Estética en Córdoba.
Clínica de Medicina Estética Doctora García Pagola,https://doctoragarciapagola.es/,CLINICA ESTETICA,clinica@doctoragarciapagola.es,956 301 810; 610 946 424,"Jerez, Andalucía",Medicina Estética en Jerez de la Frontera
Clínica de Medicina Estética Dr. Rafa Navas,https://rafanavas.net/,CLINICA ESTETICA,info@rafanavas.com,670 110 390,"Alicante, Comunidad Valenciana","Médico estético en Alicante. En Longevity le ofrecemos salud, belleza y bienestar con tratamientos médico estéticos ¡Pide Cita Ahora!"
Clínica de Medicina Estética Facial en Girona,https://www.clinicaimage.com/medicina-estetica-facial/,CLINICA ESTETICA,recepcio@clinicaimage.com,972 224 330; 609 719 720; 637 162 172,"Girona, Cataluña","Procedimientos de medicina estética facial para rejuvenecer, hidratar y revitalizar tu piel."
Clínica de Medicina Estética en A Coruña,https://graziellamoraes.com/clinicas/medicina-estetica-coruna/,CLINICA ESTETICA,coruna@graziellamoraes.com,698 179 535; 981 904 924,"A Coruña, Galicia","Medicina estética hecha con rigor, con gusto estético y con corazón en A Coruña."
Clínica de Medicina Estética en Asturias,https://glowmourclinic.com/,CLINICA ESTETICA,glowmourclinic@gmail.com,636 845 905,"Oviedo, Principado de Asturias",Medicina estética avanzada y bienestar médico en el corazón de Oviedo.
Clínica de Medicina Estética en Cáceres,https://clinicaesteticaelixir.com/,CLINICA ESTETICA,nicomedicinaelixir@gmail.com; medicinaelixir@gmail.com,618 158 998; 927 125 191; 791 033 348,"Cáceres, Extremadura",Clínica de Medicina Estética en Cáceres y Estética Avanzada.
Clínica de Medicina Estética en Granada,https://draanamaldonado.com/,CLINICA ESTETICA,info@draanamaldonado.com,699 890 564,"Granada, Andalucía","Descubre la Clínica Dra. Ana Maldonado en Granada, especializada en tratamientos avanzados de medicina estética antienvejecimiento mejorando la calidad de piel"
Clínica de Medicina Estética en Granada - VITASTHETIC,https://vitasthetic.es/,CLINICA ESTETICA,vitasthetic@vitasthetic.es,635 608 259; 999 999 999,"Granada, Andalucía","Descubre Vitasthetic, tu clínica de medicina estética en Granada."
Clínica de Medicina Estética en Logroño,https://www.humildadruiz.com/,CLINICA ESTETICA,consulta@humildadruiz.com,606 503 496; 941 250 025,"Logroño, La Rioja",Medicina Estética en Logroño ✳️ Especialistas en Rejuvenecimiento Facial ⭐ 30 años de experiencia ✚ Aparatología ✚ Dermatología ✚ Y más
Clínica de Medicina Estética en Madrid,https://www.clinicaibiza.com/,CLINICA ESTETICA,atencionalpaciente@clinicaibiza.com,915 572 540; 600 751 010,"Ibiza, Illes Balears","CLÍNICA MEDICINA ESTÉTICA EN MADRID • Expertos en medicina estética, Cirugía Plástica e Injerto Capilar."
Clínica de Medicina Estética en Málaga,https://perezroa.es/,CLINICA ESTETICA,info@perezroa.es,747 772 454; 872 318 019; 981 482 852,"Málaga, Andalucía","Pérez Roa es una clínica de medicina estética en Málaga, creada por Dr."
Clínica de Medicina Estética en Sevilla,https://www.clinicasvene.es/,CLINICA ESTETICA,hola@clinicasvene.es,631 267 515,"Sevilla, Andalucía","En Clínica Estética Vene, queremos mimarte, cuidarte y regalarte momentos especiales, rituales de belleza, salud y bienestar."
Clínica de estética en Madrid y Barcelona,https://venusmed.clinic/,CLINICA ESTETICA,madrid@venusmed.clinic; barcelona@venusmed.clinic,613 053 406; 613 094 297,"Madrid, Comunidad de Madrid",Clínica de estética en Madrid y Barcelona.
Clínica de estética y salud en La Laguna Tenerife,https://botuclinic.es/,CLINICA ESTETICA,info@botuclinic.es,669 373 691,"Tenerife, Canarias",Clínica de medicina estética en Tenerife.
Clínica de medicina en Vigo,https://www.clinicasantander.es/,CLINICA ESTETICA,info@clinicasantander.es,986 114 000,"Santander, Cantabria",Clínica Santander: últimos avances en medicina y cirugía estética.
Clínica de medicina estética Mallorca,https://www.clinicaaureo.com/,CLINICA ESTETICA,info@clinicaaureo.com,620 121 567; 871 575 510,"Palma, Illes Balears",Clínica de medicina y cirugía estética en Palma de Mallorca.
Clínica de medicina estética avanzada en Huelva,https://msclinichuelva.com/,CLINICA ESTETICA,info@msclinichuelva.com,604 817 680,"Huelva, Andalucía","Trabajamos con tecnología avanzada y supervisión médica directa para brindarte tratamientos faciales, corporales y capilares adaptados a tus necesidades."
Clínica de medicina estética en Las Palmas,https://clinicapilarcastillo.com/,CLINICA ESTETICA,dra.pcastillodelariva@gmail.com,928 336 530; 660 281 230,"Las Palmas, Canarias","Clínica de medicina estética en Las Palmas con tratamientos personalizados, resultados naturales y con enfoque profesional."
Clínica de medicina estética en Mallorca,https://medisans.com/,CLINICA ESTETICA,medisans@medisans.com,971 491 111; 636 973 722,"Palma, Illes Balears",Medisans es un centro especializado en medicina y cirugía estética en Mallorca y Santa Ponsa a cargo de la Dra.
Clínica de medicina estética en Ourense,https://www.clinicasuarez.es/es/medicina-estetica-ourense.aspx,CLINICA ESTETICA,info@clinicasuarez.es,988 606 814; 639 190 905,"Ourense, Galicia","Clínica Suarez, profesionales de la medicina estética en Ourense."
Clínica de medicina estética en Santander,https://medicinaesteticasantander.com/,CLINICA ESTETICA,clinicadrjavierarnaiz@gmail.com,637 222 999,"Santander, Cantabria",Clínica de Medicina estética en Santander con los más avanzados tratamientos para rejuvenecimiento facial y mejora de la piel.
Clínica de medicina estética en Vigo,https://www.clinicafemme.es/,CLINICA ESTETICA,info@clinicafemme.es,986 048 576; 672 406 946; 697 244 972,"Vigo, Galicia","En la Clínica Femme en Vigo ofrecemos medicina estética revolucionaria, con tratamientos estéticos adaptados a ti."
Clínica estética Murcia,https://doctorasgosalvez.com/clinica-estetica-murcia,CLINICA ESTETICA,info@doctorasgosalvez.com,868 043 558; 662 927 697,"Murcia, Región de Murcia","En nuestra clínica de estética en Murcia encontraras una amplia gama de tratamientos, tanto femeninos como masculinos."
Clínica estética en Madrid,https://www.clinicamenorca.com/,CLINICA ESTETICA,rmenorca@clinicamenorca.com,650 487 218; 900 834 487; 915 041 359,"Madrid, Comunidad de Madrid",Clínica Menorca es la mejor clínica estética de Madrid.
Clínica la Paz Oviedo,https://www.clinicalapaz.es/,CLINICA ESTETICA,clinicalapazmedicinaestetica@gmail.com,985 243 107; 674 162 256; 664 411 439,"Oviedo, Principado de Asturias","Clínica La Paz, el lugar donde cuidar de tu belleza y bienestar físico."
Clínica multidisciplinar en Granada,https://kclinik.com/,CLINICA ESTETICA,hola@kclinik.com,639 741 015; 958 199 059,"Granada, Andalucía","Nuestra clínica multidisciplinar en Granada con Expertos en cirugía de la obesidad, estética, ginecología y más en Kclinik."
Clínica médico-estética especialista en método Pronokal en Bilbao Joinchat,https://www.clinicasarabia.es/,CLINICA ESTETICA,info@clinicasarabia.es,944 151 363; 675 887 223,"Bilbao, País Vasco","Centro médico especializado en cirugía plástica, medicina estética y obesidad en Bilbao."
Clínica y centro de estética en Vitoria-Gasteiz,https://www.clinicasestetik.com/clinica-estetica-vitoria-gasteiz/,CLINICA ESTETICA,vitoria@clinicasestetik.com; larioja@clinicasestetik.com,945 303 329; 681 202 506; 941 230 361,"Vitoria, País Vasco","Clínica y centro de estética en Vitoria-Gasteiz con tratamientos faciales, corporales, capilares y láser diodo."
Clínicas CAME Elche,https://clinicacameelche.es/,CLINICA ESTETICA,infoelche@clinicascame.com,633 532 948; 865 829 900,"Elche, Comunidad Valenciana","En CAME, nos distinguimos como la clínica líder en Elche, gracias a nuestra avanzada infraestructura, un equipo de profesionales altamente cualificados y ..."
Consulta Dra. Flores,https://doctoraflores.es/,CLINICA ESTETICA,anabel@doctoraflores.es,976 795 344; 619 135 453; 991 797 661,"Zaragoza, Aragón",Mejora tu salud y despierta tu belleza. Visítanos en nuestra consulta en Zaragoza y comienza a sentirte mejor por dentro y por fuera.
Corpobel,https://www.corpobel.com/,CLINICA ESTETICA,info@corpobel.com,657 329 182; 923 600 800,"Salamanca, Castilla y León","Corpobel, centro de cirugía plástica en Salamanca."
DR.Mikel Garcia,https://centromediconaturae.com/,CLINICA ESTETICA,info@centromediconaturae.com,948 272 137; 697 498 465,"Pamplona, Navarra",Medicina Estética Pamplona | Centro Naturae.
DeCastro,https://clinicadecastro.com/?srsltid=AU7gw4XV1oj8Kn56yRVLhsHeIREdywee7sjpt4kBJroFOgt27xFo9omw,CLINICA ESTETICA,info@clinicadecastro.com,660 006 125,"Vigo, Galicia","DeCastro es un una clínica de medicina estética en Vigo, especialistas en tratamientos regenerativos y naturales."
Dermatología estética en Huesca,https://www.dermatologiadoctoracampo.es/dermatologia-estetica,CLINICA ESTETICA,ecampovirgili@hotmail.com,974 238 188; 974 312 890,"Huesca, Aragón",En la consulta de dermatología estética de la Dra.
Doctor Nelson Cáceres,https://doctornelsoncaceres.es/,CLINICA ESTETICA,info@doctornelsoncaceres.es,604 812 064,"Móstoles, Comunidad de Madrid","Aumento, armonización y rejuvenecimiento de labios Realza tu sonrisa con nuestro aumento de labios con ácido hialurónico, mejorando volumen, hidratación y definición con un result"
Doctora Marco,https://doctoramarco.com/,CLINICA ESTETICA,info@doctoramarco.com,644 438 917,"A Coruña, Galicia",En la clínica de medicina estética de la Doctora Marco podrás encontrar todo tipo de tratamientos e intervenciones estéticas.
Doctoramercedescalle,https://doctoramercedescalle.com/,CLINICA ESTETICA,info@doctoramercedescalle.com,699 685 011,"Santander, Cantabria","Doctora Mercedes Calle, Medicina estética en Santander, relleno de labios con botox en Santander, tratamientos faciales en Santander, Rinomodelación sin cirugia en Santander, elimi"
Dr. Bernardo Ortega,https://institutoelipse.com/,CLINICA ESTETICA,info@institutoelipse.com,967 509 490; 640 946 615,"Albacete, Castilla-La Mancha",Este mes de marzo… Nuevo Tratamiento TENSOR Recupera la densidad de tu piel Luce una piel firme y tonificada institutoelipse 967 50 94 90 DEPILACIÓN LÁSER AXILAS + INGLES Semana de
Dra. Anastasia Cano,https://anastasiacano.es/,CLINICA ESTETICA,info@anastasiacano.es,858 996 637; 640 741 719,"Granada, Andalucía","Dra. Anastasia Cano, licenciada en Medicina y Cirugía, número de colegiado 1810931, con más de 10 años de experiencia en el mundo de la medicina estética."
Dra. Enara Belandia,https://doctorabelandia.com/,CLINICA ESTETICA,info@doctorabelandia.com,682 540 171,"San Sebastián, País Vasco",Dra. Enara Belandia es una especialista en Medicina Estética Preventiva Antiaging.
Dra. Matas,https://www.doctoramatas.com/,CLINICA ESTETICA,gala@doctoramatas.com; marbella@doctoramatas.com,658 524 051,"Marbella, Andalucía","Clínica de Medicina Estética, Cirugía Capilar y Plástica en Marbella y Alhaurín de la Torre."
Epical Clinic Murcia y Cartagena Medicina Estética,https://epicalclinic.es/,CLINICA ESTETICA,murcia@epicalclinic.es; info@epicalclinic.es,623 152 452; 622 771 362; 868 454 355,"Cartagena, Región de Murcia",Clínica especializada en Medicina y Cirugía Estética e Injerto Capilar en Murcia y Cartagena.
Estética Facial Menu,https://www.dramercedeshuesca.com/facial-menu,CLINICA ESTETICA,clinica@dramercedeshuesca.com,662 180 734,"Huesca, Aragón","Gracias a la inyección de toxina botulínica, se consigue un tratamiento eficaz que elimina las arrugas que han aparecido en determinadas zonas de nuestro rostro ..."
Estética y cirugía facial en Pamplona,https://clinicabustillo.com/estetica/,CLINICA ESTETICA,consulta@clinicabustillo.com,948 152 878,"Pamplona, Navarra",Medicina estética y cirugía plástica facial en Pamplona con la Dra.
Evolution Clinic,https://evolutionclinic.es/,CLINICA ESTETICA,hola@evolutionclinic.es,987 264 324; 640 288 374,"León, Castilla y León","Devolvemos juventud y equilibrio a tu piel y figura a través del Método Granda: fisioestética avanzada, nutricosmética y medicina estética."
Infiltración con Toxina Botulínica en Santander,https://www.clinicaszys.com/servicios/infiltracion-con-toxina-botulinica/,CLINICA ESTETICA,info@clinicazys.com,942 055 932,"Santander, Cantabria","La toxina botulínica al inyectarse en músculos del rostro, suaviza las arrugas dinámicas bloqueando las señales nerviosas"
Instituto Genève,https://institutogeneve.es/,CLINICA ESTETICA,info@institutogeneve.com,644 699 103; 984 704 807,"Gijón, Principado de Asturias","Bienvenido a Instituto Genève en Gijón. Descubre tratamientos faciales, corporales y capilares con tecnología avanzada para resaltar tu belleza y bienestar."
Lifting facial en Girona,https://drpaubosacoma.com/lifting-facial-en-girona/,CLINICA ESTETICA,info@drpaubosacoma.com,686 297 467; 972 483 838; 932 032 812,"Girona, Cataluña",¿Quieres sentirte joven de nuevo? En la Clínica Dr.
Hospitalcruzrojacordoba,https://hospitalcruzrojacordoba.es/medicos-especialistas-en-cordoba/medicina-estetica/,CLINICA ESTETICA,atencionalpaciente@hcrc.es,957 420 666; 647 707 770,"Córdoba, Andalucía","Medicina Estética, especialistas en Hospital Cruz Roja de Córdoba."
Medicina Estética Cádiz,https://clinicaabalo.com/medicina-estetica-cadiz/,CLINICA ESTETICA,info@clinicaabalo.com,956 258 554,"Cádiz, Andalucía","Rejuvenece tu rostro y cuerpo en nuestra clínica de medicina estética Cádiz con ácido hialurónico, bótox, vitaminas y más."
Medicina Estética León,https://clinicaremo.com/,CLINICA ESTETICA,info@clinicaremo.com,603 040 789,"León, Castilla y León","Expertos en Medicina Estética. Clínica en León que ofrece tratamientos de estética facial y corporal, dermatología, cabina, nutrición y ginecología láser."
Medicina Estética Ourense,https://www.clinicamedidiet.com/5-medicina-estetica,CLINICA ESTETICA,info@clinicamedidiet.com,988 231 494; 654 151 600,"Ourense, Galicia",Rejuvenecimiento Facial · Acido Hialuronico · Endolift · Exosomas (Mediderma) · Hilos APTOS · Hilos Tensores Cejas · Neuromodeladores (BOTOX) · Peeling Médico ...
Medicina Estética en Cartagena,https://mariasydorchuk.es/es,CLINICA ESTETICA,hola@mariasydorchuk.com,684 413 331; 983 605 289,"Cartagena, Región de Murcia","Clínica de medicina estética en Cartagena (Murcia): botox, rellenos, biorevitalización, hilos, peelings, blanqueamiento dental."
Medicina Estética en Córdoba,https://draantoniabellidoberni.com/,CLINICA ESTETICA,aberni@hotmail.es,957 491 755; 601 038 344,"Córdoba, Andalucía","Clínica de medicina estética en Córdoba. Tratamientos faciales y corporales, ácido hialurónico, labios, ojeras, arrugas, rinomodelación y láser."
Medicina Estética en Ibiza,https://galenoclinic.com/servicios/medicina-estetica-cirugia-plastica/,CLINICA ESTETICA,consultas@galenoclinic.com,971 342 525,"Ibiza, Illes Balears",Especialistas en tratamientos de medicina estética en Ibiza.
Medicina Estética en Ourense,https://lebratoygrandio.com/medicina-estetica-en-ourense/,CLINICA ESTETICA,hola@lebratoygrandio.com,988 890 444,"Ourense, Galicia","Medicina Estética En Lebrato y Grandío Hub Clinic, ofrecemos consulta, estudio y tratamiento en la especialidad de Medicina Estética."
Medicina Estética en Sevilla y Huelva,https://doctoraprieto.es/medicina-estetica/,CLINICA ESTETICA,consulta@doctoraprieto.es,671 443 170; 954 464 000; 959 260 994,"Huelva, Andalucía","Medicina estética en Sevilla y Huelva. 14 años en la vanguardia, usando los avances y técnicas más innovadoras."
Medicina Estética y Cirugía Plástica,https://clinicapremiumestetica.com/,CLINICA ESTETICA,estetica@clinicapremium.com,608 496 979,"Marbella, Andalucía","En Clínica Premium Estética Marbella combinamos innovación tecnológica, excelencia médica y resultados naturales."
Medicina estética en Alcalá de Henares,https://beatrizdomingo.es/,CLINICA ESTETICA,info@beatrizdomingo.es,633 838 071; 732 125 568; 772 534 663,"Alcalá de Henares, Comunidad de Madrid",Medicina estética en Alcalá de Henares ✓ Dra.
Medicina estética en Badajoz,https://sancheztranconestetica.com/,CLINICA ESTETICA,clinica@sancheztranconestetica.com,924 240 351,"Badajoz, Extremadura",En la clínica estética de la Dra. Alejandra Sánchez Trancón encontrarás los tratamientos más avanzados de medicina estética en Badajoz.
Medicina estética en Burgos,https://plasticaburgos.com/tratamientos/medicina-estetica/,CLINICA ESTETICA,doctoramercier@plasticaburgos.com,638 241 350,"Burgos, Castilla y León",Medicina estética en Burgos con la cirujano plástico Nicole Mercier.
Medicina estética en Vitoria,https://cirugiaplasticavitoria.com/tratamientos/medicina-estetica/,CLINICA ESTETICA,consulta@cirugiaplasticavitoria.com,945 569 169; 607 737 437,"Vitoria, País Vasco",Medicina estética en Vitoria con las cirujanas plásticas Nicole Mercier y Penélope Calzacorta.
Medicina estética facial en Cádiz,https://www.gmlopezcano.com/unidad-de-plastica-y-estetica/medicina-estetica-facial/,CLINICA ESTETICA,contacto@gmlopezcano.com,956 205 854; 956 205 855; 956 078 807,"Cádiz, Andalucía",La clínica de GM López Cano realiza tratamientos de medicina estética facial en Cádiz.
Mejor clínica estética en Santander,https://clinicaelenaarnal.com/mejor-clinica-estetica-en-santander/,CLINICA ESTETICA,info@clinicaelenaarnal.com,942 070 888,"Santander, Cantabria",Expertos en estética en Santander. Equipo especializado y enfocado en ofrecerte lo mejor para ti y tu piel.
Mesbur,https://mesbur.com/,CLINICA ESTETICA,comercial@mesbur.com,974 214 400,"Huesca, Aragón","Ronda Estación 4, Huesca. ... Nuestro equipo humano siempre en continua formación desde diferentes áreas: La medicina estética, la dermocosmética y la nutrición."
Miedo al bótox resolvemos tus dudas,https://clinicajovellanos.com/miedo-al-botox/,CLINICA ESTETICA,clinica@clinicajovellanos.com,985 171 278; 630 444 987; 790 761 854,"Gijón, Principado de Asturias",El botox es un tratamiento efectivo y seguro.
Clinicamajan,https://www.clinicamajan.com/2026/02/09/tratamientos-estetica-facial-mostoles-aumento-perfilado-labios-mesoterapia-facial-relleno-arrugas-dermapen-botox-acido-hialuronico/,CLINICA ESTETICA,contacto@clinicamajan.com,916 171 222,"Móstoles, Comunidad de Madrid","El Marco Perfecto para tu Sonrisa: Nueva Unidad de Estética Facial En Clínica Dental Maján, entendemos que una sonrisa espectacular no termina en los dientes."
Neuromoduladores en Oviedo,https://reychel.com/medicina-estetica/neuromoduladores/,CLINICA ESTETICA,info@reychel.com,984 151 024; 671 053 190,"Oviedo, Principado de Asturias","Tratamiento con neuromoduladores en Oviedo para suavizar arrugas de expresión en frente, entrecejo y patas de gallo."
Aurorareig,https://aurorareig.com/oferta-especial-de-toxina-botulinica-botox-en-valencia-y-denia/,CLINICA ESTETICA,citas@aurorareig.com,963 527 650; 601 239 732,"Valencia, Comunidad Valenciana",Toxina botulínica (3 zonas + repaso): 250 € ; Toxina botulínica en pareja (3 zonas + repaso por persona): 200 € por persona ; Experiencia médica: La Dra.
Promociones estética en Sevilla,https://clinicaclever.com/promociones/,CLINICA ESTETICA,info@clinicaclever.com,954 988 053; 637 645 253,"Sevilla, Andalucía",Clever ofrece promociones exclusivas en sus tratamientos de cirugía y medicina estética.
Renacek,https://renacek.com/,CLINICA ESTETICA,info@renacek.com,604 956 510; 707 294 819,"Zaragoza, Aragón","Clínica de medicina estética en Zaragoza: tratamientos faciales y corporales, depilación láser, cirugía plástica e injerto capilar."
Toxina Botulínica. Botox Alicante,https://www.aisthe.com/medicina-estetica/toxina-botulinica-botox-alicante/,CLINICA ESTETICA,info@aisthe.com,965 920 204; 690 655 381,"Alicante, Comunidad Valenciana","Consigue hacer desaparecer las arrugas de expresión (patas de gallo, arrugas del entrecejo y frente) aportando un aspecto natural, luminoso, de forma rápida"
Toxina botulínica,https://clinicaphysia.com/servicios-y-tratamientos/medicina-estetica/toxina-botulinica/,CLINICA ESTETICA,hola@clinicaphysia.com,626 698 953,"Logroño, La Rioja","La toxina botulínica, popularmente conocida como “bótox” es un fármaco que relaja los músculos."
Toxina botulínica en Lleida,https://meridianclinica.com/tratamientos/toxina-botulinica/,CLINICA ESTETICA,info@meridianclinica.com,973 982 366; 625 843 521; 647 885 139,"Lleida, Cataluña","Si bien el bótox en Lleida está especialmente indicado para trabajar la mitad superior del rostro (sobre todo en el entrecejo, en la frente y alrededor del ojo) ..."
Tratamiento arrugas de expresión facial,https://www.clinicanavarroluque.com/tratamiento-arrugas-faciales-expresion/,CLINICA ESTETICA,estetica@clinicanavarroluque.com; gine@clinicanavarroluque.com,667 275 272,"Jaén, Andalucía",Tratamiento de medicina estética orientado al rejuvenecimiento facial y que actúa paralizando temporalmente los músculos de la cara.
Gaiasbeauty,https://gaiasbeauty.es/toxina-botulinica-botox-santiago/,CLINICA ESTETICA,info@gaiasbeauty.es; madrid@gaiasbeauty.es,881 850 004; 621 254 716; 621 228 981,"Santiago de Compostela, Galicia",Con el Bótox reducimos líneas de expresión y eliminamos arrugas.
Tratamientos faciales en Cartagena Murcia,https://www.institutoandreo.com/especialidades/medicina-estetica/tratamientos-faciales/,CLINICA ESTETICA,info@institutoandreo.com,868 066 140; 644 729 789,"Cartagena, Región de Murcia","Rejuvenece tu rostro sin pasar por quirófano, con las técnicas más novedosas a tu alcance."
Tu centro de medicina estética y belleza en Burgos,https://mimathe.com/,CLINICA ESTETICA,mimathelaburgati@outlook.com,947 111 356; 697 615 699,"Burgos, Castilla y León",Tu centro de medicina estética y belleza en Burgos.
Tu clínica de estética,https://www.galatacentroestetico.com/,CLINICA ESTETICA,galatamedicina@gmail.com,600 264 728; 974 000 223,"Huesca, Aragón","Galata Medicina es una clínica de estética de Huesca especializada en medicina estética, nutrición y tratamientos faciales y corporales."
Miimclinic,https://www.miimclinic.com/,CLINICA ESTETICA,hola@miimclinic.com,686 298 358,"Castellón, Comunidad Valenciana","Tu clínica de medicina estética, facial y corporal en Castellón."
Unidad Estética Branemark Lleida,https://branemarkestetica.com/,CLINICA ESTETICA,info@branemarkestetica.com,973 243 632,"Lleida, Cataluña","Cirugía estética, plástica y reparadora en la ciudad de Lleida."
Uve Gara,https://www.uvegara.com/,CLINICA ESTETICA,info@uvegara.com,858 813 809; 654 217 297; 907 105 512,"Granada, Andalucía","En Uve Gara, clínica estética en Granada, ofrecemos tratamientos personalizados para realzar tu belleza natural con seguridad y armonía."
Zero42,https://zero42.es/,CLINICA ESTETICA,hola@zero42.es,,"Ourense, Galicia",Medicina Estética ; Cita Previa. Email : hola@zero42.es.
AraLáser WhatsApp,https://ara-laser.es/,LASER,info@ara-laser.es,658 643 587; 738 747 966; 738 748 035,"Zaragoza, Aragón","Bienvenido a AraLáser, tu centro de depilación en Zaragoza acerca de AraLáser ¡Bienvenido a nuestro centro de depilación, donde la suavidad se encuentra con la excelencia!"
Centro Depilación Láser SHR en Murcia,https://centroremeaguilar.com/,LASER,info@centroremeaguilar.com,656 697 720; 664 179 279; 779 635 538,"Murcia, Región de Murcia","Centro Depilación Láser SHR en Murcia, descubre tu centro de confianza y confort cerca de ti, descubre la nueva forma de depilación sin dolor ⭐."
Centro Depilación a Láser. Servicios de Estética en Santander,https://medlaser.es/,LASER,info@medlaser.es,615 055 153; 648 741 956,"Santander, Cantabria",MedLaser es un centro médico especializado en depilación permanente por láser con máquinas de última generación.
Centro de Belleza y Salud en Las Rozas,https://blossomclinics.es/centro-a-coruna/,LASER,info@blossomclinics.es; blossomclinicsacoruna@gmail.com,677 956 847; 917 105 799; 981 632 168,"A Coruña, Galicia",Visita el centro de Blossom Clinics en Las Rozas.
Centro de Depilación Láser Laserbeauty Badajoz,https://laserbeautybadajoz.es/,LASER,laserbeautybadajoz@gmail.com,676 927 239,"Badajoz, Extremadura","LaserBeauty Badajoz ofrece depilación láser de diodo para todo tipo de piel, con tecnología avanzada y resultados visibles desde la primera sesión."
Centro de Estética,https://laservipvalladolid.com/,LASER,info@laservipvalladolid.com,684 171 455; 730 281 016; 730 288 740,"Valladolid, Castilla y León",¿Buscas un centro de estética en Valladolid? Ven a Laser Vip.
Centro de depilación en Huesca,https://www.nomasvello.es/centros/depilacion-huesca-luz-pulsada-ipl/,LASER,info@nomasvello.com; huesca@nomasvello.com,918 117 074; 974 210 975; 648 213 697,"Huesca, Aragón",Nuestro centro de depilación en Huesca te ofrece resultados duraderos y efectivos.Tratamientos con luz pulsada - IPL✓ Limpieza facial
Centro de estética en Móstoles,https://silaser.es/,LASER,info@silaser.es; hola@silaser.es,624 308 617; 821 999 999; 761 892 875,"Móstoles, Comunidad de Madrid","Centro de estética en Móstoles con servicios avanzados, citas por WhatsApp y precios claros."
Centro depilación láser,https://clinicabelestar.com/depilacion-laser-pamplona-precios/,LASER,info@clinicabelestar.com; clinicadentallavaguada@gmail.com; lavaguadabayona@gmail.com,948 040 005; 948 236 400; 948 171 583,"Pamplona, Navarra",Termina definitivamente con el vello gracias a la depilación láser en Pamplona.
Centro estético-láser en Albacete. Tratamientos estéticos y depilación láser,https://bellezaysaludalbacete.es/,LASER,albalaser@hotmail.es,967 046 123; 637 058 662,"Albacete, Castilla-La Mancha","Centro de depilación láser diodo, tratamientos estéticos corporales y faciales a buen precio en Albacete."
Centros laser Almeria,https://centrolaseralmeria.com/,LASER,info@centrolaseralmeria.com,950 100 233; 950 327 079; 950 400 763,"Almería, Andalucía","Contamos con la última tecnología en depilación permanente con láser, láser alejandrita y láser diodo apto para pieles morenas con unos precios increíbles por ..."
Clínica estética en Albacete,https://depilife.es/centros/depilife-albacete/,LASER,atencion-al-cliente@depilife.es; info@depilife.es,627 216 361,"Albacete, Castilla-La Mancha","Descubre Depilife, clínica estética en Albacete mejor valorada, especializada en depilación láser, tratamientos faciales y corporales."
Clínica láser en Toledo,https://laseralejandrita3000.es/,LASER,recepcion.toledo@laseralejandrita3000.es,925 910 360; 690 634 933; 791 067 321,"Toledo, Castilla-La Mancha","Clínica Láser en Toledo. En LÁSER ALEJANDRITA 3000 encontrarás depilación láser avanzada, medicina estética facial y corporal, eliminación de varices y fisioterapia."
DEPILAR LÁSER HUESCA,https://www.depilarlaserhuesca.es/,LASER,depilar25@gmail.com,629 719 101,"Huesca, Aragón",Centro de depilación láser en Huesca con casi dos décadas de experiencia en tratamientos personalizados.
Depilación Eléctrica Bilbao Inicio,https://depilacionbilbao.com/,LASER,depilacionbilbao@gmail.com,665 616 000,"Bilbao, País Vasco",Depilación Eléctrica Bilbao. Centro Especializado Bilbao.
Depilación Láser Bilbao,https://www.tacto.es/centro-estetica/depilacion-laser-bilbao/,LASER,administracion@franquitelia.es,628 006 028; 944 109 145; 767 026 847,"Bilbao, País Vasco",Centro Depilación Láser en Bilbao. Tacto Depilación Láser Bilbao láser Alejandrita.
Depilación Láser Canarias WhatsApp,https://depilacionlasercanarias.com/,LASER,info@depilacionlasercanarias.com,659 456 230,"Las Palmas, Canarias",Enfermeras especialistas en el uso del láser.
Depilación Láser Diodo,https://mimateibiza.es/depilacion-laser-diodo/,LASER,info@mimateibiza.es,971 308 879; 681 926 717,"Ibiza, Illes Balears",Depilación Láser Diodo Disponemos de láser diodo con fibra óptica SHR Es la última tecnología en láser de diodo Ultra rápido Ultra frío Casi indoloro Es idóneo para todos los meses
Depilación Láser Diodo en Sevilla,https://clinicasartemisa.es/depilacion-laser/,LASER,info@clinicasartemisa.es,954 988 295; 605 559 349,"Sevilla, Andalucía",Comienza tu tratamiento de depilación láser diodo desde 10€.
Depilación Láser Lleida,https://www.ohmaylaser.com/,LASER,lleida@ohmaylaser.es,621 629 071; 648 115 007,"Lleida, Cataluña",Depilación Láser Lleida. Elimina el vello no deseado con depilación láser de diodo.
Depilación Láser Pamplona,https://centroesteticapamplona.com/,LASER,gomaracentromedico@gmail.com,680 126 188; 948 257 984,"Pamplona, Navarra",Centro de estética especializado en depilación láser en Pamplona con más de 15 años de experiencia.
Depilación Láser Profesional en Reus,https://centrolucem.com/,LASER,info@centrolucem.com,977 177 183; 696 913 761,"Reus, Cataluña",Resultados duraderos en depilación láser para hombres y mujeres en Reus.
Depilación Láser Valladolid,https://depilaris.es/,LASER,info@depilaris.es,983 291 002,"Valladolid, Castilla y León",Create a stunning handmade goods site with Avada & WordPress.
Depilación Láser en Córdoba,https://absolutebeauty.es/depilacion-laser-en-cordoba/,LASER,info@absolutebeauty.es,609 138 754; 957 298 358; 759 852 005,"Córdoba, Andalucía","Centro de Depilación Láser en Córdoba. Disponemos de Depilación Diodo, Alejandrita y Soprano."
Depilación Láser en Granada,https://laserdefinitive.com/,LASER,info@laserdefinitive.com,958 046 101; 691 351 385,"Granada, Andalucía",✅ Laser Definitive es un Centro de Depilación Láser en Granada que cuenta con varios centros.
Depilación Láser en Huesca,https://esteticalaysa.com/depilacion-laser-diodo,LASER,esteticalaysa@gmail.com,974 230 492; 675 964 964,"Huesca, Aragón",Descubre la mejor opción de depilación láser para eliminar el vello no deseado.
Depilación Láser en Madrid con tecnología SOPRANOTM Tripadvisor icon,https://germainegoyamadrid.com/depilacion-laser/,LASER,info@germainegoyamadrid.com,915 782 637; 627 037 128,"Madrid, Comunidad de Madrid",Tres tipos de láser para adaptarnos a cada tipo de pelo y piel ✳️ Depilación Láser en Madrid con la tecnología más avanzada ⭐ ¡Prueba GRATIS!
Depilación Láser en Murcia Centro de Estética,https://laserkingcenter.com/,LASER,hola@laserkingcenter.com,623 403 886,"Murcia, Región de Murcia","llll➤ Mejor Centro de Depilación Láser en Murcia 🥇 Depilación Rápida, Segura e Indolora ✅ ¡Resultados Visibles en la 1ª sesión!"
Depilación Láser en Sevilla Centro,https://institutolynch.es/tratamiento/depilacion-laser-diodo/,LASER,lynch@institutolynch.es,954 211 066; 653 221 298; 787 127 203,"Sevilla, Andalucía","Tu mejor opción para tu depilación con láser, contamos con la última tecnología diodo Soprano indolora y rápida, estamos en Sevilla Centro."
Depilación Láser y Estética Avanzada,https://dpilclinic.com/,LASER,pcastillo@dpilclinic.com; vallereal@dpilclinic.com,679 658 929; 699 204 850,"Santander, Cantabria",Depilación Láser de Diodo y Centro de estética avanzada en Santander.
Depilación con láser Alejandrita en Valladolid,https://www.dermatologosvalladolid.es/laser-alejandrita,LASER,pilarmanchadolopez@gmail.com,983 307 429,"Valladolid, Castilla y León",Depilación con láser Alejandrita en Valladolid en la Consulta Privada de Dermatología Dra.
Depilación en Córdoba,https://centroesteticamontseruiz.com/depilacion/,LASER,info@centroesteticamontseruiz.com,957 463 074; 666 869 963,"Córdoba, Andalucía","En el Centro de Estética Montse Ruiz, descubre la libertad de la depilación láser."
Depilación láser,https://tienda.clinicalondres.es/madrid-diego-leon/estetica-avanzada/25-depilacion-laser.html,LASER,tienda@clinicalondres.es,,"Madrid, Comunidad de Madrid",Bonos de depilación láser para olvidarse del vello de manera efectiva.
Depilación láser A Coruña,https://cesdepilacionlaser.com/depilacion-laser-a-coruna/,LASER,hola@cesdepilacionlaser.com,671 798 809,"A Coruña, Galicia","En CES Depilación Láser Coruña nos basamos en las últimas evidencias científicas y por supuesto, en nuestra experiencia."
Depilación láser ALEJANDRITA,https://clinicadermagranada.es/depilacion-por-laser-alejandrita/,LASER,clinicadermagranada@gmail.com,958 272 203,"Granada, Andalucía",La depilación por láser de Alejandrita (Gentlelase de Candela) actualmente es el método más avanzado de depilación.
Depilación láser de diodo,https://mylesteticaavanzada.com/depilacion-laser-diodo,LASER,info@mylesteticaavanzada.com,601 195 599,"León, Castilla y León",Depilación láser de diodo en León con tecnología exclusiva.
Depilación láser en Alcalá de Henares,https://laseralcala.com/,LASER,hola@laseravalon.com,911 297 175; 610 248 188,"Alcalá de Henares, Comunidad de Madrid",Centro especializado en depilación láser en Alcalá de Henares desde 2014.
Depilación láser en Burgos. Centro de depilación láser,https://www.erideestetica.com/depilacion-laser/,LASER,info@erideestetica.com,947 485 642,"Burgos, Castilla y León","Depilación láser en Burgos. Olvídate del vello de una manera duradera, segura, eficaz y adaptada a todo tipo de pieles con nuestra depilación láser en Burgos."
Depilación láser en Cáceres Últimas Tecnologías,https://corporesaludybelleza.com/depilacion-laser-caceres,LASER,info@corporesaludybelleza.com,625 476 799; 927 214 281,"Cáceres, Extremadura",¿Quieres la mejor depilación láser en Cáceres? ➜ 625476799 ☏ ✔ Cuerpo completo ✔ Ingles completas ✔ Zonas íntimas ✔ Resultados visibles
Depilación láser en Móstoles,https://www.multiestetica.com/centros/depilacion-laser/mostoles,LASER,info@multiestetica.com,,"Móstoles, Comunidad de Madrid",Compara centros de depilación en Móstoles.
Depilación láser en Sevilla,https://www.dlaser.es/,LASER,info@dlaser.es,684 335 672,"Sevilla, Andalucía",Centro de mayor nivel en depilación láser en Sevilla con tratamientos personalizados y resultados garantizados de por vida.
Depilación láser indoloro en Toledo- Método definitivo.,https://mmcfisiocenter.es/blog/depilacion-laser-toledo/,LASER,info@mmcfisiocenter.es,649 746 424,"Toledo, Castilla-La Mancha",¿Buscas depilación láser indoloro en Toledo? Elimina todo el vello corporal con la tecnología láser SHR.
Depilación láser masculina en Gijón,https://www.mercedespatallo.com/depilacion-laser-masculina-gijon-103,LASER,info@mercedespatallo.com,985 356 667,"Gijón, Principado de Asturias",Depilación definitiva con láser para hombres en el Centro de Estética Mercedes Patallo de Gijón.
Depilación láser médico Badajoz criterio profesional,https://niudestetica.com/depilacion-laser-medico-criterio-badajoz/,LASER,ejemplo@mail.com,685 486 301; 924 391 154; 638 418 830,"Badajoz, Extremadura",Descubre por qué el criterio profesional marca la diferencia en la depilación láser médico y cómo influye en la eficacia y seguridad.
Depilación láser- Clínica Dermatológica Sánchez del Río,https://clinicasanchezdelrio.es/servicios/dermatologia-estetica/depilacion-laser/,LASER,info@sanchezdelrio.com,985 208 407,"Oviedo, Principado de Asturias",El dermatólogo es el profesional más indicado para realizar un tratamiento de depilación láser.
Dermasana Alcalá de Henares,https://dermasana.com/centros/dermasana-alcala-de-henares/,LASER,pielsana@dermasana.com; alcaladehenares@dermasana.com,911 084 800; 633 483 292,"Alcalá de Henares, Comunidad de Madrid",Dermasana Alcalá de Henares: depilación láser efectiva y segura.
Fotodepilación láser,https://fotodepilacionelche.es/,LASER,clinicadermaorto@gmail.com; hola@analyzamarketing.es,965 460 329; 784 659 263; 784 735 205,"Elche, Comunidad Valenciana",Clínica de fotodepilación en Elche. Olvídate del vello para siempre con el mejor servicio de depilación láser en Elche.
Láser Complutense,https://lasercomplutense.com/,LASER,hola@lasercomplutense.com,650 126 321,"Alcalá de Henares, Comunidad de Madrid",Depilación láser en Alcalá de Henares. Resultados visibles desde las primeras sesiones con tecnología indolora y apta para todo tipo de pieles.
Ooh DEPILACIÓN LÁSER,https://www.coso-real.com/establecimientos/ooh-depilacion-laser/,LASER,info@coso-real.com; oohdepilacion@gmail.com,642 183 004; 974 244 454,"Huesca, Aragón",Anterior Siguiente Datos de interés Teléfono: 642 18 30 04 E-mail: oohdepilacion@gmail.com Instagram Centro especializado en Depilación Láser Indolora.
SAPPHIRA,https://www.sapphiraprivevitoria.com/depilacion-laser/,LASER,info@sapphiraprivevitoria.com,945 715 506; 615 824 995,"Vitoria, País Vasco","Depilación láser diodo SAPPHIRA DUPPLO TRIWAVE, tratamiento innovador de depilación láser SAPPHIRE más rejuvenecimiento."
AL SOL BRONCEADOS,https://www.alsolbronceados.com/,BRONCEADO,info@alsolbronceados.com,957 471 980,"Córdoba, Andalucía",Bronceado ultrarrápido con rayos UVA en Al Sol Bronceados.
Bellavita,https://bellavitaesteticavalladolid.com/,BRONCEADO,bellavitaesteticavalladolid@gmail.com,616 930 508,"Valladolid, Castilla y León","Belleza, bienestar y estética en Valladolid."
Belleza y Salud,https://www.solariumyestetica.com/,BRONCEADO,info@solariumyestetica.com,985 273 572; 985 084 504,"Oviedo, Principado de Asturias",INICIO · Servicios · Solarium · Cuidado Facial · Cuidado Corporal · Belleza manos y pies · Maquillaje de Fiesta · Depilación y Láser · Tratamientos con ...
Belleza y bronceado,https://bbestetica.es/,BRONCEADO,bbestetica@bbestetica.es,663 515 058; 672 142 672; 672 142 720,"Cádiz, Andalucía",B&B Estética nos encontramos en Cádiz: centro avanzado con tratamientos faciales y corporales.
Bronceado,https://clinicabizkaia.com/services/bronceado/,BRONCEADO,info@clinicabizkaia.com,946 028 990,"Bilbao, País Vasco","El bronceado en solárium. Telefono: (+34) 946 02 89 90 Dirección: Doctor Don Luis Bilbao Libano Kalea, 17, 48940 Leioa, Bizkaia Email: info@clinicabizkaia.com"
Bronceado DHA,https://clinicamefis.es/bronceado-dha-informacion-precio-opiniones/,BRONCEADO,info@clinicamefis.es,622 717 823; 790 615 198,"Granada, Andalucía","Bronceado DHA en Granada sin rayos UV: tono natural en 24 h, sesión 5-10 min y packs por zona desde 17 €."
Bronceado DHA Córdoba,https://centroesteticoluciaramirez.es/bronceado-dha-cordoba/,BRONCEADO,info@centroesteticoluciaramirez.es,957 109 040; 663 594 210; 799 175 077,"Córdoba, Andalucía","El bronceado DHA Córdoba permite obtener un moreno 100% natural, sin necesidad de exponerse al sol o a los rayos UVA, en tan solo 5 minutos."
Bronceado Rayos UVA,https://www.esteticarame.com/tienda/bronceado-rayos-uva/,BRONCEADO,info@esteticarame.com,973 236 633,"Lleida, Cataluña","En Centro de Estética Rame te proponemos un bronceado perfecto y luminoso, - Lleida - 9 a 20.30h info@esteticarame.com - 973 23 66 33"
Bronceado caña de azúcar en A Coruña,https://oohlala.es/bronceado-cana-azucar/,BRONCEADO,hola@oohlala.es,981 267 537; 981 112 460; 735 126 788,"A Coruña, Galicia",Bronceado caña de azúcar en A Coruña con aplicación profesional sin cabina UV.
Bronceado en Adeje,https://centroesteticamaya.com/bronceado-y-relajacion-en-adeje-tenerife,BRONCEADO,infoesteticaavanzadamaya@gmail.com,622 061 482,"Tenerife, Canarias","Bronceado y relajación en Adeje, Tenerife."
Bronceado y Estética,https://www.solmaniaelche.es/,BRONCEADO,info@solmaniaelche.es,966 675 289; 640 917 149,"Elche, Comunidad Valenciana","Ofrecemos bronceado, depilación y tratamientos estéticos."
Broncear Centros de bronceado en Pamplona,https://broncear.es/,BRONCEADO,broncearte.sol@gmail.com,948 223 063,"Pamplona, Navarra","El sol debe tomarse de forma responsable, tanto si que quiere obtener un tono homogéneo y duradero, como para evitar reacciones dérmicas indeseadas."
Belenussolarium,https://www.belenussolarium.es/,BRONCEADO,info@belenussolarium.es; ariasmotse@hotmail.com,988 235 889; 617 328 834,"Ourense, Galicia","Belenus Solarium y Estética ofrece depilación láser, solarium y tratamientos estéticos personalizados."
Centro de bronceado Solnatura,https://solnatura.es/,BRONCEADO,info@solnatura.es,658 401 293; 746 611 781; 787 243 996,"Málaga, Andalucía","En nuestro centro de bronceado, estamos comprometidos con ofrecerte una experiencia segura y eficiente, con resultados garantizados."
Centro de bronceado en Huesca,https://www.peluqueriariccis.com/centro-de-bronceado-en-huesca/,BRONCEADO,peluqueriariccis@gmail.com,974 245 570; 665 084 045,"Huesca, Aragón","Centro de bronceado en Huesca: consigue un bronceado dorado en 7 minutos, seguro, natural y confortable."
Centro de bronceado en Palma de Mallorca Solárium Vital,https://www.solariumvital.com/,BRONCEADO,solariumvital@gmail.com,971 724 667; 971 425 244,"Palma, Illes Balears","Centro de bronceado en Palma de Mallorca Solárium Vital … 24 07014, Mallorca, Palma."
Centro de estética en Reus,https://www.broncesol.es/es/inicio/,BRONCEADO,broncesolreus@gmail.com,977 340 242; 683 240 184,"Reus, Cataluña",Te realizamos un diagnóstico gratuito. Tratamientos faciales y corporales.
Centro de estética y solarium en Burgos,https://beautysunclinic.com/,BRONCEADO,info@beautysunclinic.com,947 229 887,"Burgos, Castilla y León",Disponemos de un renovado solarium con múltiples y modernas cabinas de rayos UVA.
Centros De Bronceado SOLMANÍA,https://www.solmania.com/,BRONCEADO,info@solmania.com,928 782 708; 788 995 550; 790 810 506,"Madrid, Comunidad de Madrid","Solmanía, la cadena especialista en bronceado UV, líder en España, te ofrece bronceado rayos UV (UVA + UVB) y bronceado UV con luz de colágeno."
Centros de Bronceado y Estética,https://bronceartewellness.com/,BRONCEADO,info@bronceartewellness.com,961 571 516,"Valencia, Comunidad Valenciana","En Broncearte Wellness, tu belleza es nuestra pasión."
Donnasol,https://www.todoboda.com/bodas/proveedores/belleza-y-estetica/donnasol-estetica-y-bronceado-1184,BRONCEADO,soporte@todoboda.com; info@todoboda.com,927 210 554; 915 932 070,"Cáceres, Extremadura",Donnasol es un centro de estética y bronceado situado en pleno centro de Cáceres que cuenta con especialistas en maquillaje y preparación de novias e invitados.
Emociom,http://emociom.com/almeria/planes/Luce-un-bronceado-espectacular-este-verano-5-Sesiones-de-Rayos-Uva-en-Alicia-de-los-Reyes/14394,BRONCEADO,atencionalcliente@emociom.com,717 190 357; 950 801 112,"Almería, Andalucía","Emociom, Almería. Luce un bronceado espectacular este verano: 5 Sesiones de Rayos Uva en Alicia de los Reyes"
Esencia by Elena y Cristina,https://www.esencia26.com/,BRONCEADO,mariabrau@mariabrau.com,941 243 532; 602 260 558; 713 635 464,"Logroño, La Rioja","En Esencia como centro de belleza y bienestar, expertas en tratamiento facial de rejuvenecimiento, manchas, acné y limpieza facial."
Maxol,https://www.salir.com/maxol-valladolid-neg-132767.html,BRONCEADO,info@linktomedia.net,983 390 344,"Valladolid, Castilla y León","Encuentra toda la información sobre Maxol en Valladolid: fotos, opiniones, precios, horarios, teléfono de contacto, etc."
Pinup belleza y bronceado vigo,https://www.pinupvigo.com/,BRONCEADO,pinupvigo@gmail.com,986 138 732,"Vigo, Galicia","Pin Up en Vigo. Centro de bronceado, belleza y medicína estetica para hombre y mujer."
Rayos UVA,https://corporel.es/rayos-uva/,BRONCEADO,corporel@corporel.es,925 257 280; 606 566 211,"Toledo, Castilla-La Mancha","rayos uva en Toledo, rayos uva corporel Toledo, rayos ultravioleta en Toledo"
Rayos UVA Chamberí Madrid centro de Bronceado con Colágeno,https://lorenzosestetica.es/centro-bronceado-madrid/,BRONCEADO,info@lorenzosestetica.es,914 455 481; 671 322 355; 791 066 484,"Madrid, Comunidad de Madrid",➤ Un tono dorado y saludable en cabinas horizontales y verticales con tubos activadores de colágeno.
Rayos UVA Seguro en Toledo,https://www.esteticatania.es/rayos-uva/,BRONCEADO,esteticatania@outlook.es,627 303 388,"Toledo, Castilla-La Mancha",Bronceado veloz y uniforme con nuestra cabina de Rayos UVA.
Rayos UVA bronceado Madrid,https://www.todosolcenter.com/,BRONCEADO,info@todosolcenter.com,919 319 817,"Madrid, Comunidad de Madrid","TodoSol Center, tu centro de bronceado en Madrid."
Rayos UVA en Toledo,https://centroesteticalaserbelle.es/rayos-uva-toledo/,BRONCEADO,info@laserbelle.es,925 256 003; 769 023 655; 789 299 822,"Toledo, Castilla-La Mancha","Recibe en nuestro centro tu tratamiento de rayos UVA en Toledo y despreocúpate de la seguridad, nosotros velamos por ti."
Servicios de bronceado de Ramiro Gill,https://www.ramirogill.com/solarium-vigo.aspx,BRONCEADO,peluquerias@ramirogill.com,986 090 390; 986 422 455; 986 370 923,"Vigo, Galicia","Consigue una piel morena y bronceada sin tener que exponerte al sol con el solárium de Ramiro Gill, donde podrás escoger entre dos tipos de bronceados."
Sesión de Rayos UVA,https://albanaturvida.es/producto/sesion-de-rayos-uva/,BRONCEADO,info@albanaturvida.es,967 191 931,"Albacete, Castilla-La Mancha","Sesión de Rayos UVA 4,00€ - 30,00€. Alba Natur-vida SL Calle San Sebastian, 6, Bj."
Solarium Salamanca,http://www.lauranicolay.com/solarium,BRONCEADO,laury_nicolay@hotmail.com,923 201 783,"Salamanca, Castilla y León",Ofrecemos tratamientos de bronceado y sesiones de rayos UVA en Salamanca.
Solarium en Bilbao para un bronceado perfecto,https://arcopeluqueria.com/solarium-bilbao/,BRONCEADO,info@arcopeluqueria.com,944 761 294,"Bilbao, País Vasco",Prepara tu piel para el verano con nuestras sesiones de solarium en Bilbao.
Solarium en Elche,https://xn--toidiaz-5za.es/solarium-en-elche/,BRONCEADO,esteticatoni@hotmail.com,965 437 738; 630 754 391,"Elche, Comunidad Valenciana",Obtén un bronceado radiante con nuestro solárium en Elche.
Solarium en Girona,https://www.solsol.es/es/solarium,BRONCEADO,girona@solsol.cat,972 203 835; 740 572 089; 744 642 584,"Girona, Cataluña",Descubre nuestras cabinas de bronceado en Girona y disfruta de descuentos exclusivos.
Solarium en Reus,https://depidor.com/es/solarium-reus/,BRONCEADO,info@depidor.com,977 331 030,"Tarragona, Cataluña",Ahorra en tu bronceado con nuestros bonos solarium de 10 sesiones por 35 € y 20 sesiones por 60 €.¡Pide mas información en nuestro centro de estética!
Solarium en Santander Bronceado seguro,https://mariaaragoneses.com/solarium-en-santander/,BRONCEADO,info@mariaaragoneses.com,942 765 522,"Santander, Cantabria",Centro de estética en Santander especializado en proporcionar un bronceado progresivo y personalizado según tu tipo de piel.
Solnova,https://solnova.apptivate.it/,BRONCEADO,jramirezcentro@gmail.com,914 939 710,"Madrid, Comunidad de Madrid",Solnova centro de Bronceado está situado en la población de Torrejón de Ardoz.
Solárium UVA Zaragoza,https://gemmabeautymedical.com/bronceado-solarium-uva-en-zaragoza/,BRONCEADO,info@gemmabeautypalace.com,674 188 439; 843 788 205; 790 063 300,"Zaragoza, Aragón",Disfruta de un bronceado progresivo y controlado con solárium UVA en Zaragoza.
Solárium en Santander,https://solmaxsantander.es/servicios/solarium/,BRONCEADO,info@solmaxsantander.es,942 938 904,"Santander, Cantabria",Te ofrecemos un bronceado uniforme y con un tono espectacularmente bonito.
Solárium en Vitoria,https://saraugarte.es/solarium/,BRONCEADO,saraugartecei@gmail.com,945 032 482; 672 114 637,"Vitoria, País Vasco",Consigue un bronceado uniforme y duradero en Vitoria con nuestro solárium.
Solárium urbano consciente en Huelva,https://store.growersgo.com/products/balneario-urbano?srsltid=AU7gw4XU6Is4rRsYPUuLeOfjoy6QZtm8x1BbhPM0WhG5FXwwX_5U-j83,BRONCEADO,reservas@growersgo.com,959 777 666,"Huelva, Andalucía","Un oasis urbano en Huelva: descanso en solárium con hamacas, ducha, bebida saludable y bar consciente para revitalizar cuerpo y mente."
Soláriums tubos UVA acelerador de bronceado cosmética solar estética.,https://todoparaelbronceado.com/,BRONCEADO,info@todoparaelbronceado.com,646 025 941; 668 163 241; 668 165 978,"Vigo, Galicia","En Solpleno suministramos soláriums profesionales, soláriums domésticos, tubos UVA, aparatología estética, Acelerador Bronceado, Cosmética solar, Colageno."
Spray Tan en Marbella,https://esteticacontur.com/es/spray-tan/,BRONCEADO,info@esteticacontur.com,951 556 677; 681 351 727; 895 154 924,"Marbella, Andalucía",En Clínica Estética Contur te traemos Spray Tan.
SunFunny,https://sunfunny.es/,BRONCEADO,info@sunfunny.es,954 279 459; 954 570 486; 954 284 758,"Sevilla, Andalucía",Centros de bronceado en Sevilla con la última tecnología
Sunloungesolarium,https://www.sunloungesolarium.es/,BRONCEADO,info@sunloungesolarium.es,,"Marbella, Andalucía","Tanning salon Marbella, Centro de bronceado Marbella con estilo."
Tratamientos caña de azúcar,https://xuriaestetica.es/tratamientos/tratamientos-especificos/tratamientos-cana-de-azucar/,BRONCEADO,info@xuriaestetica.es,948 076 767,"Pamplona, Navarra",El bronceado con caña de azúcar o DHA es una alternativa rápida y segura para conseguir un color de piel favorecedor.
TuroSol,https://turosolpamplona.es/,BRONCEADO,teresolarium@gmail.com,948 153 527,"Pamplona, Navarra","bronceado y bienestar en Pamplona. Descubre nuestro solarium, bronceado en spray y presoterapia, con atención personalizada y el asesoramiento que necesitas."
centro de estetica burgos,https://beautysunclinic.es/,BRONCEADO,info@beautysunclinic.es,947 229 887; 658 323 389,"Burgos, Castilla y León","Tu centro de estetica en burgos, beautysunsollatino, Tenemos todo tipo de tratamientos de belleza desde Solarium a uñas semipermanentes."
️ Centro Estética León,https://centroesteticaleon.icaria.es/,BRONCEADO,icaria21ponferrada@icaria.es,987 207 464; 987 239 894; 902 502 668,"León, Castilla y León",Centro estética León Icaria Belleza & Bienestar | Especialistas en tratamientos de medicina estética y depilación láser.
3Npeluqueriaalicante,https://3npeluqueriaalicante.com/,ALTA PELUQUERIA,3npeluqueros@gmail.com,965 207 575,"Alicante, Comunidad Valenciana",ALTA PELUQUERÍA DE CABALLEROS SINCE 1969.
5Th Avenue Peluqueros,https://5thavenuepeluqueros.eu/toledo/,ALTA PELUQUERIA,5thavenueblack@gmail.com,925 337 754,"Toledo, Castilla-La Mancha","En 5TH Avenue Peluqueros tienes a tu disposición un completo equipo de expertos en imagen y tendencias, además de productos de calidad profesional."
Arteón Hair Salón,https://arteonhair.com/,ALTA PELUQUERIA,info@arteonhair.com,626 589 891,"Reus, Cataluña",ARTEÓN HAIR. A través de la escucha activa y la interacción con nuestros clientes ofrecemos un servicio de peluquería de Autor
Avenue Hair Salon,https://avenuehair.es/,ALTA PELUQUERIA,central@avenuehair.es,757 448 425; 606 092 193; 613 602 772,"Bilbao, País Vasco",3 salones a tu disposición ; Avenue Hair Colón (Bilbao).
Concept Hair Coruña,https://concepthair.es/,ALTA PELUQUERIA,concepthair@concepthair.es,881 927 109; 981 904 348; 754 306 502,"A Coruña, Galicia","Descubre Concept Hair en A Coruña, tu salón de confianza para servicios de peluquería y belleza."
Dasomil Estilistas,https://dasomil-estilistas.es/,ALTA PELUQUERIA,contacto@dasomil-estilistas.es,926 211 662; 926 270 031,"Ciudad Real, Castilla-La Mancha","En Ciudad Real, Profesionales Expertos en Alta Peluquería, Estética y Servicios de Belleza."
El Salón,https://elsalon.com.es/,ALTA PELUQUERIA,elsalon@elsalon.com.es,871 804 354; 752 142 660; 756 106 911,"Palma, Illes Balears",Alta peluquería y estética natural en Palma.
Enrique Valiente Peluqueria Cadiz,https://www.enriquevaliente.com/,ALTA PELUQUERIA,info@enriquevaliente.com,788 315 196; 947 268 588; 956 200 360,"Cádiz, Andalucía","Peluqueria Cadiz, gabinete de estética y tendencias en Cádiz."
Equipo,https://losangeleshairandbeauty.es/salon-belleza-peluqueria-caceres/,ALTA PELUQUERIA,info@losangeleshairandbeauty.es,927 761 398,"Cáceres, Extremadura",Un Salón de Belleza y Peluquería en pleno centro de Cáceres en constante evolución.
Expertos en tintes mechas y novias en Gijón,https://mariadamorinestilistas.es/,ALTA PELUQUERIA,mariadamorin@gmail.com,984 840 402; 771 488 634; 790 132 966,"Gijón, Principado de Asturias","¿Buscas estilistas profesionales en Gijón? Descubre nuestros servicios de tintes, mechas y belleza para novias en María Damorin Estilistas."
IT LOOK by Laura Torrens en Palma de Mallorca,https://itlookbylauratorrens.com/,ALTA PELUQUERIA,itlookbylauratorrens@gmail.com,669 688 257,"Palma, Illes Balears","Descubre a IT LOOK, un salón de peluquería en Palma de Mallorca donde cada corte y color reflejan tu esencia."
Javier Mirón Peluquero. Alta peluquería en Ciudad Real,https://www.javiermiron.es/,ALTA PELUQUERIA,javier.miron@hotmail.es,926 230 714,"Ciudad Real, Castilla-La Mancha",Javier Mirón Peluquero es referencia de la alta peluquería en Ciudad Real.
L ́Studio Ana,https://www.lstudioana.com/,ALTA PELUQUERIA,lstudioana@gmail.com,672 163 485,"Elche, Comunidad Valenciana","Peluquería en Elche especializada en color, mechas, balayage y tratamientos capilares."
Anabelgarbi,https://anabelgarbi.com/belleza-para-novias-en-tarragona/,ALTA PELUQUERIA,anabelgarbi@hotmail.es,977 470 329; 603 248 454; 667 555 562,"Tarragona, Cataluña",31 Jul 2024 · Anabel Garbi cuenta con más de 15 años de experiencia en el sector de la belleza nupcial.
Laura Furné,https://laurafurne.com/,ALTA PELUQUERIA,laurafurne@gmail.com,971 124 237,"Ibiza, Illes Balears",El Beauty Salon de Laura Furné ofrece las tendencias más vanguardistas en el mundo de la belleza a nivel mundial.
Luxury Estilistas,https://www.luxuryestilistas.es/,ALTA PELUQUERIA,luxury.estilistas@gmail.com,967 506 799,"Albacete, Castilla-La Mancha","Descubre el lujo del estilismo en Luxury Estilistas, donde la elegancia se encuentra con el cuidado capilar."
MAISON EDUARDO SANCHEZ,https://maisoneduardosanchez.com/,ALTA PELUQUERIA,bonjour@maisoneduardosanchez.com,915 776 722,"Madrid, Comunidad de Madrid","Peluquería de Lujo, Maison Eduardo Sánchez."
MYN by Natalia,https://mynbynataliacruz.com/,ALTA PELUQUERIA,myn.nataliacruz@gmail.com,,"Tenerife, Canarias","Descubre la experiencia única de MYN by Natalia con atención personalizada, productos de alta gama y profesionales capacitados."
Marta Maíz,https://martamaiz.com/,ALTA PELUQUERIA,info@martamaiz.com,943 428 490; 681 105 502,"San Sebastián, País Vasco","Peluquería Marta Maiz, emblemática peluquería Donostiarra en el centro de la ciudad."
Mejor Peluqueria En Valencia Descubrela,https://peluqueriaspilarmasdemont.com/mejor-peluqueria-en-valencia-descubrela/,ALTA PELUQUERIA,pilar.masdemont@gmail.com,790 826 751; 790 831 365; 742 456 025,"Valencia, Comunidad Valenciana",24 Jun 2021 · Alta Peluqueria. Menú. Menú.
Myrella,https://myrellapeluqueria.com/,ALTA PELUQUERIA,info@myrellapeluqueria.com,618 285 818,"Cádiz, Andalucía",Descúbrela Peluquería estética en Cádiz Cita previa WhatsApp +34 618 28 ...
Lavozdegalicia,https://www.lavozdegalicia.es/noticia/coruna/a-la-ultima/2024/10/04/neo-hair-studio-salon-peluqueria-autor-fusiona-moda-belleza-coruna/00031728064701488195327.htm,ALTA PELUQUERIA,suscripciones@lavoz.es,900 154 218,"A Coruña, Galicia","John Gonz�lez quiere que la gente pierda el miedo a ir a la peluquer�a, �recuperar el mimo al cliente� y hacer un mix entre lo que se lleva y lo que queda bien."
Opzon,https://www.opzon.com/,ALTA PELUQUERIA,opzon@opzon.com,914 462 770,"Madrid, Comunidad de Madrid",Tu peluquería exclusiva en el Centro de Madrid.
Pamplona Actual,https://pamplonaactual.com/pamplona-actual-negocios-al-dia/269730/peluqueria-haiamba-un-salon-de-autor-en-pamplona-con-la-garantia-de-los-productos-organicos-de-aveda/,ALTA PELUQUERIA,agenciacomunikaze@gmail.com,610 041 223; 947 251 074; 984 856 946,"Pamplona, Navarra","Primer periódico digital de Pamplona y comarca con noticias de Navarra y ediciones locales de la comarca y merindades, medio de comunicación"
Peluquera y estilista en Móstoles,https://silviahernandezpeluqueria.es/,ALTA PELUQUERIA,contacto@silviahernandezpeluqueria.es; info@silviahernandezpeluqueria.es,910 108 205,"Móstoles, Comunidad de Madrid","Silvia Hernández, peluquera y estilista en Móstoles."
Growpeluqueros,https://www.growpeluqueros.es/,ALTA PELUQUERIA,info@growpeluqueros.es,966 085 824,"Alicante, Comunidad Valenciana","Grow Peluqueros, Peluqueria en Alicante centro, estudiamos tu rostro y aplicamos las técnicas que más te favorecen para que te identifiques con tu imagen"
Peluquería Chic Bilbao Estilismo,https://www.chicbilbao.com/,ALTA PELUQUERIA,chicbilbao@chicbilbao.com,944 022 673; 633 680 135; 946 570 412,"Bilbao, País Vasco","En nuestros centros además de los servicios habituales de peluquería como corte mujer, hombre, niños, tratamientos, moldeados.."
Peluquería Equipo s,https://peluqueriaequipos.com/,ALTA PELUQUERIA,peluequipos@gmail.com,971 799 478; 615 622 189,"Palma, Illes Balears",EQP'S by Araceli Ortiz: peluquería y centro de estética en el casco antiguo de Palma.
Peluquería Jairo Llera,https://peluqueriajairollera.com/,ALTA PELUQUERIA,info@peluqueriajairollera.com,924 433 648,"Badajoz, Extremadura",Peluquería de caballeros y micropigmentación capilar en Badajoz.
Peluquería Susana Puente,https://www.peluqueriasusanapuente.com/,ALTA PELUQUERIA,susanapuentepelu_bel@hotmail.com,981 935 327,"Santiago de Compostela, Galicia",Susana Puente es una peluquería y centro de estética de Santiago de Compostela que ofrece una amplia variedad de servicios estéticos personalizados.
Peluquería de Autor Francisco Mogollo,https://fmpeluqueriadeautor.es/,ALTA PELUQUERIA,info@fmpeluqueriadeautor.es,924 960 808,"Badajoz, Extremadura",FM Peluquería de Autor es un espacio innovador y vanguardista dedicado a la belleza y al cuidado del cabello y del cuerpo.
Peluquería de Autor en Alicante,https://aliciarodriguezbeauty.com/peluqueria-de-autor/,ALTA PELUQUERIA,info@aliciarodriguezbeauty.com,623 479 156,"Alicante, Comunidad Valenciana",¿Valoras tu tiempo y buscas exclusividad? En nuestro servicio de peluquería de autor en Alicante tú eres la única protagonista.
Peluquería de caballeros en Pamplona,https://www.peluqueriacaballerospamplona.com/,ALTA PELUQUERIA,ayestaiosu@gmail.com,948 173 330; 922 077 495; 922 104 206,"Pamplona, Navarra","Peluquería Ayesta, alta peluquería de caballeros en PamplonaSobre nosotros La amplia experiencia en la peluquería de caballeros, el trato personalizado y el estilo único y personal"
Peluquería en Almería,https://www.peluqueriayesteticalauraguirado.es/,ALTA PELUQUERIA,lauraguiradoestilistas@gmail.com,950 040 515; 665 831 971,"Almería, Andalucía","Descubre Laura Guirado Peluquería, tu salón de belleza en Almería."
Peluquería en Barrio de Salamanca,https://mabelle.es/pages/salon,ALTA PELUQUERIA,info@mabelle.es,910 255 815; 664 432 120,"Salamanca, Castilla y León","MA BELLE Salón es un espacio de alta peluquería en Madrid especializado en color, rubios y tratamientos capilares personalizados."
Peluquería en Las Palmas de Gran Canaria,https://mendozapeluqueros.es/,ALTA PELUQUERIA,mendozapeluquerossl@gmail.com,759 088 096; 790 086 708; 790 087 017,"Las Palmas, Canarias",Salón de peluquería premium en Las Palmas.
Peluquería en Lleida,https://www.serveisactius.cat/es/segria/peluqueria-lleida,ALTA PELUQUERIA,info@serveisactius.cat; eloycasesperruquers@gmail.com,973 236 396; 607 744 242,"Lleida, Cataluña","Peluquería en Lleida, Eloy Cases Perruquers en nuestro salón nos gusta hacer una asesoría integral al cliente, llevamos hasta el último extremo las tendencias"
Peluquería en Madrid,https://danielromeroaltapeluqueria.es/,ALTA PELUQUERIA,info@danielromeroaltapeluqueria.es,915 772 905; 910 518 104; 913 110 967,"Madrid, Comunidad de Madrid","Peluquería en Madrid: corte, color, mechas/balayage, tratamientos y novias."
Peluquería en Oviedo,https://www.ferminpeluqueros.com/,ALTA PELUQUERIA,info@ferminpeluqueros.com,644 236 907; 985 294 960; 626 056 798,"Oviedo, Principado de Asturias","Peluquería en Oviedo centro con más de 800 reseñas y 4,7★."
Peluquería en Pamplona,https://marcopm.com/,ALTA PELUQUERIA,info@marcopm.com,948 278 214; 790 858 681; 808 783 019,"Pamplona, Navarra",Peluquería en Pamplona Marco PM Estilistas está en el barrio de San Juan y cuenta con un equipo profesional y nuevas instalaciones.
Peluquería y Estética en Alcalá de Henares,https://capilarium.es/,ALTA PELUQUERIA,info@capilarium.com,644 838 114,"Alcalá de Henares, Comunidad de Madrid","Bienvenido a Capilarium, tu salón de belleza en Alcalá de Henares."
Perruqueria Salomé en Lleida,https://perruqueriasalome.com/,ALTA PELUQUERIA,salomegargallo@hotmail.com,973 203 220; 618 533 750; 790 946 163,"Lleida, Cataluña","Perruqueria Salomé en Lleida: tu salón de confianza con 35 años en peluquería, estética y tratamientos capilares."
Puri Peluqueria y Belleza. Almería,https://www.puripeluqueria.com/,ALTA PELUQUERIA,info@puripeluqueria.com,950 244 525,"Almería, Andalucía","Somos uno de los salones de belleza más longevos en Almería y ofrecemos servicios de peluquería, maquillaje y cuidado de la piel de alta calidad."
R Difusión Santander,https://rdifusion.es/pages/rdifusion-santander?srsltid=AU7gw4U0tA7bWulZGWBp3OVLZIHTRVMHw1APPM5kq-vumgjia34-IqHu,ALTA PELUQUERIA,shop@rdifusion.es,915 010 125,"Santander, Cantabria","Somos una filosofía que nace de la pasión y del amor por el cabello, la belleza y el bienestar."
Salón Store Secretos del Agua en Sevilla,https://www.secretosdelagua.com/store/salon-store-secretos-del-agua-sevilla/?srsltid=AU7gw4UqxQZsgwzPOC_rNHJfRsnUoCWGFOGYSVhjHrs-rSTPs3GLxN2k,ALTA PELUQUERIA,reservasalonstoresevilla@secretosdelagua.com; salonstoresevilla@secretosdelagua.com; hola@secretosdelagua.com,682 475 563; 954 112 688; 915 079 385,"Sevilla, Andalucía",Visita nuestro Salón Store en Sevilla: peluquería y estética con tratamientos naturales para tu piel y cabello.
Salón alta peluquería,https://www.pedroprieto.com/,ALTA PELUQUERIA,pedroprieto@pedroprieto.com,886 124 153,"Vigo, Galicia",Salón de peluquería en Vigo. Servicios de alta calidad.
Salón de peluquería y estética en Móstoles,https://www.peluqueriayesteticamostoles.es/,ALTA PELUQUERIA,salondebellezajuli@gmail.com,647 148 458; 849 334 004,"Móstoles, Comunidad de Madrid","Salón de peluquería y estética en Móstoles especializado en el alisado orgánico, la depilación láser y mechas balayage, entre otros servicios."
Sara Pérez Studio,https://saraperezstudio.com/,ALTA PELUQUERIA,info@saraperezstudio.com,956 333 125,"Jerez, Andalucía","En Sara Pérez Studio, creemos que cada visita debe transformarse en una experiencia única."
Servicios de Peluquería en Málaga,https://lunateatinos.com/peluqueria/,ALTA PELUQUERIA,lunateatinoscb@gmail.com,634 433 908; 951 717 436; 790 905 765,"Málaga, Andalucía",Potencia la belleza de tu cabello en Luna Teatinos.
Six Peluqueros tu Centro de Peluquería en Logroño.,https://www.sixpeluqueros.com/,ALTA PELUQUERIA,info@sixpeluqueros.com,,"Logroño, La Rioja",Bienvenidos al centro de peluquería Six Peluqueros.
Tienda de productos de peluquería y estética en Burgos,https://www.laboutiquedelpeluqueroburgos.com/,ALTA PELUQUERIA,laboutiquedelpeluquero@gmail.com,947 266 489,"Burgos, Castilla y León",Tienda de productos de peluquería y estética en Burgos.
Trasnos Estilistas,https://www.trasnosestilistas.com/,ALTA PELUQUERIA,info@trasnosestilistas.com,988 224 252; 682 936 056,"Ourense, Galicia",Trasnos Estilistas somos una peluquería y estética de autor de Ourense.
VIRAG Alta Peluquería Murcia,https://virag.es/,ALTA PELUQUERIA,hola@virag.es,868 160 709,"Murcia, Región de Murcia","Alta Peluquería en Murcia especializada en coloración, tratamientos capilares y diagnóstico personalizado."
topestilistas WhatsApp,https://topestilistas.com/,ALTA PELUQUERIA,pamplona@topestilistas.com,948 151 691; 611 456 214,"Pamplona, Navarra",Salón de autor en el centro de Pamplona con más de 30 años de experiencia.
Castellon,https://castellon.comercioscomunitatvalenciana.com/es/productos/view/laguna-estilista-peluqueria-autor-holistica/tratamientos-2,ALTA PELUQUERIA,lagunaestilista@gmail.com; afic@castello.es,964 355 100,"Castellón, Comunidad Valenciana",", Buscador de productos :: Ajuntament de Castelló ::"
Ángela Jaén Peluquería Reserva Tu Cita,https://angelajaen.com/,ALTA PELUQUERIA,info@angelajaen.com,610 742 297; 611 649 972,"Jaén, Andalucía",Ángela Jaén peluquera especializada en color.
Contacta,https://www.farmaciaaliciagarcia.com/contacta/,FARMACIA,farmacia12h.alicia@gmail.com,913 003 025; 673 550 807,"Madrid, Comunidad de Madrid","Dirección: Calle Carril del Conde, 100 (Madrid) Teléfono: 91 300 30 25 Correo Electrónico: farmacia12h.alicia@gmail.com … del número 673 550 807."
Farmacia Ciurana,https://www.farmaciaciurana.cat/contacta,FARMACIA,farmaciaciurana@gmail.com,972 200 280; 600 990 595,"Girona, Cataluña","Benvinguts a Farmàcia Ciurana, el vostre espai de salut a Girona on t'oferim una àmplia gamma de productes i atenció personalitzada."
Contacte con nosotros,https://farmaciaandalucia.es/contactenos?srsltid=AU7gw4WGwKog0jVA8cB8RBje7bxt0l-BuMXHXlp8G2ouzDTogXKjd76s,FARMACIA,info@farmaciaandalucia.es,959 154 651,"Huelva, Andalucía","Contacte con nosotros · Avd. Andalucía Edificio La Florida s/n, 21006, Huelva (Huelva) · 959 154 651 · info@farmaciaandalucia.es ..."
Contacto FarmaciAlcala,https://farmacialcala.es/es/contacto-farmacialcala?srsltid=AU7gw4UV-9PyDu8Hpke1Z-heJI5mZJGoyXYl-Ho8h96nRbvQe6wuCHxg,FARMACIA,farmacia@farmacialcala.es,918 807 064,"Alcalá de Henares, Comunidad de Madrid","Contacte con nosotros · C/Jorge Luis Borges, 9 28806, Alcalá de Henares · 918 807 064 · farmacia@farmacialcala.es ..."
Farmacia Larondacordoba,https://farmacialarondacordoba.com/pages/contacto,FARMACIA,farmacialarondacordoba@gmail.com,654 668 187; 957 048 266,"Córdoba, Andalucía","Avenida Donantes de Órganos, 7, 14011 Córdoba capital."
Contactos,https://www.farmacia24hsantander.com/contactos/,FARMACIA,contacto@farmacia24hsantander.com,942 355 980,"Santander, Cantabria",Santander 94 235 59 80 / contacto@farmacia24hsantander.com.
Farmacia Farnesio29,https://www.farmaciafarnesio29.com/contacto,FARMACIA,farmaciafarnesio29@gmail.com,983 470 194; 656 559 730,"Valladolid, Castilla y León",Datos de contacto de Farmacia FARNESIO 29 en Valladolid con multitud de ofertas y una amplia gama de productos farmacéuticos para la salud y belleza ¡Visítanos!
FARMACIA BARREÑA,https://www.comerciohuesca.com/huesca/farmacias/farmacia-barrena/,FARMACIA,info@comerciohuesca.com; farmaciafbs@hotmail.com,974 223 018; 974 227 283,"Huesca, Aragón","CALLE GIBRALTAR, 17 , Huesca, Aragón 22006, España · 974223018 · farmaciafbs@hotmail.com · https://www.farmaciapacoyclara.com/."
FARMACIA CERVANTES LEON,https://www.farmaciacervantesleon.com/contacto,FARMACIA,info@farmaciacervantesleon.com,606 608 961; 914 295 158,"León, Castilla y León",Titular: · Whatsapp · 606608961 · Teléfono · 914295158 · Fax · 914295158 · Correo info@farmaciacervantesleon.com.
FARMACIA DE ZUBIETA,https://barriosanmartin.com/salud/farmacia-de-zubieta/,FARMACIA,contacto@barriosanmartin.com; dezubietafarmacia@gmail.com,943 454 522; 662 122 962,"San Sebastián, País Vasco","Salud y bienestar, cuidamos de ti. FARMACIA DE ZUBIETA Detrás de cada servicio y producto que ofrecemos en nuestra farmacia, […]"
FARMACIA en Cordoba,https://farmacialopezruizcatedra.com/,FARMACIA,info@farmacialopezruizcatedra.com,957 487 061,"Córdoba, Andalucía",Farmacia en Córdoba López Ruiz Cátedra: ✅ Atención personalizada ✅ Seguimiento farmacoterapéutico ✅ Formulación magistral ✅ Nutrición
Farmacia 24h Madrid Sur,https://farmaciamadridsur.es/contacto,FARMACIA,info@farmaciamadridsur.es,915 079 484; 618 734 391,"Madrid, Comunidad de Madrid","Farmacia 24h Madrid Sur, consula nuestra dirección, horarios, servicios, etc."
Farmacia 5 Estrellas,https://farmacia5estrellasmurcia.com/contacto/,FARMACIA,mifarmacia@farmacia5estrellas.es,968 210 480,"Murcia, Región de Murcia","Calle Infante Juan Manuel 7, 30011, Murcia 968 210 480 icono whatsapp 968 210 480 mifarmacia@farmacia5estrellas.es."
Farmacia América en Móstoles. La farmacia de Móstoles,https://farmaciaamerica.es/,FARMACIA,info@farmaciaamerica.es,916 183 987,"Móstoles, Comunidad de Madrid","Farmacia en móstoles, equipo altamente cualificado, dedicado 100% a ofrecer una atención cercana y personalizada."
Farmacia Cervantes Cáceres,https://farmaciacervantescaceres.com/contacto/,FARMACIA,farmaciacervantescaceres@gmail.com,927 220 667; 660 748 458,"Cáceres, Extremadura",927 22 06 67 | 660 74 84 58 Dirección: Av.
Farmacia Ciento Ocho,https://farmaciacientoocho.com/,FARMACIA,farmaciacientoocho@gmail.com,681 662 459; 964 219 766,"Castellón, Comunidad Valenciana",Farmacia Ciento Ocho somos un equipo de experimentados farmacéuticos en la mejor atención en Castellón de la Plana.
Farmacia Conservatorio FARMACIA en Córdoba,https://farmaciaconservatorio.es/,FARMACIA,info@farmaciaconservatorio.es,957 472 451,"Córdoba, Andalucía","CONTACTO Dirección: Calle Ángel de Saavedra, 4, 14003 (Córdoba) Teléfono: 957 47 24 51 Email: info@farmaciaconservatorio.es -Viernes: 8:00-22:00 Sábados,"
Farmacia Elena Castro Sierra,https://toledocomunitario.es/recurso/farmacia-elena-castro-sierra/,FARMACIA,farmaciaelenacastro@gmail.com,925 228 098; 934 279 708,"Toledo, Castilla-La Mancha","Se encuentran al lado del centro de salud, lo que les permite estar siempre actualizados y disponibles para el cuidado de la salud."
Farmacia Estación 109,https://estacion109.es/contacto/,FARMACIA,farmaciaestacion109@outlook.es,923 223 890; 619 313 396,"Salamanca, Castilla y León",Escribe al Whatsapp de nuestra farmacia para encargarnos tus pedidos y así no tienes cola para recogerlo.
Farmacia Frago tu farmacia en Zaragoza,https://www.farmaciafrago.com/contactar,FARMACIA,infofrago54@gmail.com,976 471 068; 673 266 530,"Zaragoza, Aragón","Bienvenidos a farmacia Frago, su espacio de salud en Zaragoza donde le ofrecemos una amplia gama de productos y atención personalizada"
Farmacia Gran Vía Alicante asesoramiento farmacéutico.,https://farmaciagranvialicante.com/,FARMACIA,e.aura@terol.e.telefonica.net,683 471 769,"Alicante, Comunidad Valenciana",Contacto: 683471769 | 683471769 | e.aura@terol.e.telefonica.net.
Farmacia Juan Jose Ribas Cardona,http://www.farmacia-ibiza.com/,FARMACIA,fcia.jjribascardona@hotmail.com,971 306 022,"Ibiza, Illes Balears","Ubicación y Contacto · Avda. Pere Matutes Noguera, 40 07800 Ibiza · fcia.jjribascardona@hotmail.com · 971 30 60 22."
Farmacia Jubalcoy,https://farmaciajubalcoy.es/contacto/,FARMACIA,farmacia@farmaciajubalcoy.es,965 457 236; 601 061 928,"Alicante, Comunidad Valenciana",Contacto: 965457236 | 601061928 | farmacia@farmaciajubalcoy.es |.
Farmacia La Avenida tu farmacia en Santander,https://www.farmacialaavenida.com/contactar,FARMACIA,info@farmacialaavenida.com,942 332 468; 696 316 780,"Santander, Cantabria","Bienvenidos a Farmacia La Avenida, su espacio de salud en Santander donde le ofrecemos una amplia gama de productos y atención personalizada"
Farmacia María Uriarte tu farmacia en BILBAO,https://www.farmaciauriartealonso.com/contactar,FARMACIA,encargosfarmaciauriarte@gmail.com,944 152 390; 688 888 871,"Bilbao, País Vasco","Bienvenidos a Farmacia María Uriarte, su espacio de salud en Bilbao donde le ofrecemos una amplia gama de productos y atención personalizada."
Farmacia Pamplona,https://farmaciapamplona.com/contacto,FARMACIA,nfdezdearcaya@gmail.com,948 163 215; 661 071 502,"Pamplona, Navarra","Expertos en nutrición, dermocosmética y análisis capilar en Pamplona."
Farmacia Panaderos,https://www.farmaciapanaderos.com/,FARMACIA,info@farmaciapanaderos.com,983 202 263,"Valladolid, Castilla y León","Farmacia Panaderos en C/ Panaderos 39, Valladolid."
Farmacia Passeig Ronda tu farmacia en Lleida,https://www.farmaciespr.com/contactar,FARMACIA,farmapronda@gmail.com,973 233 579; 686 365 700,"Lleida, Cataluña","Bienvenidos a Farmacia Passeig Ronda, su espacio de salud en Lleida donde le ofrecemos una amplia gama de productos y atención personalizada."
Farmacia Pau Real Bordoy,https://farmunid.com/farmacia/farmacia-pau-real-bordoy/,FARMACIA,farmunid@farmunid.com,971 664 646,"Palma, Illes Balears","Farmacia Pau Real Bordoy Carrer de Josep Tarongí, 14 07007 Palma."
Farmacia Pravos tu farmacia en Santiago de Compostela,https://www.farmaciagarciapravos.com/contactar,FARMACIA,contacto@farmaciagarciapravos.com,981 583 079; 619 520 835,"Santiago de Compostela, Galicia","Bienvenidos a Farmacia Pravos, su espacio de salud en Santiago de compostela donde le ofrecemos una amplia gama de productos y atención personalizada"
Farmacia Ramon Aragones tu farmacia en Lleida,https://www.farmaciaaragoneslleida.com/es/contactar,FARMACIA,rmaragones@coflleida.cat,973 243 945; 606 517 441,"Lleida, Cataluña","Bienvenidos a Farmacia Ramon Aragones, su espacio de salud en Lleida donde le ofrecemos una amplia gama de productos y atención personalizada."
Farmacia Reyes Católicos en Alcalá de Henares,https://farmaciareyescatolicos.com/,FARMACIA,pedidosfarmareyescatolicos43@gmail.com,918 892 863; 603 621 771,"Alcalá de Henares, Comunidad de Madrid",Somos una farmacia situada en Avenida Reyes Católicos nº 43.
Farmacia San Sebastián Iztueta,http://www.farmaciaiztueta.com/farmacia_san_sebastian_horarios.html,FARMACIA,info@farmaciaiztueta.com,943 459 307; 943 452 734,"San Sebastián, País Vasco",HORARIO HABITUAL. Lunes a Viernes. 9:00 - 13:30 h.
Farmacia Sevilla,https://farmaciasevilla.com.ar/contacto/,FARMACIA,farmacia@farmaciasevilla.com.ar,614 235 050,"Sevilla, Andalucía",Whatsapp es +549 261 361 2450 ・ farmacia@farmaciasevilla.com.ar ・ viernes de 9:00 a 13:30 y de 15:00 a 20:30 hs.
Farmacia Tenerife,https://farmaciatenerife.com/contacto/,FARMACIA,info@farmaciatenerife.com,922 646 816; 922 661 371,"Tenerife, Canarias",Nos encontrarás en la Avenida de Las Palmeras 53 delante de la parada de guaguas.
Farmacia Valladares tu farmacia en Vigo,https://www.farmaciavalladares.com/contactar,FARMACIA,farmaciavalladares@cofpo.org,986 468 742; 604 034 202,"Vigo, Galicia","Bienvenidos a Farmacia Valladares, su espacio de salud en Vigo donde le ofrecemos una amplia gama de productos y atención personalizada"
Farmacia de Valencia,https://farval.org/contacto/,FARMACIA,farval@farval.org,639 261 564,"Valencia, Comunidad Valenciana",No dudes en ponerte en contacto con nosotros si tienes cualquier consulta.
Farmacia de guardia en A Coruña,https://www.farmacialb.es/,FARMACIA,farmacialabanou@farmacialb.es,981 253 237; 604 006 866,"A Coruña, Galicia","La Farmacia Labañou somos una farmacia de guardia en A Coruña abierta los 365 días del año, y con horario ininterrumpido."
Farmacia en Jaén,https://www.farmaciapulgar.com/,FARMACIA,angelpulgarm@hotmail.com,953 230 906,"Jaén, Andalucía",Los profesionales Ángel y Manuel Pulgar ponen a su disposición una gran variedad de productos farmacéuticos.
Farmacia en Logroño,https://farmaciaparquerioja.es/,FARMACIA,info@farmaciaparquerioja.es,941 204 952,"Logroño, La Rioja",Farmacia Parque Rioja es tu espacio de salud integral.
Farmacia en Pamplona Ruiz Bacaicoa,https://www.farmaciaruizbacaicoa.com/,FARMACIA,farmaciajruiz@sanifarma.com,948 221 624,"Pamplona, Navarra","Nuestra farmacia está ubicada en el centro de Pamplona, en la Plaza del Castillo, situada junto al paso del Camino de Santiago."
Farmacias Gijon Farmacia Continental Checkmark Circle Checkmark Circle,https://www.farmaciasgijon.com/contacto,FARMACIA,farmaciacontinentalgijon@gmail.com,,"Gijón, Principado de Asturias",Para los problemas de intolerancias alimentarias en Gijón en la Farmacia Continental encontrarás productos para todos estos problemas.
Farmacias en Huelva,https://farmaciaelanclahuelva.com/,FARMACIA,anabayomartin@gmail.com,616 392 116,"Huelva, Andalucía","farmacia Huelva, farmacia barrio del Carmen, consejo farmacéutico, diabetes, embarazada, productos antitabaco, nutrición, salud mental"
Farmadávila54,https://farmadavila54.com/contacto/,FARMACIA,info@farmadavila54.com,942 213 198; 672 328 009,"Santander, Cantabria",En Farmadávila54 queremos ponértelo fácil.
Registro de Farmacias,https://www.cofc.es/farmacia/registradas,FARMACIA,cofc@cofc.es,981 223 014,"A Coruña, Galicia",Desde esta página puede consultar las farmacias de la provincia.
Secretaría,http://farmacia.us.es/secretaria,FARMACIA,farmasecret@us.es,954 556 700,"Sevilla, Andalucía","C/Profesor García González, 2. 41012 - Sevilla."
Tu Farmacia Elche Pie de página,https://tufarmaciaelche.es/?page_id=1663,FARMACIA,info@tufarmaciaelche.es; tufarmaciaelche@tufarmaciaelche.es; consejofarmaceutico@tufarmaciaelche.es,965 461 719; 608 859 925,"Elche, Comunidad Valenciana","Datos de contacto: · Dirección: Avenida Reina Victoria, 30, 03201, Elche, Alicante · Teléfono: 965 46 17 19 – 608 859 925 · Email: info@tufarmaciaelche.es ..."
Tu farmacia en Zaragoza. Contacto Contacto,https://www.tufarmaciazaragoza.es/contacto/,FARMACIA,tufarmaciazaragoza@gmail.com,976 377 536,"Zaragoza, Aragón","Farmacia de Zaragoza en ubicada en calle Pradilla 29, entre Paseo Cuéllar y Avenida Tenor Fleta en San José."
Bienvenidos a Clínica Doctores Zaragoza,https://dermatologialaeliana.com/,CLINICA DERMATOLOGIA,info@dermatologialaeliana.com,961 815 368; 682 258 448,"Zaragoza, Aragón","Somos Clínica Doctores Zaragoza, vuestra clínica de dermatología especializada en el cuidado de la piel situada en La Eliana, Valencia."
Canarias Dermatológica,https://canariasderma.com/,CLINICA DERMATOLOGIA,info@canariasderma.com,928 222 345,"Las Palmas, Canarias","Clínica dermatológica referente en Canarias, ubicada en Las Palmas de Gran Canaria."
Clinicadermatologicasantiagoaparicio,https://www.clinicadermatologicasantiagoaparicio.com/,CLINICA DERMATOLOGIA,sapariciof@yahoo.es,941 256 711,"Logroño, La Rioja","En nuestro centro dermatológico analizamos si el tratamiento que quiere es necesario o seguro para usted, en caso contrario le hablamos con honestidad."
Centro médico dermatológico en Valladolid,https://www.cdsteresa.es/,CLINICA DERMATOLOGIA,carlos@cdsteresa.es,983 302 184; 700 498 330; 620 241 284,"Valladolid, Castilla y León","Centro médico dermatológico Santa Teresa, situado en pleno centro de Valladolid."
Dermatologogijon,http://dermatologogijon.com/,CLINICA DERMATOLOGIA,info@dermatologogijon.com,984 205 532,"Gijón, Principado de Asturias",Dermat�logo en Gij�n (Asturias). Dermatoscopia.
Cliderma León Joinchat,https://clidermaleon.com/,CLINICA DERMATOLOGIA,info@clidermaleon.com,987 222 055; 691 534 354,"León, Castilla y León",Con más de 30 años de experiencia bajo la dirección del Dr.
Clinica Dulanto,https://clinicadulanto.com/,CLINICA DERMATOLOGIA,info@clinicadulanto.com,958 520 821,"Granada, Andalucía",Cuidamos tu pielRejuvenecimiento FacialNo invasivo
Clínica Dermaimagen,https://dermaimagen.com/,CLINICA DERMATOLOGIA,info@dermaimagen.com,918 784 995,"Alcalá de Henares, Comunidad de Madrid","Especializados en Dermatología, Radiología y Urología para ayudar al paciente en todas las esferas de su patología."
Clínica Dermatológica Alicante,https://belaneve.es/clinica-dermatologica-alicante/,CLINICA DERMATOLOGIA,info@belaneve.com,965 461 169,"Alicante, Comunidad Valenciana","Clínica dermatológica en Alicante. Diagnóstico, tratamiento y prevención de las enfermedades de la piel, el cabello y las uñas."
Clínica Dermatológica Althaia WhatsApp,https://althaiaclinica.es/,CLINICA DERMATOLOGIA,info@althaiaclinica.es,671 499 437; 960 701 655,"Valencia, Comunidad Valenciana",Clínica dermatológica Althaia: ¡piel perfecta garantizada!
Clínica Dermatológica Dr. Martínez,https://www.drmartinez-dermatologo.es/,CLINICA DERMATOLOGIA,clinicadermatologicadrmartinez@gmail.com,966 674 496; 966 615 094; 608 651 848,"Elche, Comunidad Valenciana","Pide tu cita, estamos en la C/Corredora, 42, Entlo, Elche (Alicante)."
Clínica Dermatológica en Madrid,https://ideidermatologia.com/,CLINICA DERMATOLOGIA,info@ideidermatologia.com,915 740 990,"Madrid, Comunidad de Madrid",IDEI Instituto y clínica de dermatología en Madrid especializado en dermatología y estética.
Clínica Dermatológica en TOLEDO,https://www.dermatoledo.es/,CLINICA DERMATOLOGIA,info@dermatoledo.es,925 718 284; 645 757 542,"Toledo, Castilla-La Mancha","Dermatólogo en Toledo. Consulta del Dr. Luis Fernando del Castillo Barajas, especialista en dermatología médico-quirúrgica y venereología."
Clínica Dr. Tomás,https://clinicadoctortomas.com/,CLINICA DERMATOLOGIA,clinicadoctortomas@gmail.com,670 818 767; 671 315 264; 606 060 688,"Ibiza, Illes Balears",La clínica del Doctor Tomás es un centro especializado en servir al paciente y solucionar sus problemas dermatológicos.
Clínica Ederma,https://clinicaederma.com/,CLINICA DERMATOLOGIA,info@clinicaederma.com,945 003 399,"Vitoria, País Vasco",Dermatólogos especializados en Vitoria-Gasteiz.
Clínica Garnacho,https://clinicagarnacho.com/,CLINICA DERMATOLOGIA,info@clinicagarnacho.com; clinicagarnacho@gmail.com,957 082 456; 634 598 752,"Córdoba, Andalucía","CLÍNICA GARNACHO Clínica Garnacho es un centro especializado en Dermatología Integral, dedicado al cuidado de la piel sana y enferma."
Clínica Gladys Pérez,https://clinicagladysperez.com/,CLINICA DERMATOLOGIA,info@clinicagladysperez.com,658 956 661,"Málaga, Andalucía",Somos un equipo médico de dermatólogos en Málaga.
Innovamedical,https://www.innovamedical.es/,CLINICA DERMATOLOGIA,consultas@innovamedical.es,928 168 585,"Las Palmas, Canarias",Equipo de profesionales en Dermatología liderado por la Dra.
Miderma,https://miderma.es/,CLINICA DERMATOLOGIA,clinica@miderma.es,876 042 672; 692 849 706,"Zaragoza, Aragón",Clínica Mi Derma: tu dermatólogo en Zaragoza.
Clínica Novaderma,https://www.clinicanovaderma.com/,CLINICA DERMATOLOGIA,info@clinicanovaderma.com,954 151 536,"Sevilla, Andalucía","En Clínica Novaderma somos especialistas en dermatología clínica, quirúrgica y estética."
Clínica Premier Balear,https://www.clinicapremier.es/,CLINICA DERMATOLOGIA,clinica.premier.balear@gmail.com,695 953 235; 871 056 422,"Palma, Illes Balears",Clínica Premier Balear - Planes para pacientes con y sin cobertura.
Clínica Salak Pelvicare,https://clinicasalak.com/,CLINICA DERMATOLOGIA,citas@clinicasalak.com,967 157 290,"Albacete, Castilla-La Mancha","Clínica Salak Pelvicare - Urología, Dermatología, 967 157 290 +1(212)255-511 ・ se distingue en Albacete ・ tricología y dermatología."
Clínica dermatológica Alfonso Rodríguez,https://dermalmeria.es/,CLINICA DERMATOLOGIA,consulta@dermalmeria.es,950 233 057,"Almería, Andalucía","Tratamientos de belleza y dermatología en Almería, abarcando los campos de la dermatología cosmética, general y pediátrica."
Dramariadelcarmenvizan,https://www.dramariadelcarmenvizan.es/,CLINICA DERMATOLOGIA,carmen.vizan@hotmail.com,676 400 553,"Cáceres, Extremadura","Como clínica dermatológica en Cáceres, desde Dra."
Clínica dermatológica en Granada,https://icde.es/,CLINICA DERMATOLOGIA,icde@icde.es,958 535 585; 645 261 710; 790 763 668,"Granada, Andalucía","Clínica dermatológica líder en Granada: ICDE ofrece tratamientos clínicos, estéticos y pediátricos con un equipo médico especializado."
Clínica dermatológica en Sevilla Cádiz y Jerez,https://clinicaserres.com/dermatologia/,CLINICA DERMATOLOGIA,informacion@clinicaserres.com,954 281 311; 956 336 942,"Cádiz, Andalucía",Los expertos de nuestra clínica dermatológica te ayudarán con problemas en la piel.
Clínica dermatológica y estética RBE,https://dermatologiarbe.es/,CLINICA DERMATOLOGIA,hola@clinicarbe.es,600 496 352; 963 524 096; 963 410 408,"Valencia, Comunidad Valenciana","Tratamientos láser​Rejuvenecimiento facial, eliminación de tatuajes, depilación láser, eliminación de lesiones vasculares y mucho más.VER MÁSPide tu cita previaPide cita previa y t"
Clínica en Dermatología Palm Mar Medical Center en Tenerife,https://palmmarmedicalcenter.com/es/dermatologia/,CLINICA DERMATOLOGIA,info@palmmarmedicalcenter.com,642 005 950; 922 897 432,"Tenerife, Canarias",Dermatólogos profesionales en el sur de Tenerife.
Clínica estética en Tarragona,https://quirudermatarragona.com/,CLINICA DERMATOLOGIA,info@quirudermatarragona.com,977 222 652; 683 266 585,"Tarragona, Cataluña","Clínica estética en Tarragona. QUIRUDERMA, dermatología, estética, cirugía."
Consulta dermatología Zaragoza Dra. Paz Cerdá,https://pazcerda.es/consulta-dermatologia-zaragoza/,CLINICA DERMATOLOGIA,mpazcerda@gmail.com,976 231 950; 704 816 976; 758 020 372,"Zaragoza, Aragón","Consulta Actualmente la doctora Paz Cerdá Escar desempeña su actividad profesional en la clínica privada situada en el Paseo Independencia 21, de"
DERMATOLOGO en Valladolid Doctor Juan Jo Chu,https://www.doctorjuanjochu.com/,CLINICA DERMATOLOGIA,jjoc1217@gmail.com,983 344 282,"Valladolid, Castilla y León",Dermatólogo especializado en diferentes áreas dermatológicas.
Dermaclinic,https://dermaclinic.es/,CLINICA DERMATOLOGIA,proveedor@dermaclinic.es,675 737 067; 941 248 278; 787 123 618,"Logroño, La Rioja","Clínica de dermatología médico-quirúrgica, venereología y trasplante capilar."
Dermaenea,https://dermaenea.com/,CLINICA DERMATOLOGIA,info@dermaenea.com,945 157 728; 679 354 670,"Vitoria, País Vasco","Clínica dermatológica en Vitoria-Gasteiz especializada en dermatología clínica, medicina estética y tratamientos capilares."
Dermamurcia,https://dermamurcia.com/,CLINICA DERMATOLOGIA,info@dermamurcia.com,868 999 969,"Murcia, Región de Murcia",Clínica de Dermatología en Murcia que ofrece servicios especializados.
Dermaten,https://dermaten.es/,CLINICA DERMATOLOGIA,info@dermaten.es,822 103 675; 672 443 132,"Tenerife, Canarias","Dermaten clínica dermatológica, tiene el compromiso de ofrecer a nuestros pacientes una atención médica integral en Santa Cruz de Tenerife"
Dermatologo Marbella,https://german-clinic.com/servicios-medicos/dermatologo-marbella/,CLINICA DERMATOLOGIA,info@german-clinic.com,951 413 103; 637 806 085,"Marbella, Andalucía",Dr Mateo González-Carrascosa: Licenciado en Medicina por la Univ.
Dermatologo Vigo,https://www.solanoderma.es/,CLINICA DERMATOLOGIA,recepcion@solanoderma.es,986 632 953; 628 600 270,"Vigo, Galicia","Diagnóstico y tratamiento de las enfermedades cutáneas más frecuentes que afectan a la piel, mucosa oral y genital, así como al pelo y a las uñas."
Dermatología,https://www.cmbalboa.com/clinica-dermatologica-madrid/,CLINICA DERMATOLOGIA,info@cmbalboa.com,914 449 867,"Madrid, Comunidad de Madrid","Nuestra Clínica Dermatológica en Madrid se enfoca en ofrecer soluciones avanzadas y personalizadas para diversas condiciones de la piel, cabello o uñas."
Dermatología Integrativa,https://www.drabonetdermatologia.com/,CLINICA DERMATOLOGIA,info@drabonetdermatologia.com,644 626 310; 694 230 608,"Tarragona, Cataluña","Tu piel habla por ti, estamos aquí para escucharla y ayudarte gracias a la dermatologia integrativa, nuestros tratamientos y el programa BE by Dra Bonet dermatología."
Dermatología archivos,https://xn--minovaliana-v9a.com/es/medicos-mi/especialidad/dermatologia/,CLINICA DERMATOLOGIA,info@minovalianca.com,973 232 943; 798 125 004; 973 247 181,"Lleida, Cataluña",Cuidamos tu piel en Clínica Mi Nova Aliança.
Dermatología avanzada en Huelva,https://dermatologohuelva.com/,CLINICA DERMATOLOGIA,info@drpilarcordero.com,655 530 066,"Huelva, Andalucía","En el Instituto Dermatológico de Huelva, dirigido por la Dra."
Dermatología en Alicante,https://www.eneaclinica.com/alicante/dermatologia/,CLINICA DERMATOLOGIA,info@eneaclinica.com,644 004 138,"Alicante, Comunidad Valenciana","Dermatología médica y estética en Alicante: diagnóstico integral y tecnología láser avanzada (Fotona, Harmony, Alma IPL)."
Dermatología en Granada con Clínica Dermatológica Zaidín,https://www.clinicadermatologicazaidin.com/,CLINICA DERMATOLOGIA,info@clinicadermatologicazaidin.com,958 128 201,"Granada, Andalucía","Somos Clínica Dermatológica Zaidín, expertos en el área de la dermatología médico-quirúrgica en la ciudad de Granada."
Dermatología en Sevilla,https://www.bonaderma.com/,CLINICA DERMATOLOGIA,info@bonaderma.com,678 120 542; 610 067 654,"Sevilla, Andalucía",Clínica de dermatología en Sevilla líder en tratamientos para el cuidado de tu piel.
Dermatología y Venereología,https://clinicadelcarmenhuelva.com/index.php/dermatologia-y-venereologia/,CLINICA DERMATOLOGIA,info@clinicadelcarmenhuelva.com; pdmweb2@gmail.com,959 542 018,"Huelva, Andalucía",959 542 018 info@clinicadelcarmenhuelva.com.
Dermatología y medicina estética en Valladolid,https://clinicacdc.com/,CLINICA DERMATOLOGIA,clinica@clinicacdc.com,983 360 366,"Valladolid, Castilla y León",Dermatología y medicina estética en Valladolid con más de 25 años de experiencia y más de 30.000 historias clínicas.
Dermatóloga en A Coruña,https://clinicalgderma.com/,CLINICA DERMATOLOGIA,info@lgderma.com,678 234 113,"A Coruña, Galicia","Clínica especializada en dermatología médica, estética y láser en A Coruña."
Dermatólogo Jaén,https://leonorrevellesdermatologia.com/,CLINICA DERMATOLOGIA,info@leonorrevellesdermatologia.com,633 717 256; 790 845 805; 790 851 052,"Jaén, Andalucía","La Dra. Leonor Revelles ofrece diagnóstico y tratamiento para enfermedades de la piel, cabello y uñas | Dermatólogo Jaén"
Dermatólogo Murcia,https://www.openderma.com/,CLINICA DERMATOLOGIA,info@openderma.com,968 220 202; 601 603 222,"Murcia, Región de Murcia","Dermatólogos en Murcia. Especialistas en cáncer de piel, lunares, acné, rosácea, caída del pelo, manchas, cirugía, láser y medicina estética: ácido hialurónico"
Dermatólogo Málaga Clínica Dermatológica Dr. E Herrera,https://www.grupoenriqueherrera.es/,CLINICA DERMATOLOGIA,info@grupoenriqueherrera.es,952 224 028; 671 600 826,"Málaga, Andalucía",Clínica dermatológica en Málaga. Expertos en diversas áreas de dermatología.
Dermatólogo Privado en Alcalá de Henares,https://clinicaluciaperez.com/,CLINICA DERMATOLOGIA,info@clinicaluciaperez.com,910 917 306; 790 987 982; 789 012 972,"Alcalá de Henares, Comunidad de Madrid",Dermatólogo privado en Alcalá de Henares con más de 15 años de experiencia.
Dermatólogo en Castellón,https://www.dermapeople.es/dermatologo-online-castellon/,CLINICA DERMATOLOGIA,info@dermaqsd.com,,"Castellón, Comunidad Valenciana","Consulta dermatológica en Castellón ⭐ Dermatólogos con más de 15 años de experiencia en consulta online ✅ Sin listas de espera, obtén un diagnóstico rápido y fiable en 24 horas, todo desde la comodidad de tu hogar."
Dermatólogo en Huelva y Sevilla Huelvaderm y Sevilladerm,https://www.huelvaderm.com/,CLINICA DERMATOLOGIA,info@huelvaderm.com,959 284 889; 673 300 491; 954 571 468,"Huelva, Andalucía","Clínica dermatológica del Dr. Francisco de la Peña, dermatólogo en Huelva y en Sevilla."
Dermatólogo en Murcia,https://www.dermahg.es/,CLINICA DERMATOLOGIA,info@dermahg.es,968 233 536; 968 200 574,"Murcia, Región de Murcia",¿Buscas una clínica dermatológica en Murcia con años de experiencia y un equipo altamente cualificado? Visítanos y conócenos.
Dermatólogo en Málaga centro,https://www.eliseoclinic.com/,CLINICA DERMATOLOGIA,info@eliseoclinic.com,624 630 441,"Málaga, Andalucía",Clínica dermatológica en Málaga centro dirigida por el Dr.
Dermatólogo en Oviedo con Dermatólogo Luis Barthe,https://www.dermatologoluisbarthe.com/,CLINICA DERMATOLOGIA,clinicaluisbarthe@gmail.com,985 232 200,"Oviedo, Principado de Asturias","Somos Dermatólogo Luis Barthe, una empresa especializada en dermatólogo que ofrece sus servicios en Oviedo."
Dermatólogo en Palma de Mallorca,https://medibendermatologia.com/,CLINICA DERMATOLOGIA,hola@mediben.es,971 911 313; 607 623 631,"Palma, Illes Balears",Dermatólogo en Palma de Mallorca | Descubre nuestra clínica especializada en dermatología | Cuidamos de tu piel en todos los aspectos
Dermatólogos Fernández Crehuet,https://www.crehuetdermatologos.com/,CLINICA DERMATOLOGIA,info@crehuetdermatologos.com,957 200 080; 685 708 637,"Córdoba, Andalucía","Dermatólogos Fernández Crehuet, Clínica de Dermatología, Medicina Estética, Cirugía, Tricología y Depilación Láser en Córdoba, Jaén y Sevilla."
Dermatólogos Las Palmas,https://aliderma.com/,CLINICA DERMATOLOGIA,info@aliderma.com,928 700 183,"Las Palmas, Canarias","# Dermatología clínica ## Dermatólogos en Las Palmas Dermatología clínica, estética, cirugía y láser ![](https://aliderma.com/cmsAdmin/uploads/o_1brukmtmr4bt141711kv19nrhjpa.svg) ["
Dermatólogos Valencia. Clínica dermatológica Valencia,https://www.dermoguillen.com/,CLINICA DERMATOLOGIA,info@dermoguillen.com,963 510 657,"Valencia, Comunidad Valenciana",CLÍNICA DERMATOLÓGICA DERMOGUILLEN. Clínica con mas de 100 años de existencia y experiencia en todo tipo de tratamientos dermatológicos
Dermatólogos en Córdoba Hospital San Juan de Dios,https://hsjdcordoba.es/especialidad/dermatologia/,CLINICA DERMATOLOGIA,hospitalcordoba@sjd.es,957 004 600,"Córdoba, Andalucía","En nuestro hospital encontrarás al mejor equipo médico especializado en dermatología, que trabaja cada día con los tratamientos cutáneos más avanzados."
Doctora Alonso Dermatóloga en Almería,https://doctoraalonsodermatologa.com/,CLINICA DERMATOLOGIA,info@doctoraalonsodermatologa.com,613 774 550; 950 395 070; 697 192 052,"Almería, Andalucía",¿Buscas dermatóloga en Almería? La Doctora Alonso te ofrece soluciones efectivas.
Dosderma,https://www.dosderma.es/,CLINICA DERMATOLOGIA,dosderma@gmail.com,611 740 714,"Castellón, Comunidad Valenciana","En Dosderma, ofrecemos una amplia gama de servicios dermatológicos de vanguardia."
Dr. Andrés Ruiz de Casas,https://dermatologiasevilla.es/,CLINICA DERMATOLOGIA,info@dermatologiasevilla.es,,"Sevilla, Andalucía","Dermatólogo en Sevilla especializado en acné, rosácea, tumores cutáneos, tricología y rejuvenecimiento facial."
Dr. Doval,https://drdoval.com/,CLINICA DERMATOLOGIA,info@drdoval.com,986 225 943; 886 092 816,"Vigo, Galicia","Nuestro objetivo es ofrecer a cada paciente la mejor atención y tratamiento posible, en lo científico y en lo personal."
Dr. Eduardo López de Ayala Burgos,http://dermatologiayestetica.es/contacto,CLINICA DERMATOLOGIA,info@dermatologiayestetica.es,638 906 170; 669 351 671; 947 200 439,"Burgos, Castilla y León","Dirección. Avda. Arlanzón, 33 (Villa Pilar 3) 09004 Burgos ; Teléfonos."
Dr. Héctor Fernández Llaca,https://dermatologofernandezllaca.com/,CLINICA DERMATOLOGIA,info@dermatologofernandezllaca.com,942 376 323,"Santander, Cantabria","Si vives en Santander y necesitas un dermatólogo de confianza, estás en el lugar adecuado."
Dr. Miguel Lera,https://miguelleradermatologia.com/,CLINICA DERMATOLOGIA,jmiguel.lera@gmail.com,948 481 100; 745 942 981; 745 944 343,"Pamplona, Navarra",Dermatólogo en Pamplona con amplia experiencia.
Dr. Toledo,https://drtoledodermatologo.com/,CLINICA DERMATOLOGIA,info@drtoledodermatologo.com,614 363 476; 790 827 755; 790 833 095,"Elche, Comunidad Valenciana",Dermatólogo Dr. Toledo. Tratamiento y cirugía de las enfermedades de la piel en Alicante.
Dra Iglesias,https://doctoraiglesias.com/,CLINICA DERMATOLOGIA,admin@doctoraiglesias.com,653 585 550,"Pamplona, Navarra","## Clínica En la zona centro de Pamplona, capital Navarra."
Clinicadunna,https://clinicadunna.com/,CLINICA DERMATOLOGIA,dunna@clinicadunna.com,948 597 496; 863 775 805; 682 932 050,"Pamplona, Navarra","Dermatología médica, dermatología estética, cosmética médica y dermatología del bienestar"
Fernando Martín Dermatólogo,https://www.fernandomartindermatologo.com/,CLINICA DERMATOLOGIA,info@fernandomartindermatologo.com; consultafernandomartin@gmail.com,988 541 304; 700 932 192; 793 205 783,"Ourense, Galicia","Web del Doctor Fernando Martín, especialista en Dermatología y Medicina Estética"
Gavín Dermatólogos,https://gavindermatologos.com/,CLINICA DERMATOLOGIA,info@gavindermatologos.com,986 117 727,"Vigo, Galicia","Gavín Dermatólogos, tu clínica dermatológica en Vigo."
Grupo Pedro Jaén,https://grupopedrojaen.com/,CLINICA DERMATOLOGIA,info@grupopedrojaen.com,914 317 861,"Madrid, Comunidad de Madrid",Grupo Pedro Jaén cuenta con un prestigioso equipo de dermatólogos clínicos y estéticos y otros especialistas afines en Madrid.
INICIO. Dermatría Clínica Dermatológica,https://www.dermatria.com/,CLINICA DERMATOLOGIA,info@dermatria.com,941 227 501,"Logroño, La Rioja",Dermatria es una clínica dermatólogica en Logroño especializada en estética médica y cosmetología personalizada.
Indermis,https://indermis.com/,CLINICA DERMATOLOGIA,info@indermis.com,942 233 424; 636 503 571,"Santander, Cantabria",Dermatología clínica y estética en Santander.
Inicio Clínica Dermatológica Caramés Clínica de dermatología en Vigo,https://dermatologiacarames.com/,CLINICA DERMATOLOGIA,contacto@dermatologiacarames.com,986 436 190,"Vigo, Galicia",Clínica Caramés es tu clínica especializada en todo lo referente a la dermatología.
Instituto Médico Siglo 21,https://institutomedicosiglo21.com/,CLINICA DERMATOLOGIA,info@institutomedicosiglo21.com,956 309 065,"Jerez, Andalucía",Instituto Médico Siglo 21 | Tu Centro de Salud en Jerez | Ponte siempre en manos de profesionales | Solicita tu Cita
Médico especialista en Dermatología y Venereología,https://www.dermatologiatarragona.com/,CLINICA DERMATOLOGIA,dermatologiatarragona.covid19@gmail.com; dermatologiatarragona@gmail.com,,"Tarragona, Cataluña",Noticias e información sobre Pujol Montcusí.
Piel Co.,https://pielandco.com/,CLINICA DERMATOLOGIA,hola@pielandco.com,614 388 458,"Valladolid, Castilla y León",Tratamientos de dermatología estética avanzados en Piel & Co.
Rejuvenecimiento facial en Gijón,https://www.dermatologogijon.es/,CLINICA DERMATOLOGIA,clinica@dermanueco.com,984 297 949; 684 642 673,"Gijón, Principado de Asturias",Médico dermatólogo en Gijón para tratamientos médicos y estéticos eficaces con avanzada tecnología y total seguridad en Clínica Dermañueco
WhatsApp,https://centromedicovigon.com/especialidad/dermatologia-medica/,CLINICA DERMATOLOGIA,clientes@centromedicovigon.com,941 055 794; 600 394 105; 794 695 619,"Logroño, La Rioja",Dermatología Médica · Dermatosis Inflamatorias · Tratamiento Eccemas · Hiperhidrosis · Cáncer y Precáncer Cutáneo · Control de Lunares o Nevus · Queratosis Actínicas.
dermatologia y medicina estetica Reus consultori azon-torres,https://www.azon-torres.cat/es,CLINICA DERMATOLOGIA,info@azon-torres.cat,977 328 284; 645 955 525,"Reus, Cataluña","Bienvenidos a vuestro centro de referencia en Dermatologia, Nutrición y Medicina Estética en la provincia de Tarragona."
AGORA Cuenca,https://agoramsp.com/cuenca,SPA,atencionalcliente.cuenca@agoramsp.com,969 035 029,"Cuenca, Castilla-La Mancha",Gimnasio ÁGORA Cuenca — Centro deportivo en Cuenca
Alcorcón Madrid,https://www.lastermasderuham.com/centros_termas/alcorcon/,SPA,alcorcon@lastermasderuham.com,910 133 752; 695 823 453; 910 180 842,"Alcorcón, Comunidad de Madrid","Dirección. Avda/ de Carabancheles 8, 28921 Alcorcón, Madrid · Contacto."
CENTRO DEPORTIVO DENIA,http://www.centrodeportivodenia.es/act_spa.html,SPA,centrodeportivodenia@fcc.es,966 426 655; 966 426 864,"Dénia, Comunidad Valenciana",Indoor · Spa · Piscina · Infantiles · Pilates.
Centro Deportivo Forus Las Rozas,https://lasrozas.forus.es/,SPA,infolasrozas@forus.es; dpo@forus.es,916 402 540,"Las Rozas, Comunidad de Madrid",Vive mejor con Forus. Disfruta de actividades dirigidas y bienestar en nuestro centro deportivo.
Centro de Estética en Vic,https://www.vicsolestetica.cat/es/spa/spa/2/5,SPA,info@vicsolestetica.cat,611 896 332,"Vic, Cataluña","Centro de estética en Vic especializado en tratamientos faciales, corporales, belleza, spa, depilación láser, depilación con cera y solárium."
Centro de deporte y ocio La Lanera Palencia,https://www.turismoenpalencia.com/es/6985/La-Lanera/-,SPA,info@turismoenpalencia.com,979 166 272,"Palencia, Castilla y León",Centro de deporte y ocio La Lanera Palencia
Amazonia Group,https://amazonia-group.com/,SPA,info@amazonia-group.com,917 153 424; 669 830 084; 914 916 240,"Pozuelo, Comunidad de Madrid","Centro de masajes en Madrid (relajantes, reductores, descontracturantes), y otros tratamientos como maderoterapia, kobido, o masajes faciales."
Elya Spa Estepona Málaga,https://www.elyaspa.com/,SPA,info@elyaspa.com,952 899 499,"Estepona, Andalucía",Elya Spa Estepona (Málaga) es el mayor Spa Thalasso de Andalucía.
Hair spa Dos hermanas y Jerez de la Frontera,https://www.vanesasanmartinhairspa.es/,SPA,salonvanesasanmartin@gmail.com; soporte@webador.es,942 675 164; 942 673 168; 942 668 999,"Dos Hermanas, Andalucía",“Especialistas en Hair Spa con sala doble para dos personas.
Hotel Balneario de Lugo,https://balneariodelugo.com/,SPA,balneario@balneariodelugo.com,982 221 228,"Lugo, Galicia","En el hotel balneario de Lugo podrá disfrutar de alojamiento y salud en un edificio privilegiado, y conocer las Termas Romanas de Lugo."
Hotel Elba Estepona Gran Hotel Thalasso Spa,https://www.hoteleselba.com/gran-hotel-elba-estepona-thalasso-spa,SPA,estepona.frontoffice@hoteleselba.com,952 809 200,"Estepona, Andalucía",Disfruta de tus vacaciones familiares en Hotel Elba Estepona Thalasso SPA.
Hotel La Laguna Spa Golf Ciudad Quesada,https://www.hotellalaguna.com/spa/,SPA,info@hotellalaguna.com; spa@hotellalaguna.com,965 725 577; 965 722 100; 646 028 202,"La Laguna, Canarias","Bienvenido al SPA La Laguna, uno de los más completos, modernos y exclusivos centros de bienestar de la Costa Blanca."
Hotel Laguna Nivaria,https://www.lagunanivaria.com/,SPA,info@lagunanivaria.com; reservas@lagunanivaria.com,922 264 298; 922 259 634,"La Laguna, Canarias",Una experiencia de alojamiento única. Hotel Laguna Nivaria.
Hotel San Francisco Soria Hotel Spa,https://hotelsanfranciscosoria.com/,SPA,reservas@hotelsanfranciscosoria.com,609 310 877,"Soria, Castilla y León",BIENVENIDO A convento san francisco Tu hotel spaCENTRO DE NEGOCIOS y CONGRESOS ENTRADA SALIDA HUÉSPEDES ADULTOS Adults quantity NIÑOS Children quantity RESERVAR AGENDA ABIERTA PARA
Hotel Spa Casa del Abad 5 en la Ampudia,https://hotelcasadelabad.com/,SPA,hotel@casadelabad.com,979 768 008,"Palencia, Castilla y León","La Casa del Abad de Ampudia es un edificio protegido del Siglo XVI, rehabilitado como hotel rural de 5 estrellas."
Hotel Spa Jardines de Lorca. Web oficial,https://www.hoteljardinesdelorca.com/spa/,SPA,reservas@hotelesdemurcia.com,968 470 599,"Lorca, Región de Murcia",Disfrute de las instalaciones de nuestro centro Wellness y viva momentos de puro relax y bienestar.
Hotel Spa Los Mercaderes,https://losmercaderes.es/,SPA,gestion@losmercaderes.es,646 011 641; 790 003 629; 790 959 228,"Talavera, Castilla-La Mancha","Hotel Spa Los Mercaderes no es solo un hotel, es un viaje al corazón de Talavera de la Reina."
Hotel con spa y servicio de masajes en Dénia,https://daniyadenia.com/spa-booking/,SPA,info@denia.daniyahotels.es,689 548 927; 966 428 900,"Dénia, Comunidad Valenciana","Nuestro hotel Daniya en Dénia, cuanta con spa en sus instalaciones y un amplio servicio de masajes, depilación, tratamientos de belleza, etc."
Kaya Tokio Spa,https://www.kayatokiospa.es/,SPA,goyatiemposdeazucar@gmail.com; reina@qodeinteractive.com,662 292 693,"Leganés, Comunidad de Madrid","Descubre Kaya Tokio Spa, tu Head Spa en Fuengirola."
La Finca Resort,https://www.lafincaresort.com/spa,SPA,spa@lafincaresort.com; info@lafincaresort.com,627 377 541; 966 729 055,"Vic, Cataluña","Descubre nuestro Circuito Spa con piscina interior, jacuzzi, cascada, cuello de cisne, volcán de burbujas, cabina de cromoterapia, sauna finlandesa, baño turco ..."
La Sella Spa,https://www.lasellagolfresort.com/la-sella-spa/,SPA,reservas@lasellagolfresort.com; infospa@lasellagolfresort.com,966 469 080; 966 454 054; 620 967 052,"Dénia, Comunidad Valenciana","Hidroterapia, masajes, gimnasio… En La Sella Spa encontrarás todo lo que necesitas para relajarte y estar en forma."
Naori,https://naori.es/,SPA,info@naori.es,651 604 945,"Lugo, Galicia",NAORI Rituales de bienestar: masaje tailandés y oriental head spa 651 604 945 RESERVA COMPRA TU CHEQUE REGALO Rituales Head Spa Una inmersión profunda en la calma.
Apuntolet,https://www.apuntolet.com/pozuelo-y-el-bienestar-disfrutar-yoga-y-masajes/,SPA,info@apuntolet.com,917 158 372; 608 110 644; 615 507 037,"Pozuelo, Comunidad de Madrid","Pozuelo es un lugar ideal para el bienestar, con opciones de yoga y masajes para reducir el estrés y mejorar la salud."
Qualia Centre Wellness,https://www.qualia.cat/,SPA,info@qualia.cat,972 511 400,"Figueres, Cataluña",17600 Figueres. info@qualia.cat · 972 511 400.
Quiere-t Estética Spa,https://estetica-spa.es/,SPA,info@estetica-spa.es,916 784 816; 620 965 689,"Torrejón de Ardoz, Comunidad de Madrid",Centro de estética avanzada en Torrejón de ardoz.
SPA FINCA VIVALDI,https://fincavivaldi.es/spa-finca-vivaldi/,SPA,info@fincavivaldi.es,679 720 494; 790 800 530; 625 851 368,"Soria, Castilla y León","Finca Vivaldi Spa MASAJES MAS INFORMACIÓN TRATAMIENTOS MAS INFORMACIÓN ACCESO SPA 90 minutos 25€ HALOTERAPIA 50 minutos 25€ MASAJES MASAJE SUECO Proporciona relajación, oxigena y nutre los tejidos."
SensCare Spa La Laguna,https://senscarespa.com/,SPA,marketing@conswell.es,605 766 046; 697 526 279,"La Laguna, Canarias",". Plaza Mencía Díaz de Clavijo, trasera Hotel Laguna Nivaria, 38201, La Laguna, Tenerife."
Spai Sentir,https://www.spaisentir.com/,SPA,info@spaisentir.com,931 353 774; 621 252 638,"Vic, Cataluña","# Benvingut al teu refugi de benestar personal ## Una experiència única SpaiSentir és un Spa urbà ubicat al centre de Vic, amb un ambient únic i diferent on refugiar-se de la rutina i de l’estrès diari."
URH Zen Balagares Hotel Spa Overo Asturias,https://www.urh-hoteliers.com/urh-zen-balagares/,SPA,info.balagares@urh-hoteliers.com; info@urh-hoteliers.com; info.urhoriol@urh-hoteliers.com,985 535 157; 931 816 348; 972 755 396,"Avilés, Principado de Asturias","URH Zen Balagares: spa hotel de 4 estrellas en Overo, Asturias, rodeado del campo de golf Los Balagares Golf."
Un spa para familias en alcobendas,https://www.mammaproof.org/madrid/ciudad-deportiva-valdelasfuentes-spa-para-familias/,SPA,hola@mammaproof.org,,"Alcobendas, Comunidad de Madrid",piscinas y spa preparado para que lo disfruten las familias con niños en alcobendas
Wellness en Cuenca,https://www.hotelconventodelgiraldo.com/wellness/,SPA,reservas@hotelconventodelgiraldo.com,969 232 700; 969 251 111; 969 237 205,"Cuenca, Castilla-La Mancha",Espacios Wellness en el Hotel Convento del Giraldo.
Wellness y spa,https://www.servigroup.com/es/hotel-la-zenia-orihuela-costa/wellness/,SPA,reservas@servigroup.es,965 855 900; 965 854 350; 965 851 514,"Orihuela, Comunidad Valenciana","Disfruta de un circuito de sauna, jacuzzi y gimnasio en el Centro Wellness del Hotel en Orihuela a 10Km de Torrevieja Servigroup La Zenia."
️Masaje Pozuelo,https://templodelmasaje.com/contacto/templo-del-masaje-pozuelo/,SPA,pozuelo@templodelmasaje.com,661 862 885; 918 256 789; 913 733 193,"Pozuelo, Comunidad de Madrid",⛩Masaje Pozuelo. Terapias Orientales y Estética desde 2005.
ALTHEIS,https://www.altheis.es/,CLINICA ESTETICA,altheissoria@gmail.com,640 344 083,"Soria, Castilla y León","ESTÉTICA MICROPIGMENTACIÓN. Av de Mariano Vicén, 23 42003 Soria 640 34 40 83 altheissoria@gmail.com."
Anay.G,https://anayg.es/,CLINICA ESTETICA,palencia@anay.es; burgos@anay.es,979 710 068; 947 255 636,"Palencia, Castilla y León","Tratamientos de Estética y Bienestar en Palencia y Burgos en Anay.G somos especialistas en micropigmentación, tratamientos faciales..."
Aquafisio Teruel,https://www.aquafisioteruel.com/,CLINICA ESTETICA,info@aquafisioteruel.com,978 622 024,"Teruel, Aragón","Centro de estetica para renovar completamente rostro, cuerpo y mente."
Aquilea,https://aquileasoria.es/,CLINICA ESTETICA,info@aquileasoria.es,975 215 160,"Soria, Castilla y León","Centro de belleza y bienestar en Soria. Profesionales en diagnóstico, cuidado y tratamientos para la piel de rostro y cuerpo."
BIENESTETIC. Medicina Estética y Centro de Estética en Pozuelo,https://www.bienestetic.com/,CLINICA ESTETICA,info@bienestetic.com,917 273 209; 634 348 682,"Pozuelo, Comunidad de Madrid","Centro de referencia en ácido hialurónico, mesoterapia facial y corporal Tratamientos faciales y corporales, depilación láser en Pozuelo."
CLÍNICA ÁRTICA,https://clinicaartica.es/,CLINICA ESTETICA,info@clinicaartica.es,623 339 185,"Lugo, Galicia","Clínica médica estética en Lugo. Especialista en tratamientos faciales, corporales y capilares | ✅ Primera cita gratuita ¡Llámanos!"
Carmen Aparisi,https://carmenaparisi.es/,CLINICA ESTETICA,info@carmenaparisi.es,609 048 431; 789 792 582; 789 792 586,"Gandía, Comunidad Valenciana","Carmen Aparisi, tu clínica de medicina estética en Gandia."
Centro Clínico Estético en Irún,https://www.mariangelesmanzanero.com/,CLINICA ESTETICA,info@mariangelesmanzanero.com,943 543 176; 687 965 352,"Irún, País Vasco",Somos especialistas en tratamientos faciales y corporales.
Centro Estética,https://www.carmencarrascoestetica.es/,CLINICA ESTETICA,info@carmencarrascoestetica.es,644 492 529,"Mérida, Extremadura",¿Quieres cuidarte por dentro y por fuera en nuestro centro estética? Conoce todos nuestros tratamiento corporales y faciales como oxigenación.
Centro Estético Integrativo en Pontevedra,https://estersa.com/,CLINICA ESTETICA,info@estersa.com,986 104 640; 604 008 026,"Pontevedra, Galicia","Centro Estético Integrativo en Pontevedra ✅ Confianza, experiencia y seguridad en tratamientos antiaging, faciales, corporales y de cabina"
Centro Medicina Estética La Laguna,https://cdc.es/medicina-estetica/,CLINICA ESTETICA,info@cdc.es,922 034 115,"La Laguna, Canarias","Centro de Medicina Estética en La Laguna, Tenerife."
Centro Medico Estético Gema,https://www.centromedicoesteticoestepona.com/,CLINICA ESTETICA,info@centromedicoesteticoestepona.com,,"Estepona, Andalucía","Centro medico y estético estepona, le ofrece una gran cantidad de tratamientos, ya sean faciales, corporales."
Centro Médico Blasco,https://centromedicoblasco.es/,CLINICA ESTETICA,info@centromedicoblasco.es,948 827 697,"Tudela, Navarra","Centro Médico Estético en Tudela. Ofrecemos tratamientos faciales y corporales, nutrición, cosmética, unidad láser, reconocimientos médicos."
Centro Médico Estético en Pontevedra,https://vinci-esthetique.es/,CLINICA ESTETICA,gerencia@vinci-esthetique.es; info@vinci-esthetique.es,986 042 477; 622 765 355; 661 778 948,"Pontevedra, Galicia",Descubre tu centro médico estético en Pontevedra.
Centro Médico Fuenlabrada,https://centromedicogava.com/gava-fuenlabrada/,CLINICA ESTETICA,info@centromedicogava.com,918 114 811; 910 880 010,"Fuenlabrada, Comunidad de Madrid","En el centro de Fuenlabrada, Centro Médico Gava te ofrece una avanzada Clínica Dental, Medicina Estética, Psicología y Podología."
Centro de Estética en Zamora NUTRYESTET,https://nutryestet.es/,CLINICA ESTETICA,nutryestet1@gmail.com,980 520 112; 615 038 169,"Zamora, Castilla y León",Centro de Estética y nutrición en Zamora.
Centro de Medicina Estética y Belleza,https://meclinics.es/,CLINICA ESTETICA,info@meclinics.es,674 329 339; 757 080 901; 940 742 582,"Alcorcón, Comunidad de Madrid",Centro de estética y medicina estética | Dedicados a tu belleza y bienestar | Conoce nuestros rituales y tratamientos | Bonos regalo
Centro de belleza y estética en Teruel,https://esteticaoh.es/,CLINICA ESTETICA,esteticaoh@gmail.com,978 602 792,"Teruel, Aragón","Centro de belleza y estética en Teruel: depilación láser definitiva (6-8 sesiones), SIRV para celulitis, presoterapia linfática, cosmética facial/corporal, bronceado UVA/aerógrafo,"
Centrodecirugiaalthea,https://www.centrodecirugiaalthea.es/,CLINICA ESTETICA,info@centrodecirugiaalthea.es,633 663 632,"Mérida, Extremadura","Centro de cirugía Althea. Medicina estética, oncológia, facial, corporal y otros tratamientos."
Silviabarcenas,https://www.silviabarcenas.es/,CLINICA ESTETICA,deliplus.laser@gmail.com,640 908 898; 911 192 315; 710 850 850,"Torrejón de Ardoz, Comunidad de Madrid",Centro de estética avanzada en Torrejón de Ardoz con Silvia Bárcenas Centro Médico Estético.
Centro de estética en Alcorcón,https://www.estetica-geminis.es/,CLINICA ESTETICA,info@esteticageminis.es; clientes@esteticageminis.es,916 113 473; 691 687 736,"Alcorcón, Comunidad de Madrid",Centro de estética en Alcorcón | Profesionales de la estética y la belleza | Relájate y déjate mimar en nuestro centro
Centro de medicina estética en Guadalajara,https://medicinaesteticaglow.es/,CLINICA ESTETICA,asanchez@medicinaesteticaglow.es,949 211 172,"Guadalajara, Castilla-La Mancha","Medicina Estética Glow Centro de medicina estética en Guadalajara El Centro Medicina estética en Guadalajara En nuestro centro de medicina estética en Guadalajara, nos destacamos c"
Centro médico y medicina estética en Figueres Empordà,https://www.centremedicmedes.com/es,CLINICA ESTETICA,recepcio@centremedes.com,972 675 000,"Figueres, Cataluña","El Centre Mèdic Medes de Figueres ofrece medicina estética, cirugía estética y especialidades médicas de calidad"
Clinica Sanus,https://www.clinicasanus.es/,CLINICA ESTETICA,clinicasanusalcoy@gmail.com,695 965 933; 697 806 673; 806 488 469,"Alcoy, Comunidad Valenciana",Consulta especializada en Medicina Estética.
Clínica Bio-Sual,https://clinicabiosual.com/,CLINICA ESTETICA,info@clinicabiosual.com,621 225 053; 809 223 264; 909 552 442,"Talavera, Castilla-La Mancha","Medicina Estética en Talavera: Mesoterapia, varices, arrugas de expresión, depilación láser, peelings, ácido hialurónico, regeneración capilar, manchas, acné..."
Clínica Compleza,https://clinicacompleza.com/,CLINICA ESTETICA,info@clinicacompleza.es,865 751 785; 620 502 767,"Orihuela, Comunidad Valenciana","Bienvenido a ComplezaTu Centro Médico-Estético en OrihuelaMedicina Estética en ComplezaNº Registro Sanitario: 22146Tratamientos CorporalesEn Compleza cuidamos de ti, y lo hacemos c"
Clínica Estética Irún,https://www.clinicaesteticairun.com/,CLINICA ESTETICA,info@clinicaesteticairun.com,943 635 146,"Irún, País Vasco",Clínica de Medicina Estética en Irún. Más de 20 años cuidando de nuestros clientes.
Clínica Estética Orihuela Varimed,https://eliminarlasvarices.es/clinica-estetica-orihuela/,CLINICA ESTETICA,info@eliminarlasvarices.es,622 243 692; 965 032 862,"Orihuela, Comunidad Valenciana","Clínica Estética Orihuela Varimed ▶️ Consulta nuestros tratamientos - VARIMED, medicina estétcia en Orihuela 📞 Pide cita 622243692"
Clínica Estética en Algeciras,https://mhcentromedicoestetico.com/,CLINICA ESTETICA,info@mhcentromedicoestetico.com,809 877 995; 834 388 636; 796 319 724,"Algeciras, Andalucía",Centro Médico Estético en Algeciras ofrece tratamientos faciales y corporales personalizados para realzar tu belleza natural.
Clínica Estética en Dos Hermanas y Utrera,https://modelbell.es/,CLINICA ESTETICA,info@modelbell.es,955 320 108; 954 327 284; 685 313 991,"Dos Hermanas, Andalucía","Clínica estética especializada en injerto capilar, cirugía plástica y medicina estética en Dos Hermanas y Utrera."
Clínica Estética en Estepona,https://ogsmedical.com/medicina-estetica/,CLINICA ESTETICA,info@ogsmedical.com,951 578 182; 680 337 255,"Estepona, Andalucía",En la clínica médico - estética OGS Medical de Estepona ofrecemos tratamientos estéticos faciales y corporales realizados con la mejor tecnología por especialistas en medicina estética.
Clínica Estética en Las Rozas,https://www.clinicareabel.com/,CLINICA ESTETICA,info@clinicareabel.com,627 540 459,"Las Rozas, Comunidad de Madrid","En Clínica Reabel, contamos con años de experiencia y la última tecnología para tratamientos faciales y corporales."
Clínica Lizeo,https://clinicalizeo.com/,CLINICA ESTETICA,info@clinicalizeo.es,608 091 676,"Orihuela, Comunidad Valenciana",Bienvenido a tu clínica de medicina y estética Bienvenido a tu clínica de medicina y estética Conócenos ¿Qué es LIZEO? LIZEO nace con el propósito de hacerte sentir bien contigo mi
Clínica Medica En Figueres,https://jgenisoriol.com/,CLINICA ESTETICA,consulta@jgenisoriol.com,608 415 436; 972 508 456,"Figueres, Cataluña",consulta@jgenisoriol.com; +34 608 415 436 · Tratamientos de estética.
Clínica Medicina Estética Getafe,https://dramabelmejia.com/,CLINICA ESTETICA,contacto@dramabelmejia.com,603 329 425; 622 513 873,"Getafe, Comunidad de Madrid",Clínica de medicina estética en Getafe liderada por la Dra.
Clínica Médica RC Segovia,https://clinicamedicarc.com/,CLINICA ESTETICA,gestion@clinicamedicarc.com,921 498 366; 646 819 865,"Segovia, Castilla y León",Clínica médica multiespecialidad en Segovia.
Clínica Médico Estética AQUA,https://www.aquamedic.es/,CLINICA ESTETICA,info@aquamedic.es,969 873 808; 640 511 578; 615 811 402,"Cuenca, Castilla-La Mancha","Clínica médico estética especializada, centro profesional dedicado con los tratamientos, tecnología y recursos más vanguardistas del mercado."
Clínica S O,https://www.clinicasyocanarias.es/,CLINICA ESTETICA,clinicasyo2024@outlook.es,928 072 410; 654 872 946; 726 144 127,"Arrecife, Canarias",Noticias e información de Clínica S&amp;O | Medicina estética en Lanzarote
Clínica Saga medicina estética en Torrejón de Ardoz,https://clinicasaga.es/,CLINICA ESTETICA,info@clinicasaga.es,916 770 442; 686 331 322,"Torrejón de Ardoz, Comunidad de Madrid",Centro de medicina estética autorizado con más de 15 años de experiencia en tratamientos estéticos y de belleza en Torrejón de Ardoz.
Clínica Viller,https://clinicaviller.es/,CLINICA ESTETICA,info@clinicaviller.es,613 031 822; 726 453 922; 623 331 032,"Torrevieja, Comunidad Valenciana",Medicina estética con criterio médico y resultados naturales en Torrevieja.
Clínica de Estética en Talavera,https://www.doctoragomez.com/,CLINICA ESTETICA,info@doctoragomez.com,925 817 913; 626 858 804,"Talavera, Castilla-La Mancha",Tratamientos de estética en Talavera de la Reina.
Clínica de Estética y Salud en Torrevieja,https://www.tcuidatorrevieja.com/es/index.php,CLINICA ESTETICA,web@tcuidatorrevieja.com,965 716 269; 601 054 925,"Torrevieja, Comunidad Valenciana","TCuida Torrevieja: medicina estética, depilación láser, fisioterapia, nutrición y podología con respaldo farmacéutico."
Clínica de Fisioterapia y Medicina Estética en Cuenca,https://www.coressalud.com/,CLINICA ESTETICA,info@coressalud.com,678 797 475; 689 176 676,"Cuenca, Castilla-La Mancha","Clínica en Cuenca especializada en fisioterapia, osteopatía, medicina estética y cirugía menor."
Clínica de medicina estética en Las Rozas,https://clinicamonterozas.com/,CLINICA ESTETICA,elenabartol@gmail.com,,"Las Rozas, Comunidad de Madrid","Clínica de medicina estética en Las Rozas: tratamientos faciales, corporales, bótox, ácido hialurónico e hilos tensores."
Annaroca,https://www.annaroca.es/,CLINICA ESTETICA,arocafusalba@gmail.com,626 093 548,"Sitges, Cataluña","Descubre la Dra. Anna Roca Fusalba en Barcelona, tu clínica de confianza para el cuidado facial y bienestar integral."
Clínica dermatológica y estética en Ferrol,https://clinicamartaprieto.com/ferrol/,CLINICA ESTETICA,ferrol@clinicamartaprieto.com; madrid@clinicamartaprieto.com,624 866 081; 630 881 510; 989 368 751,"Ferrol, Galicia","Aquí te ofrecemos desde tratamientos específicos para el acné hasta técnicas de rejuvenecimiento facial, asegurando resultados que realzan tu belleza natural."
Clínica medicina estética en Palencia,https://clinicaalexander.es/clinica-medicina-estetica-en-palencia/,CLINICA ESTETICA,clinicalexander@proton.me,983 070 352; 611 140 766,"Palencia, Castilla y León",¡Embellece tu vida y sé la mejor versión de ti mism@!
Dr. Carlos Gómez,https://clinicacarlosgomez.com/,CLINICA ESTETICA,madrid@clinicacarlosgomez.com; guadalajara@clinicacarlosgomez.com,626 655 618; 690 099 673; 910 533 197,"Guadalajara, Castilla-La Mancha",# Formador internacional en técnicas de **rejuvenecimiento facial** mínimamente invasivas.
Dra Patricia Correa,https://drapatriciacorrea.com/,CLINICA ESTETICA,info@drapatriciacorrea.com,930 091 072; 675 754 690,"Manresa, Cataluña",Dra Patricia Correa - Clínica de Medicina Estética en Manresa.
Dra. Hurtado,https://doctorahurtado.es/,CLINICA ESTETICA,consulta@doctorahurtado.es,924 314 151; 683 307 425,"Mérida, Extremadura","Clínica Dra. Hurtado Espacio donde la medicina estética nace con un nuevo concepto, el de alcanzar la belleza y el bienestar."
Especialistas en medicina y cirugía estética,https://www.thefacialharmony.es/,CLINICA ESTETICA,thefacialharmony@hotmail.com,978 600 167,"Teruel, Aragón",Especialistas en medicina y cirugía estética.
Ester Ferrer Centre d estètica avançada,https://www.esterferrer.com/,CLINICA ESTETICA,info@esterferrer.com,930 108 763; 605 822 297,"Vic, Cataluña","Sóc l'Ester Ferrer, Esteticista titulada, com també en Quiromassatge, Drenatge Limfàtic i Tractaments facials i corporals, em dedico a l'estètica desde l'any 1999."
Estetica Saray Calvo,https://esteticasaraycalvo.es/,CLINICA ESTETICA,saraycalvo26@gmail.com,635 675 678; 666 666 666,"Ávila, Castilla y León",Centro de estética Saray Calvo Ávila. Centros de estética Ávila.
Estética Facial en Sitges,https://www.clinicaduranburgos.com/es/estetica-facial-en-sitges/,CLINICA ESTETICA,info@clinicaduranburgos.com,938 944 479,"Sitges, Cataluña",Tu estética facial y dental en Durán & Burgos.
Iria López,https://www.irialopezestetica.com/,CLINICA ESTETICA,estetica@irialopezestetica.com,982 229 659; 604 043 442,"Lugo, Galicia","En el Centro de Estética en Lugo Iria López somos especialistas en tratamientos de estética en Lugo: masajes, presoterapia, rejuvenecimiento facial..."
Isabellacme,https://isabellacme.com/,CLINICA ESTETICA,hola@isabellacme.com,659 587 379,"Fuenlabrada, Comunidad de Madrid",Isabella Centro Médico Estético de Fuenlabrada somos la culminación de una pasión por la belleza y la estética.
La clínica estética Zamora,https://laclinicaesteticazamora.es/,CLINICA ESTETICA,info@laclinicaesteticazamora.es,980 987 263; 689 463 210; 838 470 361,"Zamora, Castilla y León","LA Clínica Estética Zamora · Avda Tres Cruces 28 bajo, Zamora · 49008 · 980 98 72 63 · 689 463 210(cita por wasap) · Horario:De lunes a viernes: De 9:30 a 19:00 ..."
Losilvy,https://losilvy.com/,CLINICA ESTETICA,infolosilvy@gmail.com,680 427 527,"Getafe, Comunidad de Madrid","Ven y realizate un diagóntico gratuito , para que podamos asesorarte que tratamiento es el adecuado para tí."
MEDICINA ESTÉTICA POZUELO,https://www.clinicabetancourt.es/,CLINICA ESTETICA,info@clinicabetancourt.es,917 154 554; 660 849 271,"Pozuelo, Comunidad de Madrid",MEDICINA ESTÉTICA POZUELO. Depilación Láser Pozuelo.
Medestètic,https://www.medestetic.cat/,CLINICA ESTETICA,info@medestetic.cat,663 887 533,"Vic, Cataluña","Disposem de múltiples serveis amb el massatge terapèutic i esportiu, rehabilitació de lesions, fisioteràpia de l'esport, tractament de lesions traumàtiques, ..."
Medicina Estética Alcoy Clínica Eira. Facial Corporal Capilar.,https://www.clinicaeira.com/medicina-estetica-alcoy/,CLINICA ESTETICA,info@clinicaeira.com,605 694 861,"Alcoy, Comunidad Valenciana","¿Buscas una Clínica de Estética en Alcoy, Ibi...? Medicina Estética Facial, Corporal, Capilar, Dermatología..."
Medicina Estética En Avilés,https://rozona.com/servicios/medicina-estetica-y-cirugia-plastica/,CLINICA ESTETICA,recepcion@rozona.com,985 567 699,"Avilés, Principado de Asturias",Visita nuestro centro de medicina estética en Avilés y de cirgugia plástica.
Medicina Estética Integral,https://lunik.es/,CLINICA ESTETICA,info@lunik.es,640 347 601; 605 452 392,"Pozuelo, Comunidad de Madrid",Lunik es muchos más que una clínica de Medicina Estética.
Medicina Estética Natural en Getxo,https://www.draalexandramatute.es/,CLINICA ESTETICA,citas@draalexandramatute.com,946 291 717; 624 668 336; 711 647 433,"Getxo, País Vasco",Clínica medicina estética en Getxo especializada en rejuvenecimiento natural.
Medicina Estética en Getxo,https://www.clinicacmigetxo.com/,CLINICA ESTETICA,info@clinicacmigetxo.com,674 493 912,"Getxo, País Vasco","Tratamientos faciales, corporales y cosmética."
Medicina Estética en Guadalajara,https://cristinaguileraesthetic.es/,CLINICA ESTETICA,clinica@cristinaguileraesthetic.es,659 780 980; 949 053 920; 812 413 740,"Guadalajara, Castilla-La Mancha","Equipo multidisciplinar, formado por expertos en Medicina Estética."
Medicina Estética en Soria,https://centromedicoesteticoayc.com/,CLINICA ESTETICA,info@aitziberyaguecortazar.com,665 146 496; 781 793 681; 790 896 192,"Soria, Castilla y León",Estética facial y corporal. Micropigmentación avanzada.
Medicina Estética en Talavera Toledo,https://kalosestetica.es/,CLINICA ESTETICA,contactar@kalosestetica.com,925 803 630; 798 705 716,"Talavera, Castilla-La Mancha","Clínica Kalos en Talavera: doctor en medicina estética, rejuvenecimiento facial, ácido hialurónico y depilación láser."
Medicina estética Cuenca,https://medicinaesteticacuenca.com/,CLINICA ESTETICA,clinimed.cuenca@gmail.com,621 072 422,"Cuenca, Castilla-La Mancha","Medicina estética con cabeza, desde Cuenca."
Medicina estética y capilar en Algeciras,https://dracarmenmunoz.com/,CLINICA ESTETICA,info@dracarmenmunoz.com,698 938 493,"Algeciras, Andalucía",Clínica de medicina estética y capilar en Algeciras.
Medicina y Cirugía Estética en Manresa,https://ibderm.com/,CLINICA ESTETICA,clinicaibderm@gmail.com,938 726 973; 660 901 139,"Manresa, Cataluña",Medicina y Cirugía Estética en Manresa. Pioneros en láser Genesis y Juliet a nivel europeo.
Merchi Regueira,https://merchiregueirabellezaybienestar.com/,CLINICA ESTETICA,merchiregueira@icloud.com,671 581 579; 620 672 484; 902 373 493,"Pontevedra, Galicia",Esteticista en Pontevedra con más de 30 años de experiencia.
Món Estètic Vic,https://www.monesteticvic.com/es/,CLINICA ESTETICA,monesteticvic@gmail.com,672 170 423,"Vic, Cataluña",Especialistas en tratamientos láser · Te asesoramos y te acompañamos en la mejora de la calidad de vida · Tratamientos personalizados que se adaptan a tus ...
Natalia Gómez,https://www.esteticanataliagomez.es/,CLINICA ESTETICA,hola@esteticanataliagomez.es,688 845 475,"Barakaldo, País Vasco","En Natalia Gómez, nos especializamos en tratamientos de estética facial."
Natural Mèdic Estètic,https://centroesteticamanresa.com/es/,CLINICA ESTETICA,naturalmedicestetic@gmail.com,930 132 192; 687 893 705,"Manresa, Cataluña",Natural Mèdic Estètic · Centro de Estética Avanzada en Manresa · Tratamientos exclusivos diseñados por la Directora Licenciada Aitza SUAREZ
Otium Clinics,https://otiumclinics.com/,CLINICA ESTETICA,web@otiumclinics.com,657 657 933; 651 551 473,"Estepona, Andalucía","Otium Clinics, parte de Grupo Otium, nace de un concepto innovador y revolucionario en el cuidado de la piel, dando como resultado un conjunto de clínicas especialistas en medicina"
Patricia Granda,https://www.bellezapatriciagranda.com/,CLINICA ESTETICA,infopatriciagranda@gmail.com,985 560 385,"Avilés, Principado de Asturias",Somos especialistas en tratamientos faciales y corporales sin cirugía.
Promociones y descuentos en clínica gala de leganés,https://www.clinicagala.es/,CLINICA ESTETICA,info@clinicagala.es,916 944 626; 627 600 973; 789 724 134,"Leganés, Comunidad de Madrid","Clínica Médico Estética Gala, en Leganés, con más de 20 años en tratamientos estéticos."
Consorcioeder,https://www.consorcioeder.es/rr-centro-dermo-estetico-nuevo-centro-de-estetica-en-tudela/,CLINICA ESTETICA,eder@consorcioeder.es; rrcentrodermoestetico@gmail.com,948 847 356; 907 093 391; 948 037 421,"Tudela, Navarra","28 Mar 2023 · servicios: tratamientos faciales, electro depilación."
Rejuvelook,https://rejuvelook.com/,CLINICA ESTETICA,citas@rejuvelook.com,637 395 486; 739 999 920; 790 090 221,"Fuengirola, Andalucía",Descubre cómo los tratamientos faciales de nuestra Clínica Estética Fuengirola potencian tu belleza facial y corporal.
SALUD BELLEZA Y BIENESTAR,https://www.desaja.com/,CLINICA ESTETICA,info@desaja.com,922 633 448; 660 452 031,"Vic, Cataluña",Bienvenidos a la medicina del bienestar. ¿Te gustaría saber todo lo que nuestro centro puede hacer por ti?.
Sapphira Privé Teruel,https://sapphirateruel.es/,CLINICA ESTETICA,hola@sapphirateruel.es,978 048 688,"Teruel, Aragón","Sapphira Privé Teruel te ofrece los más avanzados tratamientos unisex en estética, salud y belleza."
Tratamientos Faciales y Corporales,https://miraclesoria.com/,CLINICA ESTETICA,info@miraclesoria.com,626 314 724,"Soria, Castilla y León","Centro de bienestar en Soria especializado en tratamientos faciales, corporales, Kobido, drenaje linfático, manicura, pestañas y rituales naturales."
Tu clínica de Medicina Estética en Benidorm,https://weglowclinic.com/en/,CLINICA ESTETICA,info@weglowclinic.com,624 728 396; 865 555 100; 641 991 197,"Benidorm, Comunidad Valenciana",Cita de valoración gratuita. Productos de alta calidad.
Tu clínica de medicina estética en Irun,https://clinicascanelada.com/,CLINICA ESTETICA,info@clinicascanelada.com,722 883 713,"Irún, País Vasco",Clínica de medicina estética en Irun dirigida por la Dra.
Unidad de Medicina Estética,https://www.clinicaceta.es/clinica-medicina-estetica-leganes/,CLINICA ESTETICA,leganes@clinicaceta.es,916 808 387; 693 753 726,"Leganés, Comunidad de Madrid","Clínica de medicina estética especializada en rejuvenecimiento facial, ácido hialurónico y tratamientos corporales."
Vogue Clinic Tu Clínica Estética en Estepona,https://vogueclinic.es/principal/,CLINICA ESTETICA,info@vogueclinic.es,633 318 314,"Estepona, Andalucía",Clínica Estética de Estepona Vogue Clinic: sinónimo de excelencia en tratamientos de belleza y bienestar personalizados.
clinica estetica lanzarote Maive,https://maive.es/,CLINICA ESTETICA,info@maive.es,638 128 452; 828 902 864,"Arrecife, Canarias",Clínica estética en Lanzarote especializada en tratamientos de estética ...
Alma Sitges,https://almaesteticasitges.com/,LASER,info@almaesteticasitges.com,682 631 258,"Sitges, Cataluña",Centro de estética en Sitges. Extensiones y lifting de Pestañas.💆🏻‍♀️Tratamientos faciales y corporales.⚡️Depilación Láser.
BEAUTÉ,https://beaestetica.com/,LASER,info@beaestetica.com,975 678 445,"Soria, Castilla y León",Los más actuales servicios de estética integral avanzada en Soria.
Burgundyred,https://burgundyred.es/estetica_corporal/depilacion-sin-dolor/,LASER,info@burgundyred.es,951 453 287; 633 010 684,"Fuengirola, Andalucía","Centro de estética en Fuengirola, Málaga."
CENTROKEBEC,https://centrokebec.com/,LASER,info@centrokebec.es,968 442 212,"Lorca, Región de Murcia",Nuestras especialidades son la Depilación Eléctrica Definitiva y los tratamientos faciales basados en un completo y avanzado diagnóstico facial.
Centro Laser Horus,http://www.centrolaserhorus.com/,LASER,conchi@centrolaserhorus.com,966 421 188,"Dénia, Comunidad Valenciana",Centro Laser Horus en Denia - Alicante (+34) 96 642 11 88 conchi@centrolaserhorus.com us DEPILACION LÁSER
Centro de depilación,https://www.servibelleza.es/centro-de-depilacion/,LASER,laude@servibelleza.es,640 084 004,"Guadalajara, Castilla-La Mancha","Láser Trionda para una depilación eficaz: En Laude contamos con un exclusivo láser Trionda, único en Guadalajara, capaz de actuar sobre tres longitudes de onda."
Centrolaserzamora,https://centrolaserzamora.com/en/,LASER,info@centrolaserzamora.com,636 873 290; 980 540 038,"Zamora, Castilla y León",Centro láser en Zamora Jolie es un centro pionero en las tecnologías más avanzadas tanto en depilación láser como en tratamientos depilación.
Centro de estética Charo Ruso,https://www.charorusoestetica.com/,LASER,charorusocentroestetica@hotmail.com,650 148 573,"Algeciras, Andalucía",Centro de estética Charo Ruso. Estética y centro láser unisex en el centro de Algeciras.
Centro de estética en Algeciras,https://www.depidi.com/,LASER,hola@depidi.com,623 027 777,"Algeciras, Andalucía","Centro de estética en Algeciras: tratamientos faciales, depilación láser, micropigmentación y eliminación de tatuajes."
Centro de vello,https://centrodelvelloybelleza.com/,LASER,denia@centrodelvelloybelleza.com,966 420 639; 727 215 671; 925 843 250,"Vic, Cataluña",CENTRO DEL VELLO Y BELLEZA · TRATAMIENTOS · FACIALES · BELLEZA · DEPILACIÓN LASER · ¡Nuestras instalaciones están preparadas por y para ti!
Centros Icono,https://centrosicono.es/,LASER,sanse@centrosicono.es; alcobendas@centrosicono.es,910 096 831; 916 625 377; 608 611 371,"Alcobendas, Comunidad de Madrid",0 + Clientes tratados por nuestro personal 0 + Tratamientos Miles de tratamientos realizados con exito 0 + Años de experiencia Estarás en manos expertas Pide tu cita ahora Que hace
DEPILACIÓN,https://www.niceartbelleza.com/depilacion/,LASER,info@niceartbelleza.com,622 538 553,"Fuenlabrada, Comunidad de Madrid",La depilación consiste en el tratamiento para eliminar el vello desde la raíz.
Depilación Laser Estepona,https://divinitybeautycenter.com/depilacion-laser-estepona/,LASER,info@divinitybeautycenter.com,680 990 000,"Estepona, Andalucía",Ofrecemos lo último en tecnología láser para depilación en Estepona.
Depilación Láser Indolora Madrid Guadalajara y Segovia,https://laserya.es/,LASER,contacto@laserya.es,642 141 701,"Guadalajara, Castilla-La Mancha",Prueba la Depilación Láser Indolora que funciona.
Depilación Láser en Alcoy,https://ayaestilistas.com/en/service-details/,LASER,estilistasaya@gmail.com,613 044 422,"Alcoy, Comunidad Valenciana","Elimina el vello con depilación láser en AyA Estilistas, Alcoy."
Depilación Láser en Segovia,https://www.sinmascentromedicoestetico.com/,LASER,hola@sinmascentromedicoestetico.com,790 670 345; 692 006 288; 941 858 084,"Segovia, Castilla y León","Depilación láser segura para todo tipo de piel, incluida piel de color, en nuestro centro médico y cirugía estética en Segovia."
Depilación Láser y Eliminación de Tatuajes en Sevilla,https://pielzero.com/,LASER,hola@pielzero.com,679 338 493; 686 685 555; 600 000 000,"Dos Hermanas, Andalucía",Piel Zero es tu centro especializado en depilación láser diodo indolora con sistema de frío a −10ºC y eliminación de tatuajes sin cicatrices en Sevilla y Dos Hermanas.
Depilación láser Sitges,https://geidocosmetics.com/tratamientos/depilacion-laser-sitges/,LASER,carla@geidocosmetics.com,640 683 332,"Sitges, Cataluña","La Depilación láser Sitges se realiza con nuestro láser Diodo de última generación y certificación médica, eliminamos el vello más fácilmente."
Depilación láser de diodo en Pontevedra,https://www.centrodeesteticamaytemartinez.com/depilacion-laser-diodo-pontevedra.html,LASER,info@centrodeesteticamaytemartinez.com,608 180 969,"Pontevedra, Galicia",En el Centro de Estética Mayte Martínez disponemos de servicios de depilación láser de diodo en Pontevedra.
Somibenidorm,https://www.somibenidorm.es/,LASER,dayanistv1@gmail.com; laserdmoda@gmail.com,655 277 517,"Benidorm, Comunidad Valenciana",SOMI ofrece depilación láser DIODO PRO y tratamientos faciales K-Beauty.
Depilación láser y estética facial en Teruel,https://www.depiteruel.es/,LASER,depiteruel@depiteruel.es,620 888 281,"Teruel, Aragón","Especialistas en depilación láser, IPL y fotorrejuvenecimiento en Teruel."
Depilea,https://www.depilea.com/,LASER,depilea@depilea.com,688 629 539; 788 986 083; 788 986 089,"Getxo, País Vasco","Tu centro de depilación láser y depilación eléctrica en Algorta - Getxo, para una piel libre de vello, suave, y cuidada."
Depility Depilación en Leganés,https://depilitydepilacionenleganes.com/,LASER,depility@hotmail.com,645 163 495,"Leganés, Comunidad de Madrid","¡Te damos la bienvenida a tu sitio! Esta es tu página de inicio, que es la que la mayoría de visitantes verán cuando vengan a tu sitio por primera vez."
Diodor Depilación Láser en Gandía Joinchat,https://diodorlaser.es/,LASER,info@diodorlaser.es,640 840 462,"Gandía, Comunidad Valenciana",Especialistas en depilación láser diodo. Sesiones efectivas e indoloras.
Dryada Bioestética,https://esteticadryada.com/,LASER,contacto@esteticadryada.com,633 744 344,"Soria, Castilla y León","Dryada Bioestética, salón de belleza y depilación láser en Soria, especializado en estética ecológica y natural."
Espacio de belleza y bienestar en Laser Esthetics,https://laser-esthetics.es/,LASER,laser.esthetics@hotmail.com,608 903 601,"Teruel, Aragón",Descubre el espacio ideal para tu belleza y bienestar.
Estetic Leader,https://esteticleader.com/,LASER,info@esteticleader.com,914 950 000,"Alcorcón, Comunidad de Madrid",DEPILACIÓN LÁSER. Financia el tratamiento en doce cuotas al año y depilaté las zonas que desees.
Estética Ana Pastor,https://www.salondebellezaanapastor.com/,LASER,info@salondebellezaanapastor.com,646 204 746; 788 997 234; 735 850 093,"Palencia, Castilla y León",Depilación Láser Palencia. La depilación láser es un método rápido y seguro y efectivo para la eliminación del vello indeseado.
Gold Láser Depilación Láser de Diodo,https://goldlaser.es/,LASER,info@goldlaser.es,984 837 072,"Avilés, Principado de Asturias","Ven y cuéntanos lo que deseas conseguir:Una piel sin vello, perder esos centímetros que te sobran, reafirmar tu cuerpo, eliminar arrugas...¡¡Te ayudamos a conseguirlo!!"
LaserClinics Manresa,https://laserclinics.es/,LASER,info@laserclinics.es,664 530 768,"Manresa, Cataluña",Especialistas en láser de diodo en Manresa.
Láser y más,https://www.laserymas.es/,LASER,laserymasavila@gmail.com,920 332 979; 681 126 549; 920 094 116,"Ávila, Castilla y León",Noticias e información de Láser y más | Centros de estética en Ávila
Passion Laser,https://passionlaser.es/,LASER,info@passionlaser.es,669 144 514,"Torrejón de Ardoz, Comunidad de Madrid","Centro de Depilación Lasér Low Cost. Depilación lasér sin compromisos, sin bonos en Torrejón de Ardoz."
Prolaser -Centro Médico Estetico,https://www.prolaser.es/,LASER,gerencia@prolaser.es; equipoprolaser@gmail.com,925 822 037; 635 472 981; 770 140 713,"Vic, Cataluña","Tu mejor versión empieza aquí Bienvenidos a Prolaser, vanguardia en depilación láser y medicina estética."
SweetBody Centro de Estética en La Laguna,https://www.salondeesteticasweetbody.es/,LASER,centrosweetbody@gmail.com,922 263 648,"La Laguna, Canarias","Salón de Estética Sweet Body. Centro de estética en La Laguna: fotodepilación, depilación con cera, radiofrecuencia, manicura, pedicura, masajes..."
depilacion laser zamora archivos,https://www.esteticamika.com/category/depilacion-laser-zamora/,LASER,info@esteticamika.com,980 511 950; 650 416 655,"Zamora, Castilla y León",Depilación láser en Zamora El sistema más avanzado y efectivo para la eliminación del vello no deseado.Depilación permanente para hombres y mujeres en Zamora.
Ailana Estetic,https://ailanaestetic.com/,BRONCEADO,pozuelo@ailanaestetic.com; marquesdeurquijo@ailanaestetic.com; alcobendas@ailanaestetic.com,645 961 595; 915 482 844; 656 667 792,"Pozuelo, Comunidad de Madrid",RESERVAR AHORA ENCUENTRA NUESTROS CENTROS Pozuelo Av.
Bronceado artificial Pozuelo de Alarcón Belleza Hiedra,https://bellezahiedra.es/bronceado-artificial-pozuelo-de-alarcon/,BRONCEADO,evablanco.h@hotmail.com,635 088 552; 917 155 723,"Pozuelo, Comunidad de Madrid",Bronceado artificial Pozuelo de Alarcón ✅Alternativa natural a los rayos UVA ✅Rápido y seguro ✅Luce un moreno bonito y natural
Bronceado rayos UVA en Alcobendas Estética Susana Sánchez,https://esteticasusanasanchez.com/bronceado-rayos-uva-alcobendas/,BRONCEADO,susanasanchez07@gmail.com,916 625 716; 649 119 390; 748 505 827,"Alcobendas, Comunidad de Madrid",Bronceado rayos UVA en Alcobendas ✅Luce un bronceado natural y uniforme durante todo el año ✅ Máxima seguridad con asesoramiento profesional
Bugar Centro de peluqueria y estetica capilar,http://www.bugar.es/solarium.htm,BRONCEADO,peluqueria@bugar.es,948 827 423,"Tudela, Navarra",Nuestro solarium está equipado con la última innovación en rayos U.V.A.
CENTRO DE RAYOS UVA ALCOBENDAS,https://soldevillaestetica.es/centro-de-rayos-uva-alcobendas/,BRONCEADO,info@soldevillaestetica.es,620 084 813; 919 313 158,"Alcobendas, Comunidad de Madrid",En Soldevilla Estética ofrecemos tratamientos de rayos UVA en Alcobendas que permiten conseguir un bronceado uniforme mientras aportan bienestar y cuidado ...
Cabinas de rayos UVA altamente perjudiciales para la salud,https://aedv.es/comunicacion/notas-de-prensa/cabinas-de-rayos-uva-altamente-perjudiciales-para-la-salud/,BRONCEADO,contacto@aedv.es; ame_larra@yahoo.es; silviacapafons@yahoo.es; marianvila@yahoo.es,915 446 284; 656 637 729; 666 501 497,"Soria, Castilla y León",La AEDV es una entidad centenaria que pretende aglutinar a todos los dermatólogos españoles para fomentar el estudio de la piel y de sus enfermedades
Centro de bronceado en Ferrol,https://www.ak-anukas.es/solarium-ferrol.aspx,BRONCEADO,anukas.beleza11@gmail.com,981 931 234; 604 020 454,"Ferrol, Galicia",Ven a visitar nuestro centro de bronceado en Ferrol.
Nature Belleza,https://www.naturebelleza.es/,BRONCEADO,info@naturebelleza.es,980 530 140; 980 672 167,"Zamora, Castilla y León","Tu Centro de Belleza en Zamora, centro de belleza situado en Zamora que se especializa en la relajación y el cuidado de la piel y la mente."
Vivianvalero,https://vivianvalero.es/bono-rayos-uva/,BRONCEADO,contacto@vivianvalero.es,910 075 679,"Leganés, Comunidad de Madrid","Prepara tu piel para el verano con sesiones de Rayos UVA en Leganés, centro de estética Vivian Valero."
Rayos UVA y Presoterapia en Ávila,https://giocare.es/servicios-en-cabina/,BRONCEADO,info@giocare.es,836 111 187; 602 181 641; 920 254 696,"Ávila, Castilla y León",¿Te gustaría lucir un tono bronceado durante todo el año? Los rayos UVA son la mejor solución.
Rayos UVA. Centro de Bronceado. Solarium -Tres Cantos WhatsApp,https://sunrisebronceado.es/,BRONCEADO,info@sunrisebronceado.es,678 389 968; 733 333 333; 666 666 666,"Soria, Castilla y León","☀️Sunrise centro bronceado Solarium centro de Rayos UVA en Tres Cantos, para un bronceado uniforme, responsable, duradero y de calidad."
Solariumcabinas,https://solariumcabinas.com/,BRONCEADO,ivan@solariumcabinas.com,634 885 636,"Vic, Cataluña",Nuestras cabinas están dotadas con la máxima comodidad y confort.
Rayos uva en Manresa Chic Nail Estética Checkmark Circle,https://www.chicnailsestetica.es/es/rayos-uva-manresa,BRONCEADO,buka_108@mail.ru,,"Manresa, Cataluña",Para rayos uva en Manresa acércate a conocer un centro de belleza como Chic Nail Estética con la última tecnología y personal experimentado.
Static Estetik,https://staticestetik.com/ofertas-especiales/solarium-en-palencia/011_11_12.html,BRONCEADO,static_estetik@hotmail.com,979 106 167,"Palencia, Castilla y León",Ven y compra tu bono de solarium 10 sesiones por 33 € 10 sesiones + gafas solarium por 36 € El bono caduca a los 2 años desde su compra Solarium V
Covertalavera,https://www.covertalavera.com/tecnisol-un-salon-de-bronceado-con-dos-decadas-de-experiencia/,BRONCEADO,direccion@covertalavera.com,925 817 241; 936 625 349; 686 882 717,"Talavera, Castilla-La Mancha","TecniSol cuenta con mucha de experiencia y una amplia gama de tratamientos de belleza, incluyendo manicura, pedicura y depilación tradicional"
morebeauty,https://morebeauty.es/,BRONCEADO,morebeautymasajes@gmail.com,691 177 760,"Ponferrada, Castilla y León","NUESTRO CENTRO OFERTA DEL MES Descubre nuestro Plan Reductor, ideal para eliminar grasa localizada y mejorar la apariencia de la celulitis."
AROHA BEAUTY SALON,https://plazadelaestacion.es/tiendas/aroha-beauty-salon/,ALTA PELUQUERIA,info@plazadelaestacion.es,916 076 348; 916 490 290,"Fuenlabrada, Comunidad de Madrid",Centro de Peluquería y Estética – Dirigido por Laura Rodríguez Segade.
Alexso Salón de Belleza,https://www.alexso.es/,ALTA PELUQUERIA,salon@alexso.es; info@alexso.es,912 680 169,"Las Rozas, Comunidad de Madrid","Peluquería en Las Rozas con corte, color, mechas y tratamientos premium."
Eleganza Hair Lab,https://eleganza-hairlab.com/,ALTA PELUQUERIA,eleganzahairlab@gmail.com,629 952 874,"Zamora, Castilla y León",Transformamos tu estilo con elegancia. En Eleganza Hair Lab cuidamos cada detalle para que tu cabello refleje lo mejor de ti.
LIS Hair Studio,https://lispeluquera.com/,ALTA PELUQUERIA,lise_stefania@hotmail.com,610 826 909,"Arrecife, Canarias","Peluquería premium en Arrecife, Lanzarote."
Moma Salón,https://www.momasalon.es/,ALTA PELUQUERIA,moma.salon.sg@gmail.com,921 051 171,"Segovia, Castilla y León",Moma Salón en Segovia ofrece servicios de peluquería y cuidado capilar para hombres y mujeres.
Nueva Imágen Cuenca,https://nuevaimagencuenca.com/,ALTA PELUQUERIA,info@nuevaimagencuenca.com,969 236 713,"Cuenca, Castilla-La Mancha","En Nueva Imagen Cuenca, fusionamos la alta peluquería de vanguardia con la ciencia del bienestar capilar y dermo-estético para realzar tu belleza auténtica."
Pedro Montero Peluqueros,https://www.pedromontero.net/,ALTA PELUQUERIA,pedromontero@pedromontero.net,944 387 504,"Barakaldo, País Vasco",El estilo no tiene que ser caro ; Cortes y peinados · 23€ Corte caballero ; Coloración · 30€ Color ; Forma · 70€ Recogido novia ; Tratamientos · 30€ Tratamiento Clinix ...
Peluquería en Getafe,https://estilistasporfin.es/,ALTA PELUQUERIA,hola@estilistasporfin.es,,"Getafe, Comunidad de Madrid",Peluquería orgánica premium en Getafe (El Bercial).
Peluquería en Getafe Lo Más In,https://lomasinlamagiacomienzaaqui.com/,ALTA PELUQUERIA,kami_18k2@hotmail.com,916 842 403; 912 514 795; 787 900 537,"Getafe, Comunidad de Madrid",Peluquería en Getafe ✅Productos con fórmulas veganas ✅2 premios Schwarzkopf ✅ Atención personalizada ☎️ Pide tu cita previa
Peluquería en Vic,https://shampoomultiespai.com/peluqueria-vic,ALTA PELUQUERIA,shampoomultiespai@gmail.com,,"Vic, Cataluña",Renueva tu look en la mejor peluquería de Vic.
Peluqueriadellas,https://peluqueriadellas.com/,ALTA PELUQUERIA,rocio@peluqueriadellas.com,949 210 488; 683 387 185; 781 517 535,"Guadalajara, Castilla-La Mancha","Tratamientos especiales para tu cabello, tu piel y tu espíritu."
Peluquerías en Estepona Ares Salon Boutique,https://aressalonboutique.com/peluquerias-en-estepona,ALTA PELUQUERIA,info@aressalonboutique.com,646 196 924,"Estepona, Andalucía","Descubre Ares Salon Boutique, la mejor entre las peluquerías en Estepona."
Pozuelo,https://peluqueriasmadrigal.es/salones/pozuelo/,ALTA PELUQUERIA,sugerencias@peluqueriasmadrigal.es,917 093 437,"Pozuelo, Comunidad de Madrid",SALÓNPOZUELO. pozuelo. 91 709 34 37¡RESERVA YA!
SILVIA VACAS SANMIGUEL,https://segovia.es/en/node/11090,ALTA PELUQUERIA,tocadoraltapeluqueria@gmail.com,921 050 143,"Segovia, Castilla y León","EL TOCADOR ALTA PELUQUERÍA. CALLE SANTO TOMÁS, 6, 40.002 SEGOVIA."
Salón de Peluquería en Gandía,https://www.soulhairsalon.es/,ALTA PELUQUERIA,lestudiopeluqueros@hotmail.com,961 137 079; 688 972 458; 688 972 459,"Gandía, Comunidad Valenciana",En SOUL HAIR SALON te ayudamos a conseguir tu estilo deseado mientras te relajas en nuestro circuito de belleza.
donna,https://donnaestepona.com/,ALTA PELUQUERIA,donna@gmail.com,787 510 007; 787 525 050; 787 510 008,"Estepona, Andalucía","En nuestro salón, te ofrecemos una amplia gama de servicios que destacan lo mejor de ti, desde peinados impecables hasta un maquillaje deslumbrante, para que ..."
Contacta con tu farmacia en Algeciras,https://www.farmaciaanasoto.com/contacto,FARMACIA,farmaciaanasoto@gmail.com,648 626 157; 956 601 990,"Algeciras, Andalucía",El centro de tu salud en Algeciras está en nuestra farmacia.
Contacto Farmacia Castelló en Playa y Grao de Gandia,https://www.farmaciacastellogandia.com/contacto-Farmacia-Castello-en-Playa-Gandia-y-Grao-Gandia.php,FARMACIA,emailinfo@farmacia.com; info@farmacia.com,962 842 977,"Gandía, Comunidad Valenciana",Promociones Farmacia Castelló Playa y Grao de Gandia.
Contacto farmacia La Laguna,https://www.farmacialalagunachipiona.com/contacto,FARMACIA,farmacialalaguna6@gmail.com,956 372 155; 655 027 837,"La Laguna, Canarias",Contáctanos para consultas y más. ¡Visítanos!
Datos de contacto de Farmacia Martínez Villar,https://www.farmaciaenferrol.es/contacto-farmacia-ferrol.aspx,FARMACIA,info@farmaciamartinezvillar.com,981 352 034; 689 035 504,"Ferrol, Galicia","Dirección, teléfono, email y otros datos de contacto de Farmacia Martínez Villar en Ferrol."
Famacia en Sitges Poble Sec,https://www.farmapoblesec.com/,FARMACIA,farma@farmapoblesec.com,938 941 331,"Sitges, Cataluña","La Farmacia Poble Sec està situada a Av. Camí dels Capellans, 23, 08870 Sitges, Barcelona."
Farmacia Alameda en Alcoy,https://www.farmalameda.com/?srsltid=AU7gw4Up5u5y4H19-xqotL_byopdNnz2UXtVRsOlNI5UYvrn8sAIMRtO,FARMACIA,info@farmalameda.com,965 331 427; 684 153 139; 963 866 000,"Alcoy, Comunidad Valenciana","Farmacia en Alcoy desde 1961. Consejo farmacéutico, análisis rápidos y SPD."
Farmacia Alcobendas,https://www.cc-carrefour-alcobendas.com/tiendas/farmacia-alcobendas/,FARMACIA,irperea@hotmail.com,916 619 993,"Alcobendas, Comunidad de Madrid","De lunes a domingo, de 10:00h a 22:00h. CONTACTO."
Farmacia Alcorcón,https://farmacialcorcon.com/,FARMACIA,info@farmacialcorcon.com,671 088 248; 916 435 694,"Alcorcón, Comunidad de Madrid",Descubre tu farmacia en Alcorcón. Abierta todos los días del año 12h.
Farmacia Ana Andraca,https://farmathia.com/farmacia-ana-andraca/,FARMACIA,hola@farmathia.com,944 601 014; 688 889 872; 603 377 964,"Getxo, País Vasco",Calle Maidagan 61 A. Getxo – Bizkaia. Teléfono.
Farmacia Burgos 9,http://farmaciaburgos9.es/,FARMACIA,contacto@farmaciaburgos9.es,954 728 440,"Dos Hermanas, Andalucía","En Farmacia Burgos 9 (Dos Hermanas, Sevilla) cuidamos día a día a nuestros pacientes mejorando su calidad de vida."
Farmacia Carrefour Tudela,https://farmaciacarrefourtudela.com/,FARMACIA,info@farmaciacarrefourtudela.es,948 847 841; 618 471 935,"Tudela, Navarra",Somos tu Farmacia de confianza en Tudela.
Farmacia Central Alcoy F Online. ALCOY,https://www.farmaciacentralalcoyfmas.com/,FARMACIA,sandraprats6@hotmail.com,965 540 140,"Alcoy, Comunidad Valenciana","11 03801 ALCOY, Alicante (España) 965540140 … llámanos al 965540140."
Farmacia Corcuera en el centro de Irún,https://farmaciacorcuera.com/contacto.html,FARMACIA,farmacia@farmaciacorcuera.com,943 612 904; 669 338 636,"Irún, País Vasco","Farmacia Corcuera en el centro de Irún, en la avenida Guipúzcoa 28, muy cerca del Ambulatorio."
Farmacia Creta Talavera Farmacia Creta Talavera,https://www.farmaciacretatalavera.es/,FARMACIA,farmacia45600@gmail.com,605 051 008; 925 813 196,"Talavera, Castilla-La Mancha",Nuestros datos de contacto ; Tel. 605051008 / 925813196 ; E-mail: farmacia45600@gmail.com ; Facebook: /FARMACIA CRETA ; Instagram: /FARMACIA CRETA ...
Farmacia Leganés,https://farmacialeganes.es/contacto/,FARMACIA,contacto@farmacialeganes.es; pedro.diaz@farmacialeganes.es,914 987 158; 659 417 066,"Fuenlabrada, Comunidad de Madrid",Acércate a conocernos. Estamos en el corazón de Leganés.
Farmacia Pozuelo Estacion,https://farmaciapozueloestacion.com/,FARMACIA,farmaciapozueloestacion.esther@gmail.com,913 520 035; 620 293 246,"Pozuelo, Comunidad de Madrid","Dirección: Av. de Juan Pablo II, 10 – 28224 Pozuelo."
Farmacia Real de Gandia,https://www.farmaciarealdegandia.com/contacto/,FARMACIA,info@farmaciarealdegandia.com,962 866 556,"Gandía, Comunidad Valenciana","Email info@farmaciarealdegandia.com Teléfono (+34) 962 866 556 Dirección Travessera d ́Albaida, 75, 46727 El Real de Gandia, València ESCRÍBENOS"
Farmacia Realaviles,https://www.farmaciarealaviles.com/,FARMACIA,farmaciarealaviles@hotmail.com,985 541 555; 684 632 380,"Avilés, Principado de Asturias","Bienvenidos a Farmacia Real, su espacio de salud en Avilés donde le ofrecemos una amplia gama de productos y atención personalizada"
Farmacia Sitges Playa Mi Farmacia Sitges,https://www.farmaciasitgesplayafmas.com/about-us/,FARMACIA,farmasitgesplaya@gmail.com,938 943 496,"Sitges, Cataluña",+34 938943496 · de 9:00 a 21:00 365 días · No cerramos por vacaciones · farmasitgesplaya@gmail.com.
Farmacia Susana Adrio Taracido en Pontevedra,https://farmaciaadriotaracido.es/,FARMACIA,info@farmaciaadriotaracido.es,986 852 817,"Pontevedra, Galicia","Teléfono 986852817 Email info@farmaciaadriotaracido.es Dirección Rúa Peregrina, 61, 36003 Pontevedra"
Farmacia Torremar,https://www.farmaciatorremar.com/,FARMACIA,torremarfarmacia@gmail.com,966 923 706; 623 043 211,"Torrevieja, Comunidad Valenciana","Farmacia abierta 12 horas en Torrevieja. Sistema personalizado de dosificación, control de glucosa, tensión y colesterol, alquiler de ortopedia y consejo farmacéutico."
Farmacia Zamora,https://farmaciazamoramislata.com/,FARMACIA,info@farmaciazamoramislata.com,963 790 898,"Zamora, Castilla y León",Farmacia Zamora. Tu farmacia de confianza en Mislata.
Farmacia el Juncal 24 horas,https://farmaciaeljuncal.es/,FARMACIA,contacto@farmaciaeljuncal.es,916 767 366,"Torrejón de Ardoz, Comunidad de Madrid",Farmacia el Juncal 24 horas 916 767 366 contacto@farmaciaeljuncal.es.
Farmacia en Figueres con Farmacia Taberner,https://www.farmaciatabernergirona.es/,FARMACIA,lourdestaberner@cofgi.es,972 511 266,"Figueres, Cataluña","Somos Farmacia Taberner, una farmacia de gran afluencia en Figueres."
Farmacia en Manresa con Farmàcia Ros,https://www.farmaciaortopediaros.com/,FARMACIA,ros.simats@cofb.net,938 730 157,"Manresa, Cataluña","Dirección. Passeig Pere III, 73. Manresa 08242 Barcelona ros.simats@cofb.net · 938 730 157."
Farmacias Pérez Benidorm,https://www.farmaciasperez.com/contacto/,FARMACIA,info@farmaciasperez.com,616 284 073; 857 142 857,"Benidorm, Comunidad Valenciana","Contacto Nos ponemos a su disposición para resolver cualquier duda referente a nuestras farmacias, productos, tratamientos y horarios."
HOSPITAL DE MERIDA Badajoz,https://mapafharma.sefh.es/centro/351,FARMACIA,sefh@sefh.com,,"Mérida, Extremadura",SERVICIO DE FARMACIA. DESCARGAR INFOGRAFÍA.
Ventanilla única,https://cofcuenca.com/paginas/Ventanilla-Farmacias.asp,FARMACIA,cofcuenca@cofcuenca.com,969 211 222,"Cuenca, Castilla-La Mancha","José 222 Email: cofcuenca@cofcuenca.com. Cuenca Calle Escultor Jamete, 5 16003 - Cuenca - España Tfno: 969 211 222 Email: cofcuenca@cofcuenca.com"
ABR Dermatología y Estética,https://www.dermus.es/clinicas-dermatologicas/murcia/lorca-abr-ahinoa-bueno/,CLINICA DERMATOLOGIA,info@dermus.es,696 404 848; 965 240 140,"Lorca, Región de Murcia",Dra. Ahinoa Bueno Rodríguez. 696 404 848.
AVILES IZQUIERDO JOSE ANTONIO,https://fundacionhospitalariasmadrid.org/equipo-medico/aviles-izquierdo-jose-antonio/,CLINICA DERMATOLOGIA,atencionalpaciente.hbma@hospitalarias.es; secretariaudc.hbma@hospitalarias.es; beatarecepcion@hospitalbeatadental.es; laboratorio.beata@riberalabs.com,750 307 042; 900 799 842; 837 744 134,"Avilés, Principado de Asturias",José Antonio Avilés Izquierdo es Médico Especialista en Dermatología y Venereología.
Centro Médico de Dermatología y Láser,https://website.dricloud.net/Dricloud_birgit_20789621/Home,CLINICA DERMATOLOGIA,info@dr-derma.com,636 970 495,"Palencia, Castilla y León",Centro Médico de Dermatología y Láser. Calle Soldados 1 (2° A) 34001 Palencia.
Clínica Dermatológica,https://clinicadepiel.es/,CLINICA DERMATOLOGIA,info@clinicadepiel.es,662 375 731,"Vic, Cataluña","Clínica dermatológica en Redován, La Vega Baja del Segura."
Clínica Dermatológica Ana Morell,https://anamorell.com/,CLINICA DERMATOLOGIA,recepcion@anamorell.com,965 786 873; 649 356 919,"Dénia, Comunidad Valenciana",Dermatología Clínica - Dermatología Estética - Cirugía Dermatológica - Tricología - Láser Dermatológico y Estético.
Clínica Muñoz Algeciras,https://clinicamunozalgeciras.com/,CLINICA DERMATOLOGIA,info@clinicamunozalgeciras.com,956 666 005; 601 600 011,"Algeciras, Andalucía",Afecciones de la piel: en dermatología contemplamos tanto las afecciones propias de la piel como las manifestaciones cutáneas de enfermedades sistémicas.
Clínica San Lorenzo,https://www.clinicamedicasanlorenzo.com/,CLINICA DERMATOLOGIA,centromedicosanlorenzo@gmail.com,981 315 050; 981 321 458; 981 371 337,"Ferrol, Galicia","Clínica San Lorenzo somos una clínica que presta servicios en diversas especialidades médicas, en Ferrol y en A Coruña, equipados con alta tecnología"
Clínica dermatológica del Dr. Carlos Hernández en Orihuela Costa,https://chclinicadermatologica.com/,CLINICA DERMATOLOGIA,chernandezdermatologo@gmail.com,623 614 254; 754 477 208; 790 986 691,"Orihuela, Comunidad Valenciana","Experto en dermatología médica, quirúrgica y estética en Orihuela, Alicante y Murcia."
Clínica dermatológica en Gandía,https://reesclinic.com/,CLINICA DERMATOLOGIA,info@reesclinic.com,623 103 063,"Gandía, Comunidad Valenciana",Clínica dermatológica en Gandía especializada en piel.
Consulta de dermatología en Las Arenas,https://dermaquir.es/,CLINICA DERMATOLOGIA,info@dermaquir.es,944 802 381,"Getxo, País Vasco",Consulta de dermatología en Las Arenas - Getxo.
DERMATÓLOGO SORIA,https://dermatologosoria.es/,CLINICA DERMATOLOGIA,derma.alejandrolape@gmail.com,608 438 657,"Soria, Castilla y León","Soy Alejandro Lapeña, especialista en Dermatología Médico Quirúrgica y Estética y actualmente trabajo en el Hospital Ruber Juan Bravo de Madrid y en el Hospital Latorre de Soria"
Hospital Latorre,https://hospital-latorre.com/dermatologia-medica-en-el-hospital-latorre-clave-para-curar-el-cancer-de-piel-en-soria/,CLINICA DERMATOLOGIA,info@hospital-latorre.com,975 950 450,"Soria, Castilla y León","Dermatología Médica en el Hospital Latorre, clave para curar el cáncer de piel en Soria"
Dermatología en Pontevedra con línica Dermatológica Dr. Loureiro,https://www.dermatologopontevedra.com/,CLINICA DERMATOLOGIA,consultas@dermatologopontevedra.com,986 851 470,"Pontevedra, Galicia",En línica Dermatológica Dr. Loureiro damos excelentes servicios de dermatología médico-quirúrgica y venereología en la ciudad gallega de Pontevedra.
Dermatología. Eborasalud. Clínica Médica Talavera,http://www.eborasalud.es/dermatologia-talavera/,CLINICA DERMATOLOGIA,info@eborasalud.com,925 684 660; 601 369 104,"Talavera, Castilla-La Mancha",Dermatología en Talavera. Dermatólogo. Eborasalud Clínica Médica.
Dermatovic,https://www.dermatovic.cat/,CLINICA DERMATOLOGIA,arimany.dermatologia@comb.cat,938 852 436,"Vic, Cataluña","Dermatologia general, pediàtrica, medicoquirúrgica i cosmètica."
Dermatólogo Avilés,https://clinicasportusalud.com/especialidades/dermatologia/,CLINICA DERMATOLOGIA,recepcion@clinicasportusalud.com,985 526 162; 684 609 535,"Avilés, Principado de Asturias",¿Buscas dermatólogo en Avilés? En Clínicas Por Tu Salud nos ponemos a tu entera disposición para ayudarte en todo lo que necesites.
Dermatólogo Mérida,https://www.dermatologomerida.com/,CLINICA DERMATOLOGIA,info@dermatologomerida.com,621 188 341,"Mérida, Extremadura",La Clínica Dermatológica Dr. Pablo García Montero es un centro médico especializado en el cuidado de la piel.
Dermatólogo Teruel Dermatología,https://www.dermatologoteruel.es/,CLINICA DERMATOLOGIA,teruel@miderma.es,876 042 672; 790 670 345; 978 622 182,"Teruel, Aragón","dermatología, tratamientos de piel y dermatólogo, Dermatólogo Especialista Clínica dermatológica"
Dermatólogo en Alcobendas,https://www.montepediatras.com/dermatologo-en-alcobendas-madrid-norte/,CLINICA DERMATOLOGIA,info@montepediatras.com,630 442 114; 753 554 422; 891 259 560,"Alcobendas, Comunidad de Madrid",Dermatólogo en Alcobendas y La Moraleja para adultos.
Doctores MarioLeón,https://www.doctoresmarioleon.com/,CLINICA DERMATOLOGIA,info@doctoresmarioleon.com; administracion@doctoresmarioleon.com,924 319 803; 648 139 118,"Mérida, Extremadura","Conoce a nuestro equipo médico experto en Dermatología General, Pediátrica y Quirúrgica, Reumatología, Cirugía Vascular y Medicina Estética."
Dr Álvaro Barranquero,https://barranquero.es/es/,CLINICA DERMATOLOGIA,info@barranquero.es,640 535 041; 639 280 776; 952 467 336,"Fuengirola, Andalucía","Álvaro Barranquero es especialista en Dermatología en Málaga, Fuengirola, Marbella y Gibraltar"
Dr.Txanton Martínez-Astorquiza,https://www.drtxantonmartinezastorquiza.com/,CLINICA DERMATOLOGIA,info@tmasalud.com,,"Barakaldo, País Vasco",Llevamos más de 30 años trabajando para mejorar la salud.
Inici,https://noumedicfigueres.cat/,CLINICA DERMATOLOGIA,noumedicfigueres@gmail.com,972 671 375,"Figueres, Cataluña","Centre mèdic privat a Figueres amb ginecologia, control de l’embaràs, ecografies 3D i 4D, dermatologia mèdic-quirúrgica ,urologia i psiquiatria."
Inici Clínica Dermatológica Dr. Donís Muñoz,https://donismunoz.com/,CLINICA DERMATOLOGIA,consulta@donismunoz.com,962 874 253,"Gandía, Comunidad Valenciana","Donís Muñoz · Magistrat Català, 16, 3C – 46701 Gandia (València) · consulta@donismunoz.com · Cita previa: 962874253 ..."
Nevus,https://www.nevus.es/,CLINICA DERMATOLOGIA,info@nevus.es,673 182 461; 938 753 340,"Manresa, Cataluña",Consulta de dermatologia a Manresa. Els mètodes diagnòstics de l'Hospital Clínic de Barcelona a la Catalunya central.
Servicio de Dermatología en Benidorm con disponibilidad inmediata,https://especialidades.imedhospitales.com/dermatologia-benidorm/,CLINICA DERMATOLOGIA,delegadoprotecciondatos@imedhospitales.com,963 003 001; 966 868 685,"Benidorm, Comunidad Valenciana",El centro IMED International Center en la Cala de Finestrat-Villajoyosa dispone de dermatólogos para el cuidado de las enfermedades de la piel.
Sobre nosotros,https://www.nadermia.online/,CLINICA DERMATOLOGIA,info@nadermia.online,639 164 861; 608 745 479,"Tudela, Navarra",Dr. Ignacio Querol Dermatología y Estética Zaragoza 639164861.
Unidad de Dermatología,https://www.hospitaldelareina.com/unidad-de-dermatologia/,CLINICA DERMATOLOGIA,info@hospitaldelareina.com,987 409 109; 987 790 222,"Ponferrada, Castilla y León",El Servicio de Dermatología del Hospital de la Reina tiene como objetivo la prevención y el tratamiento de todas las...
️ 79 Consulta con un Dermatólogo en Ponferrada,https://www.operarme.es/consultas/precio-consulta-dermatologia/ponferrada/,CLINICA DERMATOLOGIA,atencioncliente@operarme.es; equipo@operarme.es,911 413 356; 628 051 846; 859 999 999,"Ponferrada, Castilla y León","✅ Diagnostica tu afección en la piel, uñas o pelo solicitando una consulta con uno de nuestros Especialistas en Dermatología."
10 minutos de bronceado en BODYSUN,https://bonospremium.com/producto/10-minutos-de-bronceado-en-bodysun/,BRONCEADO,,922 242 305; 791 008 729; 791 009 104,"Tenerife, Canarias",¡Consigue un bronceado radiante con nuestro increíble bono descuento de 10 minutos de Rayos UVA en el mejor centro de bronceado de Santa Cruz!
BodySun,http://bodysun.es/,BRONCEADO,,922 242 305,"Tenerife, Canarias",TU CENTRO DE BRONCEADO. DONDE SIEMPRE BRILLA EL SOL.
Bronceado Sin sol o instantáneo,https://www.peluqueriabambu.es/servicios/bronceado/,BRONCEADO,,922 335 318; 922 354 762; 922 331 317,"Tenerife, Canarias","Servicios Bronceado: Sin sol o instantáneo ・ nuestro solarium ・ 38300 La Orotava, Tenerife 922 335 318."
Bronzed solarium,https://www.bronzedsolarium.com/,BRONCEADO,,675 538 270,"Málaga, Andalucía","Descubre nuestros centros Bronzed Solarium en Málaga, Estepona, Arroyo de la Miel y Fuengirola."
CENTRO ESTETICA BRONCEADO CACERES DONNA SOL,https://www.extremaduradavida.com/item/centroesteticabronceadocaceresdonnasol/,BRONCEADO,,892 952 089; 914 268 789; 701 460 906,"Cáceres, Extremadura","7 Oct 2016 · TRATAMIENTOS CORPORALES: Cavitación, radiofrecuencia, presoterapia, tratamiento renovador de manos (dermo), exfoliante corporal, ..."
Cabina de Bronceado en Salamanca,https://esteticaanahernandez.es/cabina-de-bronceado/,BRONCEADO,,923 050 786; 615 648 288; 789 003 207,"Salamanca, Castilla y León",Consigue un bronceado perfecto y duradero en nuestra cabina de bronceado en Salamanca.
Centro de bronceado en Móstoles,https://bronceadoideal.es/,BRONCEADO,,916 467 129; 790 095 283; 790 143 623,"Móstoles, Comunidad de Madrid","Centro de bronceado en Móstoles con rayos UVA, bronceado aerógrafo y bronceado con colágeno."
Centros de bronceado y estética en Santander,http://www.solariumsantander.es/,BRONCEADO,,942 232 697; 942 058 818,"Santander, Cantabria","Centros de bronceado y estética. Unisex. Salud y belleza: tratamientos corporales, faciales, cabinas, fotodepilación..."
Centros de bronceado y solarium Leganes,https://www.vulka.es/belleza/centros-bronceado/madrid/leganes/,BRONCEADO,,914 987 743,"Leganés, Comunidad de Madrid","rayos uva Cabinas. SOL Centros de bronceado en Leganes ( Madrid ) - Pl Ventura Rodríguez, 41 Solariums, Centros de bronceado en Madrid."
Nantara,https://www.nantara.es/,BRONCEADO,,713 479 188; 716 942 098; 901 957 768,"Segovia, Castilla y León","Centro de bronceado, depilación láser y estética en Segovia."
Orabela Burgos,https://orabelaburgos.com/,BRONCEADO,,698 957 110; 683 913 558,"Burgos, Castilla y León",Cuidamos de ti utilizando las técnicas de belleza y estética más avanzadas sin necesidad de cirugía · Bronceado en Burgos con resultado natural · Depilación cera ...
Otros tratamientos,https://bodytopcentroestetica.es/tratamientos-esteticos/otros-tratamientos/,BRONCEADO,,916 046 593,"Fuenlabrada, Comunidad de Madrid","Rayos UVA Luce bronceado. Rayos UVA, Otros tratamientos estéticos Fuenlabrada Regálate tu mejor experiencia 91 60 46."
Qué es el Solarium,https://www.clinicaesteticahernando.com/tratamientos-detalle/que-es-el-solarium/41,BRONCEADO,,980 515 930; 637 310 116,"Zamora, Castilla y León",Un solárium es un local especializado para la radiación del cuerpo con radiación ultravioleta.
RM SHINE Solarium,http://www.rmshinesolarium.es/es/index.html,BRONCEADO,,951 914 057,"Marbella, Andalucía",RM SHINE es la marca insignia del bronceado en cabina en Marbella.
SOLARIUM,https://www.quepuntoestilistas.com/solarium.html,BRONCEADO,,950 221 958,"Almería, Andalucía","Bronceado todo el año con nuestro equipo de rayos uv vertical , en 8' puedes conseguir activar la melanina y broncearte de forma homogénea."
Salut Estètica Montse,https://www.semontse.com/tractaments/26/bronzejat,BRONCEADO,,938 894 145; 914 988 642,"Vic, Cataluña","Tractaments, estètica i Teràpies Naturals | Vic"
Sol solecito. broncéame.,https://sorianoticias.com/noticia/2018-05-03-sol-solecito-bronceame-48301,BRONCEADO,,687 523 298; 986 420 197,"Soria, Castilla y León","Por mucho que lo intentas cada año, no hay forma."
Solarium Benidorm,https://www.solariumbenidorm.com/,BRONCEADO,,965 861 990,"Benidorm, Comunidad Valenciana","Lo ultimo en tecnologia de maquinaria de rayos UVA para un bronceado rapido, bonito, duradero y sano."
Solarium en Girona con Colágeno Bronceado y Cuidado,https://centrobagira.com/servicios-girona/solarium-con-colageno/?srsltid=AU7gw4Uc2R1fNnT3DbugJbspR3SkN_Hjee7WurwSd1HuZbwbM9QvZ1sn,BRONCEADO,,872 980 669; 972 988 533; 640 330 042,"Girona, Cataluña",Consigue un bronceado perfecto y saludable en nuestro solarium Girona.
Soldavia,https://soldavia-1.ueniweb.com/,BRONCEADO,,684 642 961,"Avilés, Principado de Asturias",¿Buscas un solárium o estética en Avilés? Ven a visitar a Soldavia.
Soltanned,https://www.soltanned.com/,BRONCEADO,,999 065 543,"Alicante, Comunidad Valenciana","Descubre Soltanned, el solarium boutique en Alicante para un bronceado de lujo."
Solárium Sunlife Centro bronceado barato en Sevilla,https://solariumsunlife.es/,BRONCEADO,,791 067 151,"Sevilla, Andalucía",Centro bronceado y estética avanzada unisex
Solárium Vertical,https://cristinasantiagocentroestetico.es/solarium/,BRONCEADO,,944 331 747; 688 485 992; 791 003 789,"Bilbao, País Vasco","Contamos con solárium vertical para quienes buscan un bronceado uniforme, rápido y seguro, en un ambiente mas higiénico, ya que no se esta en contacto ..."
Solárium en Donostia Piel Radiante,https://mimaisansebastian.es/solarium/,BRONCEADO,,943 381 899; 869 107 742; 613 033 059,"San Sebastián, País Vasco",Descubre el SOLÁRIUM perfecto para un bronceado natural y saludable.
Sunsolfigueres,https://sunsolfigueres.com/,BRONCEADO,,960 742 331; 606 120 548; 952 645 651,"Figueres, Cataluña",Facial. Corporal. Estètica. Medicina Estètica.
Tan Glow Home,https://tanandglow.es/,BRONCEADO,,624 501 790,"Madrid, Comunidad de Madrid",Bronceado 100% natural a base de DHA; Alternativa al sol segura sin rayos UVA ...
Alta peluquería,https://institutoiab.com.ar/peluqueria/alta-peluqueria-4/,ALTA PELUQUERIA,,940 967 994,"Córdoba, Andalucía","Alta Peluquería en Córdoba: barbería en Belgrano 170 con barberos experimentados, cortes precisos y atención personalizada."
Alta peluquería para hombre y mujer en Cáceres,https://oferplan.hoy.es/ofertas-descuentos/alta-peluqueria-hombre-mujer-8752.html,ALTA PELUQUERIA,,927 049 398,"Cáceres, Extremadura","Alta peluquería para hombre y mujer, Vintage Hair Factory C/ Clavellinas, 11."
Antonio Alta Peluqueria S.l.,https://empresite.eleconomista.es/ANTONIO-ALTA-PELUQUERIA.html,ALTA PELUQUERIA,,956 347 282,"Cádiz, Andalucía",Antonio Alta Peluqueria S.l. en Jerez de la Frontera Cadiz.
Authentic Hair Dénia,https://authentic-hair.com/es/,ALTA PELUQUERIA,,663 960 988,"Dénia, Comunidad Valenciana","Rubio, balayage y cabello sano: adaptados individualmente a ti."
CULTO Alta Peluquería Las Rozas de Madrid,https://belliata.es/v/culto-alta-peluqueria-las-rozas-de-madrid-l14291-d109278,ALTA PELUQUERIA,,611 508 991; 844 983 985; 833 576 112,"Las Rozas, Comunidad de Madrid","El CULTO Alta Peluquería es salón de belleza, ubicado en Calle de la Comunidad de Castilla-La Mancha, 3, Las Rozas de Madrid."
Centro de belleza en Vigo,https://www.mcsalonne.es/,ALTA PELUQUERIA,,986 206 009,"Vigo, Galicia",MC Salonne es un salón de belleza de Vigo donde apostamos por la belleza natural y el uso de productos de calidad para conseguir salud y belleza.
Chloé Professional Style,https://chloeprofessionalstyle.com/,ALTA PELUQUERIA,,981 351 735; 633 686 574; 627 563 260,"Ferrol, Galicia",La preparación de nuestro joven equipo no se queda simplemente en la alta peluquería y la estética profesional.
Color,https://beyou.es/club-belleza/peluqueria/color,ALTA PELUQUERIA,,968 211 620,"Murcia, Región de Murcia","En el Club de Belleza Be you Murcia trabajamos todas las técnicas de color, combinando tradición y vanguardia."
Cuál es la mejor peluquería de Córdoba Descubrí,https://malbaestilistas.com/cual-es-la-mejor-peluqueria-de-cordoba/?srsltid=AU7gw4Ums9yMW-UirpcCjnp-SnuuLh-G5875-YYRh0PwHTTm8fBMrB01,ALTA PELUQUERIA,,790 088 649; 755 658 192; 791 067 185,"Córdoba, Andalucía",Conocé por qué cada vez más personas eligen a Malba Estilistas como la mejor peluquería de Córdoba.
Diseño artístico capilar y coloración personalizada en Torrevieja,https://hairartistdesigner.es/,ALTA PELUQUERIA,,647 483 481,"Torrevieja, Comunidad Valenciana",Trabajos reales del estudio para personas que buscan algo más que un servicio estándar.
Grand Styler Soria,https://grandstyler.es/,ALTA PELUQUERIA,,604 864 170,"Soria, Castilla y León","Grand Styler, salón de belleza en Soria. Coloración, balayage, mechas, keratina, tratamientos capilares, peinados, cejas y depilación."
JLD Alcala de Henares Valentin Juara Bellot,https://www.jeanlouisdavid.com.es/pages/jean-louis-david-alcala-de-henares-valentin-juara-bellot,ALTA PELUQUERIA,,918 272 018; 738 790 188; 951 750 421,"Alcalá de Henares, Comunidad de Madrid","Jean Louis David Valentín Juara Bellot, Alcalá de Henares."
Join,https://join.com/companies/culto/16738588-oficial-de-peluqueria,ALTA PELUQUERIA,,611 508 991,"Las Rozas, Comunidad de Madrid",CULTO Alta Peluquería has a job opening for Oficial de Peluqueria in Las Rozas de Madrid (published: 31.03.2026).
Kbello,https://kbelloelche.com/,ALTA PELUQUERIA,,653 226 970; 653 266 970,"Elche, Comunidad Valenciana","Nos encontramos en Elche, lo que nos convierte en una opción accesible y perfecta tanto para tu día a día como para tus eventos más especiales."
LauraRayosBeautyConcept,https://laurayosbeautyconcept.com/,ALTA PELUQUERIA,,673 858 828; 790 092 555; 790 092 556,"Murcia, Región de Murcia","Nuestro exclusivo salón, ubicado en el corazón de Murcia, ofrece una gama completa de servicios de peluquería de autor, estética y maquillaje."
Leninstyle,https://leninstyle.com/,ALTA PELUQUERIA,,627 384 361,"Alicante, Comunidad Valenciana",Lenin El Youssef — English-speaking master barber in Alicante.
Mapquest,https://www.mapquest.com/es/alicante/alta-peluqueria-leninstyle-689484443,ALTA PELUQUERIA,,755 064 350,"Alicante, Comunidad Valenciana","Get more information for Alta Peluqueria Leninstyle in Alacant, Alicante."
Minimal Style,https://wearemstyle.com/,ALTA PELUQUERIA,,918 303 781; 670 341 443; 790 685 240,"Alcalá de Henares, Comunidad de Madrid",Home · Servicios · Contacto. Pide tu cita.
Nieto Estilistas,https://www.nietoestilistas.com/,ALTA PELUQUERIA,,948 164 615; 730 820 372; 763 995 558,"Pamplona, Navarra",Peluquería de autor. Cita online · NIETO ESTILISTAS.
PELUQUERÍA HOMBRE PALMA DE MALLORCA CENTROS MOURE WhatsApp,https://centrosmouremallorca.com/peluqueria-palma-de-mallorca/peluqueria-hombre-palma-mallorca/,ALTA PELUQUERIA,,701 362 260,"Palma, Illes Balears",💇 CENTROS MOURE MALLORCA tu PELUQUERÍA de HOMBRE en PALMA ✅ CORTE ✅ BARBERÍA ✅ COLOR ✅ MICROPIGMENTACIÓN ☞ SUPEROFERTA ☜
Peluqueria San Pedro Alcantara,https://www.taniademena.com/,ALTA PELUQUERIA,,656 388 448,"Marbella, Andalucía",Inicio · Blog · Coloración capilar natural · Mechas naturales divinas · Alisado temporal antiencrespamiento · Peinados y recogidos · Extensiones de cabello ...
Peluquería Logroño Saludable,https://almadetijera.com/,ALTA PELUQUERIA,,706 370 948; 882 352 941; 764 705 882,"Logroño, La Rioja",Peluquería Logroño especializada en belleza saludable.
Peluquería en Alicante,https://creative.es/,ALTA PELUQUERIA,,965 201 877,"Alicante, Comunidad Valenciana","Somos Creative, Peluquería en Alicante especialistas en Análisis de Imagen y Técnicas para que tu cambio o ajuste de estilo sea un éxito."
Peluquería en Avilés,https://www.atelierestilistas.com/,ALTA PELUQUERIA,,985 437 820,"Avilés, Principado de Asturias",Peluquería en Avilés para mujer y hombre.
Peluquería en Castellón,https://peluqueriameraki.com/,ALTA PELUQUERIA,,641 506 041; 770 656 001,"Castellón, Comunidad Valenciana","La peluquería en Castellón, MERAKI SALÓN By Hind, situada en una plaza llena de vida en Castellón de la Plana, nace fruto de la profesionalidad, la pasi..."
Peluquería en Córdoba y Centro de Estética Gregorio Porras,https://www.gregorioporras.com/,ALTA PELUQUERIA,,957 272 545; 625 705 967,"Córdoba, Andalucía","30 años de trayectoria en el sector de la imagen personal y la peluquería en Córdoba, ofreciendo un servicio Premium y atención personalizada."
Peluquería en Huelva,https://www.peluqueriaatodasluces.es/,ALTA PELUQUERIA,,959 818 686; 755 204 765; 741 200 380,"Huelva, Andalucía","Peluquería en Huelva. Peluquería con tratamientos avanzados, corte y color personalizado."
Peluquería en Móstoles,https://www.chusbuitrago.es/,ALTA PELUQUERIA,,916 188 259,"Móstoles, Comunidad de Madrid",Chus Buitrago es una peluquería en Móstoles con tratamientos de estética y aromaterapia.
Peluquería en Móstoles Corte Color y Tratamientos,https://imanpeluqueria.es/,ALTA PELUQUERIA,,686 667 646; 686 114 278; 723 745 994,"Móstoles, Comunidad de Madrid","Deslumbra con Imán Estilistas, tu peluquería en Móstoles."
Peluquería en Sevilla Mejor Peluquero de España Encarna Moreno,https://encarnamoreno.es/,ALTA PELUQUERIA,,954 673 011; 674 367 232,"Sevilla, Andalucía",Nuestra peluquería en Sevilla Centro se sitúa en José Laguillo 3.
Peluquería en Vigo,https://laurbanahairsalon13.es/,ALTA PELUQUERIA,,886 111 496,"Vigo, Galicia","Peluquería en Vigo especializada en color, balayage, mechas, corte, styling y tratamientos capilares."
Peluquería para Hombres Santiago Compostela,https://alex23barber.com/servicios/peluqueria-santiago-compostela/,ALTA PELUQUERIA,,643 578 217,"Santiago de Compostela, Galicia","Tu peluquería masculina en Santiago de Compostela, con el mejor ambiente, una atención impecable y los cortes modernos y clásicos con mayor precisión."
Peluquería y Estética en Marbella,https://bellissimi-marbella.com/?srsltid=AU7gw4XrtkOe0IXl9nON5lcdGb27blHfDRdqKhX6e0X_fCV5znmxG3YJ,ALTA PELUQUERIA,,952 820 714; 637 947 624; 670 270 032,"Marbella, Andalucía","Peluquería y estética en Marbella. Cortes de cabello, tratamientos faciales, manicura, pedicura, depilación y extensiones de pestañas."
Peluquería y estética en Alcobendas ︎ Atrévete Peluquería,https://atrevetepeluqueria.com/,ALTA PELUQUERIA,,916 639 389,"Alcobendas, Comunidad de Madrid",¿Buscas un salón de Peluquería y Estética en Alcobendas? ✅ Cuidamos tu piel y cabello con Secretos del Agua y productos saludables sin de tóxicos.
Peluquerías in Marbella,https://www.myguidemarbella.com/es/bienestar/peluquerias,ALTA PELUQUERIA,,678 178 795,"Marbella, Andalucía","A todos nos encanta ser mimados y seamos sinceros, si alguien más puede hacernos ver hermosos, saltamos a la oportunidad - así que, ya sea que estés..."
Polianasouza,https://polianasouza.com/,ALTA PELUQUERIA,,671 202 947; 669 421 872; 649 476 046,"San Sebastián, País Vasco","¿Sueñas con el cabello perfecto? Especialistas en coloración, mechas balayage, babylight y tratamientos capilares, priorizando el cuidado del cabello."
Rosana Fuente Peluquería de Autor Hombre Mujer,https://ensantander.com/peluqueria/rosana-fuente-peluqueria-de-autor-hombre-mujer,ALTA PELUQUERIA,,942 322 942,"Santander, Cantabria","Rosana Fuente Peluquería de Autor Hombre Mujer, peluquería en Santander."
Rosarito Peluquería San Sebastián,http://www.peluqueriarosarito.com/,ALTA PELUQUERIA,,943 218 238,"San Sebastián, País Vasco",Hair Salon - San sebastián ALTA PELUQUERÍA VASCA desde 1965 en el corazón de Donostia [ San Sebastián ] Tel.
SALÓN DE BELLEZA EN MÉRIDA,https://spaingiveslife.com/item/salon-de-belleza-en-merida/,ALTA PELUQUERIA,,679 830 014; 644 536 267; 820 348 995,"Mérida, Extremadura","Peluquería en Mérida , conocen tu pelo y le dan el corte y tono ideal para que te sientas día a día más guapa y estés a la moda."
SC Peluquería de Autor Salamanca,https://www.scpeluqueriadeautor.es/,ALTA PELUQUERIA,,605 876 707; 923 705 778; 971 225 181,"Salamanca, Castilla y León",Peluquería boutique en Salamanca especializada en coloración y salud capilar.
Salones y Centros de Peluquería en A Coruña,https://www.beautymarket.es/peluqueria/salones-y-peluquerias-en-a-coruna.php,ALTA PELUQUERIA,,981 298 615; 981 873 957; 981 655 058,"A Coruña, Galicia","Salones y centros de peluquería. Corte, color, alisados, tratamientos anticaída, lavados, moldeados, diagnóstico capilar, etc."
Servicios,https://marisatorres.es/servcios/,ALTA PELUQUERIA,,675 809 030; 733 333 333; 866 666 666,"Elche, Comunidad Valenciana",Servicios peluquería en Elche Consulta nuestra amplia Boutique de Servicios.
Servicios de Peluquería de Autor en Madrid,https://salonrafaelduenas.com/servicios-de-peluqueria-de-autor-en-madrid/?srsltid=AU7gw4UyzbrjB8TIS73bnbqOPcZ1jHbiEfrEp-epzIHguLj9o7LK5yrk,ALTA PELUQUERIA,,919 392 219; 622 234 729; 919 393 219,"Madrid, Comunidad de Madrid","Descubre nuestros servicios de peluquería de autor en Madrid: corte personalizado, coloración de autor, tratamientos capilares, novias y estética avanzada."
Silviarc,https://silviarc.com/,ALTA PELUQUERIA,,683 240 496; 893 548 387; 638 915 400,"Cartagena, Región de Murcia","Silvia RC, tu peluquería de autor en Murcia, Cartagena, España."
Unicornios de Colores,https://www.unicorniosdecolores.es/,ALTA PELUQUERIA,,636 649 492; 700 000 000,"Gijón, Principado de Asturias","Peluquería en Gijón especializada en coloraciones de autor, balayage, mechas, cortes personalizados y tratamientos Olaplex."
VIRAG Alta peluquería By Miriam Rumí,https://reservas.koibox.cloud/miriam-rumi-estilo-e-imagen,ALTA PELUQUERIA,,722 366 267,"Murcia, Región de Murcia",Reserva cita online en VIRAG Alta peluquería By Miriam Rumí
Vértice Peluqueros,https://www.vertice-peluqueros.com/,ALTA PELUQUERIA,,644 555 852; 981 530 659; 645 521 825,"Santiago de Compostela, Galicia",Vértice Peluqueros: Salón de peluquería y belleza en Santiago de Compostela.
Waze,https://www.waze.com/es-419/live-map/directions/es/ar/zaragoza/by-silvia-peluqueria-de-autor?to=place.ChIJySkKBfIUWQ0R1JRa9ICGbAo,ALTA PELUQUERIA,,976 396 490; 732 584 193; 732 584 194,"Zaragoza, Aragón","Información de tráfico en tiempo real para llegar a by Silvia Peluquería de Autor, C."
Bienvenido a Farmacia León,https://farmaciamleon.es/noticias/bienvenido-a-farmacia-leon/,FARMACIA,,954 350 430,"León, Castilla y León",En Farmacia León trabajamos cada día por mejorar la calidad del servicio que ofrecemos a todos nuestros pacientes.
Buscador de farmacias,https://www.cofalmeria.com/buscador-farmacias,FARMACIA,,950 475 282,"Almería, Andalucía","ABELLAN BERRUEZO, MIGUEL ENRIQUE · C/ PIEDRA VILLAZAR, 2 - MOJACAR - 04638 - ALMERIA - ESPAÑA; Teléfono: 950475282 ; ABELLAN BERRUEZO, SALVADOR JAVIER · C/ SILOS, ..."
Contacta con nosotros,https://farmacia-reus.com/contacta-con-nosotros/,FARMACIA,,977 127 084; 700 136 682; 700 074 975,"Reus, Cataluña","Dirección Plaza del Mercadal, 8, 43201 ; Población Reus, Tarragona ; Teléfono 977 12 70 84 ; Lunes-viernes De 9:00 a 22:00 ; Sábado De 9:00 a 22:00."
Contacto -. HGUCR.,http://www.hgucr.es/areas/areas-asistenciales/farmacia/contacto/,FARMACIA,,926 278 000,"Ciudad Real, Castilla-La Mancha",Servicio de Farmacia – Hospital General Universitario de Ciudad Real Planta Baja.
Contacto y Horarios,http://www.farmaciavictoriayjmleon.com/sobre-nosotros/contacto-y-horarios/,FARMACIA,,954 217 016; 954 216 529; 699 259 587,"León, Castilla y León","Farmacia Victoria y Juan Manuel León C/ Marqués de Paradas 27, 41001 Sevilla 954217016 – 954216529."
FARMACIA DE ÁREA Farmacia de Área,https://www.areasaludcaceres.es/organigrama/servicios/15-unidades-de-area/210-farmacia-de-area.html,FARMACIA,,927 256 199; 927 256 193; 927 244 384,"Cáceres, Extremadura",La Farmacia de Área es una unidad funcional dependiente de la Gerencia del Área.
Farmacia BADA 24 HORAS,https://www.farmaciabada.es/,FARMACIA,,985 399 411,"Gijón, Principado de Asturias",Bienvenidos al nuevo espacio de salud que hemos creado para ti.
Farmacia BILBAO GRACIA Olatz,https://www.euskadi.eus/gobierno-vasco/-/entidad/farmacia-bilbao-gracia-olatz/bakio/,FARMACIA,,946 194 472; 813 043 428,"Bilbao, País Vasco","Farmacia BILBAO GRACIA, Teléfono 946194472."
Farmacia Barrachina Formula Magistral,https://www.farmaciabarrachina.com/contacto/,FARMACIA,,963 843 141; 776 850 901,"Valencia, Comunidad Valenciana","Nos encantaría saber de usted, póngase en contacto con nosotros!"
Farmacia Bonmatí,https://www.farmaciabonmati.com/es/,FARMACIA,,972 501 351; 639 432 864; 788 964 358,"Figueres, Cataluña","Más de 70 años al servicio de los figuerenses y ahora también online: analíticas, control de presión arterial, diétetica y nutrición, pruebas de embarazo."
Farmacia C9 Tenerife,https://www.farmaciac9tenerife.com/es/contact,FARMACIA,,922 243 241; 608 826 215; 681 499 766,"Tenerife, Canarias","Contacto Calle Castillo, 9. Santa Cruz de Tenerife Servicio al cliente 922 24 32 41 Nombre * Teléfono * Correo electrónico"
Farmacia Calderón WhatsApp,https://www.farmaciadeguardiacastellon.es/contact/,FARMACIA,,964 224 064; 652 459 330; 671 516 798,"Castellón, Comunidad Valenciana",Farmacia Calderón · Tlf: 964 224 064 · C/ Colón 37 12001 Castellón ...
Farmacia Cartagena,https://tufarmaciacartagena.com/contacto/,FARMACIA,,968 513 150,"Cartagena, Región de Murcia",Contacta con Farmacia Cartagena. Calle Prol.
Farmacia Cáceres Muñoz Pereira,https://www.farmaciamunozpereira.com/,FARMACIA,,927 626 660,"Cáceres, Extremadura","+34 927 626 660 document: Avda/ Virgen de la Montaña, no 6."
Farmacia Fuentelucha,https://www.farmaciafuentelucha.com/es/content/9-quienes-somos,FARMACIA,,912 191 014,"Alcobendas, Comunidad de Madrid","Farmacia Fuentelucha: La variedad de producto, el precio competitivo y proporcionar un servicio cómodo, rápido y de calidad es nuestro principal objetivo."
Farmacia Hilario Martín,https://www.ayto-alcorcon.es/en/node/4554,FARMACIA,,916 106 289,"Alcorcón, Comunidad de Madrid","Porto Cristo, 9, 28924 Alcorcón, Madrid schedule Horario Normal: - Lunes ・ 9:30 a 13:45, 17:00 - 20:00 … 916 10 62 89 Ubicación ・ 40.351568641311, -3."
Farmacia Jiménez Sesma Ofertas,https://www.farmaciajimenezsesma.com/,FARMACIA,,944 301 352,"Getxo, País Vasco","Farmacia de guardia en Algorta, Getxo. Abrimos los 365 días de 9:00 a 22 ..."
Farmacia Josefina Gomez Alonso,https://www.sensafarma.es/farmacia/-farmacia-josefina-gomez-alonso-007236?srsltid=AU7gw4UF7-4HhgkrKRQMihWwiA66af4rNYLHL4x9Z4Cxpwph7KSTf5OQ,FARMACIA,,916 441 553; 954 449 896; 784 468 959,"Alcorcón, Comunidad de Madrid",Farmacia Josefina Gomez Alonso ubicada en Cl.
Farmacia La Marazuela,https://www.farmacialamarazuela.com/,FARMACIA,,915 041 434,"Las Rozas, Comunidad de Madrid","Farmacia La Marazuela en C. Boj, 1, Las Rozas de Madrid."
Farmacia Labella,https://farmacialabella.com/es-es/contacto,FARMACIA,,981 561 075,"Santiago de Compostela, Galicia","Telf.: 981 561 075. Curros Enríquez, 11. 15702 Santiago de Compostela."
Farmacia Lahoz,https://doctory.es/alicante/farmacias/farmacia-lahoz,FARMACIA,,606 282 813,"Alicante, Comunidad Valenciana","Dirección. Av. Alfonso El Sabio, 18, 03004 Alicante."
Farmacia Laura Balañá,https://farmaciabalanya.com/,FARMACIA,,973 231 766; 699 668 607,"Lleida, Cataluña","Farmacia online en Lleida, especialistas en fitoterapia y veterinaria ..."
Farmacia Nautic,https://farmacianautic.com/es/,FARMACIA,,963 866 000,"Dénia, Comunidad Valenciana","En nuestra Farmacia Online tenemos todas las marcas y productos de parafarmacia, online 24 horas, consulta nuestras promociones."
Farmacia Puerta Valencia F Online. Cuenca,https://www.farmaciapuertavalenciafmas.com/,FARMACIA,,969 234 529,"Cuenca, Castilla-La Mancha","Farmacia Puerta Valencia Calle Las Torres 21 Cuenca,Cuenca 16001 … llámanos al 969234529."
Farmacia SAN SEBASTIAN,https://solofarmacias.es/huelva/farmacia-san-sebastian,FARMACIA,,959 243 585,"San Sebastián, País Vasco","Farmacia SAN SEBASTIAN en C. San Sebastián, 7, Huelva (21004), Huelva."
Farmacia San Francisco Javier,https://farmaciadelanzarote.com/,FARMACIA,,928 936 980; 671 646 108; 976 728 837,"Arrecife, Canarias",Farmacia San Francisco Javier en Arrecife de Lanzarote.
Farmacia Trébol Alcorcón,https://www.farmaciastrebol.com/grupo/farmacias/farmacia-trebol-alcorcon/,FARMACIA,,916 196 147,"Alcorcón, Comunidad de Madrid","Calle las Vegas, 1 28921, Alcorcón91 619 61 47Abrimos de lunes a viernes de 8:30 a 21:30 y fines de"
Farmacia Trébol Móstoles,https://www.redaccionmedica.com/recursos-salud/farmacias24h-espana/farmacia-trebol-mostoles,FARMACIA,,916 140 911; 639 418 160; 608 332 259,"Móstoles, Comunidad de Madrid",Descubre toda la información relevante de Farmacia Trébol Móstoles.
Farmacia cerca del Hospital en Talavera,https://www.farmaciarafaelcerrotalavera.es/farmacia-cerca-del-hospital-en-talavera,FARMACIA,,925 817 348; 636 024 671,"Talavera, Castilla-La Mancha","Farmacia Rafael Cerro Alonso es una farmacia muy cerca del Hospital Nuestra Señora del Prado, en Talavera de la Reina."
Farmacia de D. Cristóbal J. López de la Manzanara,https://getafe.es/placemarks/farmacia-de-d-cristobal-j-lopez-de-la-manzanara/,FARMACIA,,916 695 365,"Getafe, Comunidad de Madrid","Av. España 46, Getafe. 28903. Teléfono: 91 66953659."
Farmacia de guardia Segovia hoy,https://farmaciadeguardiasegovia.com/,FARMACIA,,921 435 749; 921 412 252; 921 435 006,"Segovia, Castilla y León",Farmacia de guardia nocturna en Segovia hoy y Farmacia Daniel Sanz de Pablos con horario diurno.
Farmacia en León,https://farmaciaenleon.com/contacto/,FARMACIA,,987 279 091; 672 687 082; 790 866 823,"León, Castilla y León","4,6 estrellas en Google Contáctanos o visita nuestra farmacia en León Lunes a Domingo de 9.30 a 22.00 Llámanos: 987 279 091 Whatsapp: 672 687 082 Estamos aquí para ayudarte los 365 días del año."
Farmacias Pamplona Cómo llegar mapa teléfonos y horarios,https://navarra.okdiario.com/articulo/descubre-navarra/farmacias-pamplona-como-llegar-telefonos-horarios/20210430115327364300.html,FARMACIA,,948 245 030; 948 198 191; 948 365 915,"Pamplona, Navarra","Dirección farmacias Pamplona: Aquí te contamos cómo llegar hasta ellas, en qué teléfono contactar y cuáles son sus horarios"
Farmacias de Badajoz,https://cofbadajoz.com/farmacias-badajoz/,FARMACIA,,924 221 840; 723 630 639; 999 999 999,"Badajoz, Extremadura",Badajoz 924 221 840 Teléfono de contacto Horario de atención L-V:8-21h … 8:00 - 21:00 Martes 8:00 - 21:00 Miércoles 8:00 - 21:00 Jueves 8:00 - 21:00
Farmacias en Ávila capital,https://avilared.com/serv/file/72/farmacias-en-avila-capital,FARMACIA,,920 211 266; 920 211 534; 920 352 533,"Ávila, Castilla y León",Dirección y teléfonos de las farmacias de Ávila
Farmàcies,https://www.sitges.cat/serveis/salut-publica-1/viure-amb-salut/farmacies,FARMACIA,,937 090 552; 938 941 331; 938 943 496,"Sitges, Cataluña","Web oficial Ajuntament de Sitges, informació municipal, tràmits, notícies, agenda, directori..."
INSPECCIÓN DE FARMACIA,https://sede.gva.es/es/detall-departament?id_dept=23912,FARMACIA,,966 545 058,"Alicante, Comunidad Valenciana","NIF: S4611001A Dirección: Rambla Méndez Núñez, 41 - 03002 - Alacant/Alicante - Alacant/Alicante Teléfono: 966545058 Dirección electrónica: inspeccion_ ..."
Información sobre las farmacias de la Región de Murcia,https://www.murciasalud.es/seccion.php?idsec=86,FARMACIA,,968 365 900,"Murcia, Región de Murcia","Levante, 11, 30008, Murcia Teléfono de información: 968 365 900 Información Accesibilidad (W2 - O)"
LPGC.es,https://lpgc.es/farmacias-en-las-palmas.html,FARMACIA,,928 312 363; 928 311 211; 928 369 509,"Las Palmas, Canarias",LPGC.es - Las Palmas de Gran Canaria - Farmacias en Las Palmas
Las Rozas Beauty,https://www.farmacialasrozasbeauty.com/,FARMACIA,,916 319 406,"Las Rozas, Comunidad de Madrid",Las Rozas Beauty - Tu farmacia de confianza.
Palma,https://www.cofib.es/es/cercador.aspx?municipi=PALMA,FARMACIA,,971 261 432,"Palma, Illes Balears","Avd. Son Rigo, 27 (esq. c/Mar de Aral-entre balnearios 8 y 9) junto H."
Sucursales,https://farmaciazamora.com.mx/pages/sucursales,FARMACIA,,614 359 096; 702 467 120; 695 452 281,"Zamora, Castilla y León",Somos la cadena de farmacias con mayor presencia en la región noroeste de Michoacán.
Teléfonos Interés,https://benidorm.org/es/pagina/telefonos-interes-farmacias,FARMACIA,,965 850 523,"Benidorm, Comunidad Valenciana","Alameda (J. Martínez):. Dirección: C/ Alameda, 1; Ed."
Centro de Depilación Tudelaser,https://tudelaser.es/,LASER,,948 046 973; 773 199 268; 616 229 238,"Tudela, Navarra","Tudelaser, tu centro de depilación laser."
Centro de Estética en Ponferrada Indiba Láser y Belleza,https://o2fisad.com/belleza/,LASER,,987 417 040,"Ponferrada, Castilla y León","Tu centro de Estética en Ponferrada. Indiba, presoterapia, maquillaje, depilación, estética, manicura, pedicura y depilación laser con diodo"
Centro de depilación Láser en Oviedo,https://laseroviedo.com/?srsltid=AU7gw4XajHHfYuPOfl-q26oh9cL6smNVLjWPKQhduycK4HqtJcKzwFMD,LASER,,666 666 666,"Oviedo, Principado de Asturias","Láser Oviedo, desde 2015 tu centro de depilación láser en Oviedo."
Clínica de Medicina Estética,https://clinicacenter.es/,LASER,,958 800 305; 609 888 399; 781 529 058,"Granada, Andalucía","Clínica de Medicina Estética en Granada. Depilación laser, Medicina del dolor, Fisioterapia, Podología y Micropigmentación"
Clínica de depilación láser en Sevilla de referencia,https://clinicadoctoragarcia.es/depilacion-laser/,LASER,,666 666 666; 846 153 846; 782 608 695,"Sevilla, Andalucía",La depilación láser en Sevilla exclusiva con la que tu piel quedará libre de vello ✓ Eficacia demostrada ✓ Valoración médica previa.
DEPILACIÓN LÁSER en Orihuela Costa,https://clinicamedyderma.com/servicios/depilacion-laser/,LASER,,657 859 440,"Orihuela, Comunidad Valenciana",LightSheer DUET de Lumenis: el estándar de oro en depilación láser.
Depilacion láser en Pozuelo,https://centrobienestar-pozuelo.sanitas.es/sanitas/centro_bienestar/pozuelo/servicios/especialidades-servicios/belleza/depilacion-laser/index.html,LASER,,917 992 724,"Pozuelo, Comunidad de Madrid","Si buscas centros de depilación láser en Pozuelo de Alarcón, te recomendamos visitar el Centro Bienestar Pozuelo y conocer lo último en depilación láser."
Depilación Láser Faciales,https://www.byoumarbella.com/,LASER,,784 187 556; 768 056 495,"Marbella, Andalucía",Depilación Láser Avanzada en Marbella · Pack TOP Ventas Mujer desde 380€ · Facilidad de 2-3 pagos en bonos · Sesiones sueltas disponibles · Resultados garantizados.
Depilación Láser en Manresa,https://www.janiaestetica.com/es/depilacion-laser-manresa.php,LASER,,938 734 390; 650 800 802,"Manresa, Cataluña","ven a Jania Estética, tu centro especialista en Depilación Láser y FHOS Bioluminiscente en Manresa, MANRESA Teléfono: 93 873 43 90 Whatsapp: 650 800 802 Email: ..."
Depilación de laser,https://studio58sitges.com/services/depilacion-de-laser/,LASER,,602 623 346; 936 784 179; 695 201 558,"Sitges, Cataluña","Capellans, 75-77, Sitges, +34 602 62 33 46 +34."
Depilación en Dynamic Belleza,https://dynamicbelleza.com/depilacion,LASER,,968 515 251,"Cartagena, Región de Murcia","Elimina el vello no deseado con nuestros servicios de depilación en Dynamic Belleza, Cartagena, Murcia."
Depilación láser Girona,https://aromabelleza.com/depilacion-laser-girona/,LASER,,631 117 981; 753 870 643,"Girona, Cataluña","Expertos en depilación laser con la última tecnología , prácticamente indoloro, mejores precios de Girona, laser triple onda."
Depilación láser Logroño,https://www.xn--depilacionlaserlogroo-vbc.es/,LASER,,941 565 656,"Logroño, La Rioja",En nuestro centro te ofrecemos servicios de depilación láser en Logroño al mejor precio.
Depilación láser Pozuelo Madrid,https://clinicacorpusdermis.com/depilacion-laser-pozuelo/,LASER,,791 103 102; 791 103 103; 791 103 105,"Pozuelo, Comunidad de Madrid","En nuestra clinica de Pozuelo, realizamos la depilación láser con equipos médicos de última generación y alta potencia para asegurar resultados óptimos."
Depilación láser SHR en Córdoba,https://clinicasdrbernete.com/depilacion-laser-shr-en-cordoba/,LASER,,614 149 095; 614 371 270,"Córdoba, Andalucía",Depilación láser SHR en Córdoba. En Clínicas Dr.
Depilación láser Talavera,https://www.dermaforyou.com/depilacion-laser-talavera/,LASER,,925 684 898; 680 635 080,"Talavera, Castilla-La Mancha","Clínica de Depilación Láser Dermaforyou en Talavera, profesionales en depilación láser con láser Alejandrita."
Depilación láser en Tenerife,https://esenciadesaludlalaguna.com/reservas/tratamientos/depilacion-laser/,LASER,,922 646 816; 636 239 092; 922 661 371,"Tenerife, Canarias",Depilación láser de diodo para mujer y hombre (precios).
Depilación láser precios competitivos calidad médica,https://centrobienestar-alcobendas.sanitas.es/sanitas/centro_bienestar/alcobendas/servicios/especialidades-servicios/belleza/depilacion-laser/index.html,LASER,,917 165 830,"Alcobendas, Comunidad de Madrid",Infórmate los precios de sesiones de depilación láser en Alcobendas.
Depilación y Centro de Estética,https://www.bellusdepilacion.com/,LASER,,910 112 245; 653 892 181; 785 170 759,"Torrejón de Ardoz, Comunidad de Madrid",Descubre un centro de estetica cuya misión es cultivar la belleza en cuerpo y mente.
Depileo,https://depileo.es/depilacion-laser-en-murcia/,LASER,,790 679 503; 790 679 528,"Murcia, Región de Murcia",Depilación Láser En Murcia 100% INDOLORA.
Estética Girona,https://golasergirona.com/,LASER,,633 692 497,"Girona, Cataluña",Centro de estética GIRONA Depilación láser Tratamiento facial anti-age Limpieza facial profunda Tratamiento reductor Radiofrecuencia Cavitación Maderoterapia
Expertos en Depilación Láser en Irún,https://kukulaser.com/kukulaser-irun,LASER,,600 165 568,"Irún, País Vasco",Disfruta de una piel suave y sin vello gracias a nuestros servicios especializados en depilación laser.
INICIO Information icon Cookie icon Cookie icon,https://www.malagadepilacionlaser.es/,LASER,,670 558 224; 790 670 345; 790 875 007,"Málaga, Andalucía",Centro Comercial Galaxia. Piso 1º. Local 11.
Laserys,https://depilacionlaserlasrozas.es/,LASER,,763 547 621; 620 253 322; 771 083 227,"Las Rozas, Comunidad de Madrid",Clínica de Medicina Estética y Depilación Láser en Las Rozas (Madrid).
Los 7 Mejores Centros de Depilación en Elche 2026,https://mejoreselche.es/centros-depilacion-elche/,LASER,,965 468 070,"Elche, Comunidad Valenciana",Los 7 Mejores Centros de Depilación en Elche · 1.
Murcia Láser,https://murcialaser.es/,LASER,,619 570 148,"Murcia, Región de Murcia","Depilación láser SHR, tratamientos faciales y corporales en pleno centro de Murcia."
Sisters of Beauty Ibiza,https://sistersofbeauty.es/,LASER,,667 452 303,"Ibiza, Illes Balears","Centro de estética en Ibiza especializado en depilación láser IPL y diodo, tratamientos faciales rejuvenecedores, microneedling, uñas y maderoterapia."
Soraya Centro de Estética Email Google Reviews,https://sorayacentroestetica.com/,LASER,,975 044 005,"Soria, Castilla y León","Centro de estética Soraya Nuestros tratamientos Tratamientos faciales Ver tratamientos Rituales y Masajes Ver tratamientos Tratamientos corporales Ver tratamientos Depilación, Láse"
Unidad Depilación Láser,https://centrodermatologicoestetico.com/unidad/depilacion-laser/,LASER,,965 140 460; 781 255 738,"Alicante, Comunidad Valenciana",Unidad Depilación Láser - En el Centro Dermatológico Estético disponemos del que es el método más avanzado y seguro para eliminar el vello.
Velahí Depilación Láser y Medicina Estética en Móstoles,https://velahi.es/,LASER,,952 202 601; 952 202 209; 952 202 103,"Móstoles, Comunidad de Madrid",Centro de depilación láser y estética en Móstoles.
Agua y Salud Wellness SPA,https://tienda.aguaysalud.com/,SPA,,670 597 666; 954 284 349,"Sevilla, Andalucía","Somos un centro dedicado al cuidado integral del cuerpo y la mente, donde combinamos técnicas tradicionales con tratamientos modernos para ofrecerte una ..."
Balneario Urbano,https://www.turismosoria.es/que-hacer/balneario-urbano/,SPA,,975 222 764; 975 221 300; 975 234 100,"Soria, Castilla y León",Página Oficial de Turismo de Soria dónde te explicamos qué ver y qué hacer al visitar la ciudad.
CUMBRIA Bienestar,https://cumbriabienestar.es/spa/,SPA,,926 233 364,"Ciudad Real, Castilla-La Mancha",Servicios La joya escondida de este vistoso alojamiento es su spa.
Camino De Santiago,https://www.spapompaelo.com/,SPA,,848 478 804; 683 839 827,"Pamplona, Navarra",Especialistas en masajes para peregrinos del camino de santiago y centro de estética en el casco antiguo de Pamplona
Centro de estética en Manresa,https://www.kuidat.es/kuidat-tu-centro-de-estetica-en-manresa_1,SPA,,650 220 905,"Manresa, Cataluña","Kuida't es tu centro de estética, belleza y quiromasaje en Manresa."
Centro de masajes y estética en Vigo,https://www.centro-taiyang.es/,SPA,,986 091 689; 801 539 439,"Vigo, Galicia",Centro de Masajes y estética Taiyang ofrece un abanico de masajes y tratamiento de estética corporal y facial.
Centro del Bienestar,https://www.eltemplodelrelax.com/,SPA,,666 626 013,"Alcalá de Henares, Comunidad de Madrid","Descubre Templo del Relax, tu centro del bienestar en Alcalá de Henares con terapias, pilates y estética avanzada."
Circuito Spa y Masaje relajante en Torrevieja Alicante,https://marinalia.es/spa-y-relax/spa-y-masaje/564-spa-y-masaje-relajante-torrevieja-alicante.html,SPA,,965 740 036,"Torrevieja, Comunidad Valenciana",Celebra un día especial y disfruta de esta experiencia única llena de relax y romanticismo con un circuito Spa y masaje relajante en Torrevieja (Alicante)
Ereaga Wellness,https://www.ereagawellness.com/,SPA,,738 873 042; 794 015 865; 737 923 890,"Getxo, País Vasco",Bienestar integral en el centro de Getxo.
EuKene Centro estética,https://eukenecentrodeesteticairun.blogspot.com/,SPA,,670 375 097,"Irún, País Vasco",Irun centro estética depilación tratamientos facial corporal solarium maquillaje manicura épilation maquillage bronzage laser diodo microblanding
Experiencias de spa y bienestar en Huelva,https://www.hoteltreats.com/es/espana/andalucia/huelva/nuestra-seleccion-de-los-mejores-centros-de-spa-y-bienestar-de-huelva,SPA,,871 510 040,"Huelva, Andalucía","Descubre los circuitos de spa, los masajes y las experiencias de spa con cerveza en Huelva, todo ello disponible para disfrutar sin necesidad de reservar habitación."
Heraldo,https://www.heraldo.es/noticias/viajes/2026/01/20/dinospa-spa-hotel-balneario-ciudad-teruel-aragon-escapada-ninos-dinosaurios-1689876.html,SPA,,978 618 618; 976 765 000,"Teruel, Aragón","Este sorprendente lugar se ubica muy cerca de uno de los lugares de Teruel favoritos de los niños y cuenta con DinoSpa, SpaCinema y DiscoSpa."
Hotel Spa París León,https://hotelspaparis.arvahoteles.com/,SPA,,987 243 200; 987 238 600; 987 875 716,"León, Castilla y León","Disponemos de un exclusivo centro spa con piscina climatizada que incorpora chorros de oxígeno, circuitos de bienestar, zona termal, ducha bitérmica, sauna ..."
Hotel Spa QH Centro León España,https://www.trivago.es/es/oar/hotel-spa-qh-centro-le%C3%B3n?search=100-1558531,SPA,,763 343 964; 600 521 087; 664 100 646,"León, Castilla y León","Compara los precios de los hoteles y encuentra la tarifa más baja para el Hotel Spa QH Centro León Hotel en León, España."
Hotel Spa en Gijón Asturias,https://www.hoteles-silken.com/es/hotel-ciudad-gijon/spa/,SPA,,900 373 981,"Gijón, Principado de Asturias",Relájate en el Spa con jacuzzi y piscina climatizada de forma gratuita en nuestro Hotel Silken Ciudad Gijón tras un intenso día de turismo por el centro.
Japanese Head Spa Murcia,https://www.murcia-japaneseheadspa.com/,SPA,,714 223 448,"Murcia, Región de Murcia","Japanese Head Spa Murcia, especialistas en Head Spa y spa capilar japonés en Murcia."
La Juventud,https://ciudaddeldeporte.soria.es/la-juventud/,SPA,,975 221 300,"Soria, Castilla y León","Dirección: Calle Nicolás Rabal 23, 42002 Soria Teléfono: 975 22 13 00 … sauna, baño de vapor, tumbonas calientes."
Luxewellnessclub,https://www.luxewellnessclub.com/es/sha-wellness-clinic-una-referencia-mundial-en-escapadas-de-bienestar/,SPA,,777 230 893; 790 691 366; 767 987 185,"Alicante, Comunidad Valenciana","Flotando entre el cielo y el mar, con vistas a la bahía de Altea, la SHA Wellness Clinic detiene el paso del tiempo para ofrecerte una escapada de bienestar med"
MAŌ SPA Mérida,https://www.maospa.mx/,SPA,,637 611 122; 896 196 593,"Mérida, Extremadura","Disfruta de MAŌ SPA, el Spa más exclusivo en Mérida, Yucatán."
Mandalaibiza,https://mandalaibiza.es/,SPA,,638 556 377; 790 775 308; 673 469 388,"Ibiza, Illes Balears","En nuestro centro de Spa, bienestar, y estética en Ibiza te ofrecemos diferentes tratamientos de belleza, masajes y contamos con circuitos de spa."
Naturaleza SPA en Torrevieja Centro de Belleza y Bienestar,https://naturalezaspa.com/,SPA,,656 897 628; 790 750 493; 790 756 684,"Torrevieja, Comunidad Valenciana","lll➤ Relájate en Naturaleza SPA en Torrevieja: masajes, tratamientos faciales, corporales e Indiba."
Oferta con Spa en Ferrol,https://www.sientegalicia.com/escapada/1707/0/Oferta-con-Spa-en-Ferrol-%7C-Hotel-Spa-Odeon.html,SPA,,982 226 865; 606 087 971,"Ferrol, Galicia","Ven a conocer Ferrol, a un paso de las maravillosas Fragas do Eume y relájate en este moderno hotel de 4 estrellas con spa, ¡el único de la zona!"
PlanB,https://www.planb.es/en/experience/276,SPA,,944 661 859; 913 277 762,"Vic, Cataluña","Theraqua Spa, primer balneario urbano de Getxo, ubicado en el centro de Las Arenas, Dirección Calle Amistad, 2, Las Arenas (Vizcaya)."
Qi Spa,https://qispa.com/,SPA,,791 103 119,"Barakaldo, País Vasco","Ven a disfrutar de Qi Spa, el balneario urbano de Barakaldo."
Reserva Balnearios cerca de Alcoy Alicante para,https://www.ruralgia.com/balnearios-cerca-de-alcoy_(alicante),SPA,,994 384 067; 779 299 355; 982 076 112,"Alcoy, Comunidad Valenciana",Balnearios cerca de Alcoy (Alicante) ; Balneario de Villavieja ; Balneario.
Reydonsancho,https://www.reydonsancho.es/spa.html,SPA,,666 666 666,"Zamora, Castilla y León",Spa del Hotel Rey Don Sancho Zamora en Zamora.
Ritual Bienestar,https://www.ritualbienestar.es/,SPA,,957 450 372; 655 903 141,"Córdoba, Andalucía","Si buscas un centro de masaje y belleza natural en Córdoba, confía en nosotros."
S THAI Collection,https://www.sthai.es/,SPA,,944 247 772,"Bilbao, País Vasco",ART - TRADITION - SPA ART - TRADITION - SPA Un viaje a través de los sentidos Un viaje a través de los sentidos HAZ QUE EL TIEMPO SE DETENGA HAZ QUE EL TIEMPO SE DETENGA Evádete de
Santuario Wellness Spa Relajación en Abadía Retuerta,https://abadia-retuerta.com/santuario-wellness-spa/?srsltid=AU7gw4UGtJk3dhZ3Qc8HDmQrZDrKRqkoXNQ7jHBmamC2jjisKGyquYQd,SPA,,770 284 647; 790 690 526,"Valladolid, Castilla y León","Disfruta las instalaciones y tratamientos que tenemos en nuestro Santuario Wellness & Spa, dedicado a tu relajación y a tu equilibrio mental-físico."
Spa Capilar Premium en Tudela,https://jordanpeluqueriaspa.com/,SPA,,791 103 225; 791 103 226,"Tudela, Navarra","Jordan Peluquería & Spa, el centro capilar premium de Tudela."
Spa Capilar en Tudela,https://saraurzaiz.es/servicios/tratamientos-capilares-y-anticaida/spa-capilar/,SPA,,791 103 226; 791 103 227,"Tudela, Navarra","Spa capilar en Tudela Nuestro lavacabezas-spa, completamente reclinable, masajea todo tu cuerpo mientras disfrutas de un masaje craneo facial shiatsu."
Spa Hotel Ciudad de Teruel,https://www.spahotel.es/,SPA,,978 618 618; 786 190 160; 844 201 874,"Teruel, Aragón",Un hotel para todos con un magnífico Spa para adultos de más de 900m2.
Spa Ibiza Wellness,https://www.ibizagranhotel.com/spa-wellness,SPA,,971 806 806,"Ibiza, Illes Balears","Open Spa de Ibiza Gran Hotel es el más extenso santuario wellness de la isla con circuíto de hidroterapia, gimnasio y zona de rituales y tratamientos."
Spa Sevilla,https://alohacamp.com/es/s/spa-sevilla,SPA,,937 924 780; 898 247 490,"Sevilla, Andalucía",Descubre el mejor spa en Sevilla para disfrutar de un merecido descanso.
Spa en Elche. Tu Centro Spa Elche y belleza,https://depilattiaspa.es/spa-elche/,SPA,,644 843 082; 685 134 433; 966 099 382,"Elche, Comunidad Valenciana",Spa en Elche. Tu Centro Spa Elche y belleza.
Spa y Masajes en Getafe,https://zenspagetafe.com/,SPA,,791 103 087; 791 103 088; 791 103 089,"Getafe, Comunidad de Madrid","## Nuestro centro Zen Spa en Getafe En Zen Spa te cuidamos **desde 2007.** [Ver las instalaciones](https://zenspagetafe.com/centro) Hola, soy Fina."
Spaxión Pontevedra,https://www.ruralka.com/spa/spaxion-pontevedra/,SPA,,914 058 734; 735 576 433; 711 702 128,"Pontevedra, Galicia","Pontevedra se encuentra este centro de estética dedicado a la relajación, Spaxión Pontevedra | Ruralka - ¡Envío GRATIS!"
Templo de Bienestar Alcalá de Henares,https://www.templodebienestar.com/,SPA,,669 940 853,"Alcalá de Henares, Comunidad de Madrid","En Templo de Bienestar, ofrecemos masajes y cuidados que son auténticos viajes que trascienden la piel."
ULTREIA Masajes Belleza Fisioterapia Suelo Pélvico Embarazadas en Pamplona,https://ultreiabuencamino.com/?srsltid=AU7gw4Xas-nwtQlPMCgvy0MkYoZ5hG8J2Gbmt_ozdUsiN5QUiQFxcdlC,SPA,,948 045 401; 790 950 036; 717 870 018,"Pamplona, Navarra","Masaje, belleza, salud y bienestar desde 2012."
Vivianaluna,https://www.vivianaluna.com/estetica-en-alcorcon/spa-y-masajes,SPA,,915 482 231; 649 022 548,"Alcorcón, Comunidad de Madrid",Spa y masajes Descubre nuestros tratamientos de spa y masajes y siente la relajación y sus beneficios desde el primer instante.Spa y
Áurea Palacio de Correos en Logroño,https://www.eurostarshotels.com/aurea-palacio-de-correos/spa.html,SPA,,913 342 196; 936 169 996,"Logroño, La Rioja","Descubre lo que ofrece Logroño alojándote en Áurea Palacio de Correos, un espacio ideal pensado para ti, donde comodidad y ubicación se combinan."
Cartera de serveis,https://www.salutsantjoan.cat/ca/cartera-de-serveis/74/dermatologia,CLINICA DERMATOLOGIA,,977 310 300; 977 310 400,"Reus, Cataluña","El Servei de Dermatologia està format per un equip de 5 metges especialistes via MIR, personal d'infermeria i auxiliars que s'encarreguen de l'assistència i tractament de les malal"
Centro Médico Las Mercedes,https://centromedicolasmercedes.com/,CLINICA DERMATOLOGIA,,944 634 211,"Getxo, País Vasco","Centro Médico Las Mercedes | Las Arenas, Getxo (+34) 944 63 42 11 IMQ.es … 27 profesionales médicos."
Centro dermatológico en Tenerife con médicos expertos. CDerma.,https://cderma.es/,CLINICA DERMATOLOGIA,,687 307 692; 615 384 615; 692 307 692,"Tenerife, Canarias","Somos un centro dermatológico formado por dermatólogos vía MIR, especializados en dermatología clínica, estética, cirugía cutánea y tricología ofreciendo ..."
Centromedicodeasturias,https://www.centromedicodeasturias.com/dermatologia,CLINICA DERMATOLOGIA,,985 250 300,"Oviedo, Principado de Asturias",La piel es el mayor �rgano del cuerpo y el m�s visible.
Clinica Dermatologica Laser,https://www.caser.es/cuadro-medico-salud/centros/centro/cgdijzd-clinica-dermatologica-laser-ciudad-real,CLINICA DERMATOLOGIA,,926 225 580; 911 553 472; 902 011 111,"Ciudad Real, Castilla-La Mancha",Consulta la especialidad médicadermatologia del Clinica Dermatologica Laser en Ciudad Real
Clínica Dermatológica Internacional,https://www.clinicadermatologicainternacional.com/,CLINICA DERMATOLOGIA,,914 449 797,"Madrid, Comunidad de Madrid","La Clínica Dermatológica Internacional es el primer Hospital de la piel, líder europeo en láseres dermatológicos, tratamiento del cáncer de piel y dermatología estética."
Clínica Dermatológica Jaén,https://dermatologojaen.es/,CLINICA DERMATOLOGIA,,623 027 514; 782 387 112,"Jaén, Andalucía",Dermatología Médico Quirúrgica · Dermatología Médica.
Clínica Escudero,https://www.clinicadermatologicaescudero.com/,CLINICA DERMATOLOGIA,,965 306 408; 618 210 804; 824 450 429,"Orihuela, Comunidad Valenciana",Clínica Dermatologica Dr. Alberto Escudero - Orihuela
Clínica de Dermatología Hernández Romero,https://www.clinicahernandezromero.com/,CLINICA DERMATOLOGIA,,892 857 143; 695 241 935; 634 758 064,"Cáceres, Extremadura","Clínica Hernández Romero, dermatología personalizada con alta especialización en tratamientos láser, acné, tricología, dermatitis atópica y alergia cutánea."
DermaTenerife,https://dermatenerife.com/,CLINICA DERMATOLOGIA,,638 257 809; 922 151 539,"Tenerife, Canarias",DermaTenerife - Dermatología y Venereología
Dermathos,https://dermathosmallorca.com/,CLINICA DERMATOLOGIA,,971 483 535; 618 857 915; 761 944 007,"Palma, Illes Balears","Dermathos ## Nuestras Especialidades - Melasma Dermathos Dermathos Dermathos CLÍNICA DERMATOLÓGICA Porque conocer, curar y cuidar tu piel empieza por estar contigo cuando lo necesites."
Dermatologo Las Rozas,https://velazquezeguren.com/dermatologo-las-rozas,CLINICA DERMATOLOGIA,,666 563 184,"Las Rozas, Comunidad de Madrid",Dermatologo Las Rozas on Dermatóloga en Majadahonda | Velázquez & Eguren.
Dermatología Marbella dermatología oncológica cirugía cosmética,https://www.hcmarbella.com/es/servicios/dermatologia/,CLINICA DERMATOLOGIA,,952 908 628; 609 148 799; 952 908 898,"Marbella, Andalucía","Dermatología Marbella. Unidad especializada en el tratamiento de enfermedades de la piel como eczemas, dermatosis, melanomas."
Dermatología en Alcobendas,https://centromedicomilenium-alcobendas.sanitas.es/sanitas/centro_milenium/alcobendas/especialidades/adultos-pediatricas/dermatologia/index.html,CLINICA DERMATOLOGIA,,917 522 852,"Alcobendas, Comunidad de Madrid",Servicios de Dermatología en Centro Médico Milenium Alcobendas - Pide Cita en el 91 752 28 52
Dermatología en Chiclana,https://www.viamedsalud.com/hospital-bahia-de-cadiz/especialidad/dermatologia_113/,CLINICA DERMATOLOGIA,,999 999 999; 638 927 776,"Cádiz, Andalucía",Dermatología en el Hospital Viamed Bahía de Cádiz (Chiclana).
Dermatología en Córdoba,https://centromedicomilenium-cordoba.sanitas.es/sanitas/centro_milenium/cordoba/especialidades/adultos-y-pediatricas/dermatologia/index.html,CLINICA DERMATOLOGIA,,957 414 162,"Córdoba, Andalucía",Servicios de Dermatología en Centro Médico Milenium Córdoba - Pide Cita en el 957 41 41 62
Dermatología en Figueres profesionales,https://illadesalutfigueres.com/servicios/servicios-medicos/dermatologia/,CLINICA DERMATOLOGIA,,972 503 030; 683 579 143,"Figueres, Cataluña","¿Buscas un servicio de dermatología en Figueres? Confía en nuestros profesionales de dermatología en Figueres, ofreciendo grandes soluciones."
Dermatología en Guadalajara y Corredor del Henares,https://hospitallaantigua.com/especialidades-unidades-medicas/dermatologia/,CLINICA DERMATOLOGIA,,949 223 600,"Guadalajara, Castilla-La Mancha","Toda la información sobre Dermatología, dentro de las especialidades ofrecidas por el Hospital La Antigua"
Dermatología en Hospital Parque Tenerife,https://www.hospitalesparque.es/tenerife/servicios-medicos/especialidades/dermatologia,CLINICA DERMATOLOGIA,,922 274 400,"Tenerife, Canarias",Obtenga toda la información que necesita sobre Dermatología ofrecida en el Hospital Parque Tenerife - Santa Cruz de Tenerife
Dermatología en Murcia,https://centromedicomilenium-murcia.sanitas.es/sanitas/centro_milenium/murcia/especialidades/adultos-pediatricas/dermatologia/index.html,CLINICA DERMATOLOGIA,,917 522 852,"Murcia, Región de Murcia",Servicios de Dermatología en Centro Médico Milenium Murcia- Pide Cita en el 91 752 28 52
Dermatología en Valencia,https://centromedicomilenium-valencia.sanitas.es/sanitas/centro_milenium/valencia/especialidades/adultos-pediatricas/dermatologia/index.html,CLINICA DERMATOLOGIA,,917 522 852; 697 146 023,"Valencia, Comunidad Valenciana",Servicios de Dermatología en Centro Médico Milenium Valencia - Pide Cita en el 91 752 28 52
Dermatología en Zaragoza,https://centromedicomilenium-zaragoza.sanitas.es/sanitas/centro_milenium/zaragoza/especialidades/adultos-pediatricas/dermatologia/index.html,CLINICA DERMATOLOGIA,,917 522 852,"Zaragoza, Aragón",Servicios de Dermatología en Centro Médico Milenium Zaragoza - Pide Cita en el 91 752 28 52
Dermatología en el Hospital San Carlos Denia,https://www.hospitalsancarlos.es/dermatologia/,CLINICA DERMATOLOGIA,,965 781 550; 679 144 005; 699 613 796,"Dénia, Comunidad Valenciana",El servicio de Dermatología del hospital San Carlos ofrece tratamientos para el cuidado y prevención de enfermedades de la piel.
Dermatología médico-quirúrgica y Venereología,https://www.cmrn.cat/es/especialidades/360-dermatologia-medico-quirurgica-y-venereologia,CLINICA DERMATOLOGIA,,977 250 000; 977 249 999; 721 576 302,"Tarragona, Cataluña","La Dermatología es una especialidad médico-quirúrgica que se ocupa de la salud de la piel, de los anexos (clavos, pelo, sudor y glándulas sebáceas) y de las membranas mucosas (genital y oral)."
Dermatología y estética integral en Murcia,https://clinicainderma.com/,CLINICA DERMATOLOGIA,,648 138 573; 968 604 163,"Murcia, Región de Murcia",Expertos en dermatología médico-quirúrgica y estética.
Dermatóloga especialista,https://saramorenoderma.com/es/,CLINICA DERMATOLOGIA,,973 728 090,"Lleida, Cataluña","La Dra. Sara Moreno es especialista en el tratamiento y prevención de enfermedades de la piel, con especial interés y formación en el campo del acné, ..."
Dermatólogo Avelino González Dermatólogo Avelino González,https://dermatologoavelino.com/,CLINICA DERMATOLOGIA,,985 550 830,"Avilés, Principado de Asturias",Dr. Avelino González - Calle Palacio Valdés 23 CP:33402 - Avilés -Asturias 985 55 08 30
Dermatólogo en Burriana Castellón,https://www.clinicapla.com/otras-especialidades,CLINICA DERMATOLOGIA,,671 614 530,"Castellón, Comunidad Valenciana","Dermatología en Burriana: acné, alopecia, eccema, psoriasis, lunares y cáncer de piel."
Dermatólogo en Dénia,https://pglorieta.com/es/dermatologia/,CLINICA DERMATOLOGIA,,606 149 088; 965 278 800,"Dénia, Comunidad Valenciana","El dermatólogo se ocupa de todas las cuestiones médicas relacionadas con la piel, las uñas y el cabello."
Dermatólogo en Las Palmas,https://clinicajaimevilar.es/,CLINICA DERMATOLOGIA,,928 363 085; 619 620 858; 772 527 233,"Las Palmas, Canarias",Clínica de Dermatología y Estética con más de 20 años de experiencia ubicada en Las Palmas de Gran Canaria.
Dermatólogo en Marbella,https://hospitalochoa.com/es/especialidades/dermatologo-en-marbella/,CLINICA DERMATOLOGIA,,952 861 400,"Marbella, Andalucía","¿Busca el mejor dermatólogo en Marbella? En Hospital Ochoa tratamos acné, manchas y cáncer de piel con tecnología avanzada (láser, crioterapia)."
Dermatólogo en Málaga,https://doctorantonioburgos.com/dermatologo-malaga/,CLINICA DERMATOLOGIA,,951 101 415; 679 576 940; 788 999 373,"Málaga, Andalucía",Clínica dermatológica en Málaga. Dermatóloga Carmen Pérez.
Dermatólogos Privados En Madrid Madriderma Clínica Dermatologica WhatsApp,https://madriderma.com/?srsltid=AU7gw4Xp3LWHK9RJsgVISo64mL2Sj2oUXyLbLmtsqY167ddIcuh8YVIS,CLINICA DERMATOLOGIA,,673 537 795; 772 224 630; 790 752 836,"Madrid, Comunidad de Madrid",Madriderma Dermatologos Privados en Madrid.
Dermatólogos en Barakaldo,https://www.centromedicosantateresa.com/dermatologos-barakaldo/,CLINICA DERMATOLOGIA,,944 002 299; 790 610 163; 790 610 164,"Barakaldo, País Vasco","Somos dermatólogos en Barakaldo. Tratamos problemas dermatológicos de cabello, uñas y enfermedades venéreas."
Dermoclínica Burgos,https://dermoclinicaburgos.cl/,CLINICA DERMATOLOGIA,,699 879 521; 699 879 515; 681 468 348,"Burgos, Castilla y León",Somos la primer Clínica Dermatológica acreditada de Chile.
Docfav,https://www.docfav.com/centro/consulta-de-dermatologia-dr-abal-reus,CLINICA DERMATOLOGIA,,943 001 305,"Reus, Cataluña","CONSULTA DE DERMATOLOGIA DR. ABAL de Reus(Tarragona) ABAL Avenida Prat De La Riba, 7, 43201 (Tarragona) Dermatología CCN: 0943001305"
Dr. Cruces Prado,https://www.drcruces.es/,CLINICA DERMATOLOGIA,,986 882 896; 689 427 952,"Pontevedra, Galicia",Clínica dermatológica privada en Pontevedra.
Dr. Francisco Russo de la Torre,https://www.cirugiaderma.es/cirugiaderma/web/php/Dr.%20Russo.htm,CLINICA DERMATOLOGIA,,978 847 885,"Algeciras, Andalucía",Trabaja en su consulta privada de Dermatología en Algeciras desde 1996 hasta la actualidad.
Dra. Birgit Farthmann Dermatología Avanzada en Palencia,https://www.palenciaenlared.es/dra-birgit-farthmann-dermatologia-avanzada-en-palencia/,CLINICA DERMATOLOGIA,,979 106 000,"Palencia, Castilla y León",Dra. Birgit Farthmann | Dermatología integral y eliminación de tatuajes sin marcas Nueva consulta en Palencia: Experiencia y vocación La Dra.
Dra. Laura Sánchez Velicia,https://dermatologiavalladolid.es/,CLINICA DERMATOLOGIA,,983 208 400; 650 155 275; 981 280 483,"Valladolid, Castilla y León",Dermatóloga reconocida con más de 18 años de experiencia en dermatología.
Dra. Marta Frieyro Dermatología Marbella,https://frieyrodermatologiamarbella.com/,CLINICA DERMATOLOGIA,,748 267 398,"Marbella, Andalucía",Dra. Marta Frieyro Dermatología Marbella.
Dra. Sara Ibarbia,https://ibarbiadermatologia.com/,CLINICA DERMATOLOGIA,,636 029 762; 943 445 564; 790 141 659,"San Sebastián, País Vasco","Mi consulta se encuentra en la Calle Urdaneta 3, 1º D, en Donostia – San Sebastián."
Institut Clínic,https://www.institutclinic.com/,CLINICA DERMATOLOGIA,,977 311 150,"Reus, Cataluña",Institut Clínic Reus. Centre mèdic a Reus i Tarragona.
Instituto Médico López Obregón,https://institutomedicolopezobregon.com/,CLINICA DERMATOLOGIA,,636 215 572; 942 312 031; 870 197 706,"Santander, Cantabria","Bienvenido al Instituto Médico López Obregón, clínica dermatológica y medina estética."
LA CLÍNICA,https://gadeabraceras.com/la-clinica,CLINICA DERMATOLOGIA,,608 068 757,"San Sebastián, País Vasco",San SebastiánReserva tu cita. Reserva cita llamando al: 608 068 757.
Lorenzo J. Pérez García. Dermatólogo.,https://lorenzoperezdermatologo.com/,CLINICA DERMATOLOGIA,,967 231 443; 720 530 689; 651 970 809,"Albacete, Castilla-La Mancha",Dermatología Médico-Quirúrgica y Venereología.
Los 20 Dermatólogos más recomendados en Guadalajara,https://www.doctoralia.com.mx/dermatologo/guadalajara,CLINICA DERMATOLOGIA,,640 370 781,"Guadalajara, Castilla-La Mancha","Los dermatólogos más recomendados de Guadalajara: consulta opiniones, comprueba su disponibilidad y agenda online tu cita en segundos."
Miguel Casas Tineo Dermatólogo,https://miguelcasasdermatologo.com/,CLINICA DERMATOLOGIA,,621 270 121,"Oviedo, Principado de Asturias","C/ URÍA, 39 1º | OVIEDO SÓLO CITA PREVIA 621 27 01 21 · Empleamos tecnología alemana · LA PIEL NORMAL."
Oficinavirtual,https://oficinavirtual.mgc.es/es/cuadro-facultativo/plus/especialistas-poblacion/Manresa_0404/Dermatologia_16,CLINICA DERMATOLOGIA,,938 744 298; 932 003 656,"Manresa, Cataluña",Dermatología en Manresa … 16 08241 Manresa 93 874 42 98.
Policlínica Manresa Centre Mèdic,http://www.policlinicamanresa.com/inici-centre-medic-policlinica-especilaitats-mediques-metges-a-manresa-bages.html,CLINICA DERMATOLOGIA,,938 772 266,"Manresa, Cataluña",Més de 20 especialitats en constant evolució i un gran equip de professionals per oferir la millor assistència professional a Manresa.
Servicios de Dermatología,https://www.elcarmenclinica.com/servicios-medicos-guadalajara/dermatologia-guadalajara-servicios-clinicos/,CLINICA DERMATOLOGIA,,949 392 222,"Guadalajara, Castilla-La Mancha","949 39 2222. Si desea pedir su cita a través de la web, acuda a nuestra zona de CITA ONLINE."
Servicios de Dermatología en Alcalá de Henares,https://www.sanitas.es/seguros/cuadro-medico/madrid/alcala-de-henares/dermatologia,CLINICA DERMATOLOGIA,,917 210 587; 917 522 852; 933 623 449,"Alcalá de Henares, Comunidad de Madrid",Descubre los servicios de dermatólogos de Sanitas en Alcalá de Henares y las ventajas de su Cuadro Médico.
Unidad de Dermatología en Sevilla,https://centromedicomilenium-sevilla.sanitas.es/sanitas/centro_milenium/sevilla/especialidades/adultos-pediatricas/dermatologia/index.html,CLINICA DERMATOLOGIA,,955 141 410,"Sevilla, Andalucía",Servicios de Unidad de Dermatología en Centro Médico Milenium Sevilla - Pide Cita en el 955 14 14 10
clinaderm,https://www.clinaderm.es/,CLINICA DERMATOLOGIA,,638 593 800; 948 820 062,"Tudela, Navarra","Dermatología y Venereología. Servicios: -Dermatología y venereología, Dr Julio Pérez Pelegay Tfno: 638593800 948-820062 Avenida Zaragoza 50, 4oA Tudela."
AA Clinic,https://www.aaclinic.es/,CLINICA ESTETICA,,615 301 428; 988 210 201; 602 377 024,"Ourense, Galicia","AA Clinic, clínica de medicina estética y cirugía en Ourense."
Agape Medicina Estetica WhatsApp,https://agapemedicinaestetica.com/,CLINICA ESTETICA,,942 223 391; 925 714 794; 671 107 052,"Toledo, Castilla-La Mancha",Contacta con AGAPE Medicina Estética en Santander o Toledo.
Arrugas de expresión,https://www.lasermedik.com/arrugas-de-expresion/,CLINICA ESTETICA,,790 347 245; 685 445 619; 772 700 936,"Vitoria, País Vasco","Suaviza las arrugas de expresión: Tratamiento para las Arrugas de Expresión, consigue un rostro más relajado."
Botox,https://doctoreladiogarciahortelano.es/medicina-estetica/estetica-facial/botox/,CLINICA ESTETICA,,957 477 147; 618 968 041,"Córdoba, Andalucía","El bótox es, junto al ácido hialurónico, el tratamiento estrella en el rejuvenecimiento facial mínimamente invasivo."
Botox Bilbao Precio 280 2026 Eliminar Arrugas Frente.,https://www.clinicafacial10bilbao.es/neuromoduladores-pais-vasco-tratamiento/,CLINICA ESTETICA,,944 256 452,"Bilbao, País Vasco",Precio tercio superior completo 280€. Botox en Bilbao.
Botox en Cartagena Rejuvenecimiento Facial Seguro,https://drjorgevives.com/botox-cartagena/,CLINICA ESTETICA,,772 502 979; 789 844 075; 791 055 130,"Cartagena, Región de Murcia",Reduce arrugas y rejuvenece tu rostro con Botox en Cartagena.
Botox en Logroño,https://www.gabinetedemedicinaestetica.com/portfolio-view/botox/,CLINICA ESTETICA,,941 252 784,"Logroño, La Rioja",Botox en Logroño - Gabinete de Medicina Estética
Bótox Clínica Casas,https://www.clinicacasas.com/botox,CLINICA ESTETICA,,987 253 363; 987 215 878; 671 956 267,"León, Castilla y León",Tratamiento con Bótox para arrugas de expresión sin cicatrices ni inflamaión
Bótox en Las Palmas de Gran Canaria,https://www.drapozaguedes.com/botox-las-palmas/,CLINICA ESTETICA,,828 073 442,"Las Palmas, Canarias","El Bótox, o toxina botulínica es uno de los principales tratamientos de Medicina Estética para disminuir las arrugas de expresión."
Centro de Estética Alcorcón Mar Ferrera,https://marferrera.com/,CLINICA ESTETICA,,647 916 989,"Alcorcón, Comunidad de Madrid","Descubre Mar Ferrera, tu centro de estética avanzada en Alcorcón."
Centro de Estética en Madrid,https://felicidadcarrera.com/,CLINICA ESTETICA,,914 351 724; 857 142 857; 642 857 142,"Madrid, Comunidad de Madrid",Descubre los tratamientos faciales y corporales más avanzados en Madrid.
Centro de Estética en Móstoles desde 2008,https://clinicaesteticavanzada.es/,CLINICA ESTETICA,,628 998 493; 790 790 732,"Móstoles, Comunidad de Madrid",Centro de estética en Móstoles desde 2008.
